date,usage,dollars,type
12:00AM 18 August 2025,4.06 kWh,$0.74,actual
01:00AM 18 August 2025,4.05 kWh,$0.74,actual
02:00AM 18 August 2025,4.09 kWh,$0.74,actual
03:00AM 18 August 2025,3.33 kWh,$0.62,actual
04:00AM 18 August 2025,1.26 kWh,$0.27,actual
05:00AM 18 August 2025,1.36 kWh,$0.28,actual
06:00AM 18 August 2025,1.89 kWh,$0.37,actual
07:00AM 18 August 2025,2.64 kWh,$0.76,actual
08:00AM 18 August 2025,1.95 kWh,$0.58,actual
09:00AM 18 August 2025,0.34 kWh,$0.15,actual
10:00AM 18 August 2025,0.58 kWh,$0.21,actual
11:00AM 18 August 2025,1.54 kWh,$0.47,actual
12:00PM 18 August 2025,2.07 kWh,$0.61,actual
01:00PM 18 August 2025,1.59 kWh,$0.48,actual
02:00PM 18 August 2025,0.57 kWh,$0.21,actual
03:00PM 18 August 2025,0.86 kWh,$0.29,actual
04:00PM 18 August 2025,1.16 kWh,$0.37,actual
05:00PM 18 August 2025,4.39 kWh,$1.23,actual
06:00PM 18 August 2025,3.80 kWh,$1.08,actual
07:00PM 18 August 2025,3.48 kWh,$0.99,actual
08:00PM 18 August 2025,3.87 kWh,$1.09,actual
09:00PM 18 August 2025,4.31 kWh,$0.78,actual
10:00PM 18 August 2025,3.31 kWh,$0.61,actual
11:00PM 18 August 2025,2.76 kWh,$0.52,actual
12:00AM 19 August 2025,3.98 kWh,$0.72,actual
01:00AM 19 August 2025,4.05 kWh,$0.74,actual
02:00AM 19 August 2025,4.03 kWh,$0.73,actual
03:00AM 19 August 2025,2.77 kWh,$0.52,actual
04:00AM 19 August 2025,1.37 kWh,$0.29,actual
05:00AM 19 August 2025,1.25 kWh,$0.27,actual
06:00AM 19 August 2025,1.79 kWh,$0.36,actual
07:00AM 19 August 2025,2.28 kWh,$0.67,actual
08:00AM 19 August 2025,1.72 kWh,$0.52,actual
09:00AM 19 August 2025,0.49 kWh,$0.19,actual
10:00AM 19 August 2025,1.87 kWh,$0.56,actual
11:00AM 19 August 2025,1.49 kWh,$0.46,actual
12:00PM 19 August 2025,2.27 kWh,$0.66,actual
01:00PM 19 August 2025,2.95 kWh,$0.85,actual
02:00PM 19 August 2025,2.19 kWh,$0.64,actual
03:00PM 19 August 2025,1.41 kWh,$0.43,actual
04:00PM 19 August 2025,1.63 kWh,$0.49,actual
05:00PM 19 August 2025,3.58 kWh,$1.02,actual
06:00PM 19 August 2025,3.92 kWh,$1.11,actual
07:00PM 19 August 2025,2.57 kWh,$0.74,actual
08:00PM 19 August 2025,2.98 kWh,$0.86,actual
09:00PM 19 August 2025,4.80 kWh,$0.86,actual
10:00PM 19 August 2025,3.04 kWh,$0.57,actual
11:00PM 19 August 2025,3.99 kWh,$0.73,actual
12:00AM 20 August 2025,4.36 kWh,$0.79,actual
01:00AM 20 August 2025,4.34 kWh,$0.79,actual
02:00AM 20 August 2025,2.38 kWh,$0.46,actual
03:00AM 20 August 2025,1.50 kWh,$0.31,actual
04:00AM 20 August 2025,1.50 kWh,$0.31,actual
05:00AM 20 August 2025,1.44 kWh,$0.30,actual
06:00AM 20 August 2025,1.30 kWh,$0.27,actual
07:00AM 20 August 2025,1.83 kWh,$0.55,actual
08:00AM 20 August 2025,1.84 kWh,$0.55,actual
09:00AM 20 August 2025,1.88 kWh,$0.56,actual
10:00AM 20 August 2025,1.99 kWh,$0.59,actual
11:00AM 20 August 2025,1.46 kWh,$0.45,actual
12:00PM 20 August 2025,0.29 kWh,$0.13,actual
01:00PM 20 August 2025,0.89 kWh,$0.29,actual
02:00PM 20 August 2025,2.05 kWh,$0.61,actual
03:00PM 20 August 2025,1.16 kWh,$0.37,actual
04:00PM 20 August 2025,1.81 kWh,$0.54,actual
05:00PM 20 August 2025,3.05 kWh,$0.87,actual
06:00PM 20 August 2025,3.95 kWh,$1.11,actual
07:00PM 20 August 2025,2.05 kWh,$0.61,actual
08:00PM 20 August 2025,1.50 kWh,$0.46,actual
09:00PM 20 August 2025,3.47 kWh,$0.64,actual
10:00PM 20 August 2025,2.74 kWh,$0.52,actual
11:00PM 20 August 2025,2.97 kWh,$0.56,actual
12:00AM 21 August 2025,4.06 kWh,$0.74,actual
01:00AM 21 August 2025,4.03 kWh,$0.73,actual
02:00AM 21 August 2025,4.00 kWh,$0.73,actual
03:00AM 21 August 2025,4.01 kWh,$0.73,actual
04:00AM 21 August 2025,4.13 kWh,$0.75,actual
05:00AM 21 August 2025,2.11 kWh,$0.41,actual
06:00AM 21 August 2025,2.60 kWh,$0.49,actual
07:00AM 21 August 2025,1.94 kWh,$0.57,actual
08:00AM 21 August 2025,1.81 kWh,$0.54,actual
09:00AM 21 August 2025,2.02 kWh,$0.60,actual
10:00AM 21 August 2025,1.51 kWh,$0.46,actual
11:00AM 21 August 2025,1.84 kWh,$0.55,actual
12:00PM 21 August 2025,2.08 kWh,$0.61,actual
01:00PM 21 August 2025,0.66 kWh,$0.23,actual
02:00PM 21 August 2025,0.39 kWh,$0.16,actual
03:00PM 21 August 2025,1.60 kWh,$0.48,actual
04:00PM 21 August 2025,2.56 kWh,$0.74,actual
05:00PM 21 August 2025,3.31 kWh,$0.94,actual
06:00PM 21 August 2025,3.60 kWh,$1.02,actual
07:00PM 21 August 2025,3.39 kWh,$0.97,actual
08:00PM 21 August 2025,3.96 kWh,$1.12,actual
09:00PM 21 August 2025,3.67 kWh,$0.67,actual
10:00PM 21 August 2025,2.93 kWh,$0.55,actual
11:00PM 21 August 2025,3.18 kWh,$0.59,actual
12:00AM 22 August 2025,4.08 kWh,$0.74,actual
01:00AM 22 August 2025,4.05 kWh,$0.74,actual
02:00AM 22 August 2025,4.08 kWh,$0.74,actual
03:00AM 22 August 2025,4.06 kWh,$0.74,actual
04:00AM 22 August 2025,4.21 kWh,$0.76,actual
05:00AM 22 August 2025,1.77 kWh,$0.35,actual
06:00AM 22 August 2025,2.62 kWh,$0.50,actual
07:00AM 22 August 2025,3.41 kWh,$0.97,actual
08:00AM 22 August 2025,4.02 kWh,$1.13,actual
09:00AM 22 August 2025,0.94 kWh,$0.31,actual
10:00AM 22 August 2025,1.79 kWh,$0.54,actual
11:00AM 22 August 2025,0.72 kWh,$0.25,actual
12:00PM 22 August 2025,0.73 kWh,$0.25,actual
01:00PM 22 August 2025,0.33 kWh,$0.15,actual
02:00PM 22 August 2025,0.33 kWh,$0.14,actual
03:00PM 22 August 2025,0.55 kWh,$0.20,actual
04:00PM 22 August 2025,0.95 kWh,$0.31,actual
05:00PM 22 August 2025,1.20 kWh,$0.38,actual
06:00PM 22 August 2025,4.14 kWh,$1.17,actual
07:00PM 22 August 2025,3.49 kWh,$0.99,actual
08:00PM 22 August 2025,3.37 kWh,$0.96,actual
09:00PM 22 August 2025,4.21 kWh,$0.76,actual
10:00PM 22 August 2025,1.81 kWh,$0.36,actual
11:00PM 22 August 2025,2.14 kWh,$0.42,actual
12:00AM 23 August 2025,3.56 kWh,$0.65,actual
01:00AM 23 August 2025,3.57 kWh,$0.66,actual
02:00AM 23 August 2025,2.55 kWh,$0.48,actual
03:00AM 23 August 2025,1.23 kWh,$0.26,actual
04:00AM 23 August 2025,0.31 kWh,$0.11,actual
05:00AM 23 August 2025,0.76 kWh,$0.18,actual
06:00AM 23 August 2025,0.32 kWh,$0.11,actual
07:00AM 23 August 2025,1.92 kWh,$0.57,actual
08:00AM 23 August 2025,3.13 kWh,$0.89,actual
09:00AM 23 August 2025,1.88 kWh,$0.56,actual
10:00AM 23 August 2025,2.20 kWh,$0.64,actual
11:00AM 23 August 2025,0.75 kWh,$0.26,actual
12:00PM 23 August 2025,1.17 kWh,$0.37,actual
01:00PM 23 August 2025,0.63 kWh,$0.23,actual
02:00PM 23 August 2025,0.44 kWh,$0.17,actual
03:00PM 23 August 2025,0.81 kWh,$0.27,actual
04:00PM 23 August 2025,1.19 kWh,$0.37,actual
05:00PM 23 August 2025,2.55 kWh,$0.74,actual
06:00PM 23 August 2025,4.03 kWh,$1.14,actual
07:00PM 23 August 2025,2.65 kWh,$0.77,actual
08:00PM 23 August 2025,2.88 kWh,$0.83,actual
09:00PM 23 August 2025,3.94 kWh,$0.72,actual
10:00PM 23 August 2025,3.57 kWh,$0.66,actual
11:00PM 23 August 2025,3.53 kWh,$0.65,actual
12:00AM 24 August 2025,4.50 kWh,$0.81,actual
01:00AM 24 August 2025,4.19 kWh,$0.76,actual
02:00AM 24 August 2025,4.24 kWh,$0.77,actual
03:00AM 24 August 2025,4.21 kWh,$0.76,actual
04:00AM 24 August 2025,4.24 kWh,$0.77,actual
05:00AM 24 August 2025,2.12 kWh,$0.41,actual
06:00AM 24 August 2025,1.71 kWh,$0.34,actual
07:00AM 24 August 2025,3.08 kWh,$0.88,actual
08:00AM 24 August 2025,1.68 kWh,$0.51,actual
09:00AM 24 August 2025,2.52 kWh,$0.73,actual
10:00AM 24 August 2025,3.89 kWh,$1.10,actual
11:00AM 24 August 2025,3.42 kWh,$0.97,actual
12:00PM 24 August 2025,0.88 kWh,$0.29,actual
01:00PM 24 August 2025,0.77 kWh,$0.26,actual
02:00PM 24 August 2025,0.55 kWh,$0.20,actual
03:00PM 24 August 2025,1.12 kWh,$0.36,actual
04:00PM 24 August 2025,2.50 kWh,$0.73,actual
05:00PM 24 August 2025,3.13 kWh,$0.90,actual
06:00PM 24 August 2025,4.14 kWh,$1.17,actual
07:00PM 24 August 2025,2.12 kWh,$0.62,actual
08:00PM 24 August 2025,2.79 kWh,$0.80,actual
09:00PM 24 August 2025,3.77 kWh,$0.69,actual
10:00PM 24 August 2025,3.90 kWh,$0.71,actual
11:00PM 24 August 2025,4.52 kWh,$0.82,actual
12:00AM 25 August 2025,4.62 kWh,$0.83,actual
01:00AM 25 August 2025,4.39 kWh,$0.79,actual
02:00AM 25 August 2025,4.51 kWh,$0.81,actual
03:00AM 25 August 2025,3.05 kWh,$0.57,actual
04:00AM 25 August 2025,1.89 kWh,$0.37,actual
05:00AM 25 August 2025,1.37 kWh,$0.29,actual
06:00AM 25 August 2025,2.88 kWh,$0.54,actual
07:00AM 25 August 2025,2.92 kWh,$0.84,actual
08:00AM 25 August 2025,1.74 kWh,$0.52,actual
09:00AM 25 August 2025,1.25 kWh,$0.39,actual
10:00AM 25 August 2025,1.68 kWh,$0.51,actual
11:00AM 25 August 2025,1.06 kWh,$0.34,actual
12:00PM 25 August 2025,1.46 kWh,$0.45,actual
01:00PM 25 August 2025,0.48 kWh,$0.18,actual
02:00PM 25 August 2025,0.57 kWh,$0.21,actual
03:00PM 25 August 2025,1.75 kWh,$0.52,actual
04:00PM 25 August 2025,1.07 kWh,$0.34,actual
05:00PM 25 August 2025,3.62 kWh,$1.03,actual
06:00PM 25 August 2025,4.90 kWh,$1.37,actual
07:00PM 25 August 2025,3.77 kWh,$1.07,actual
08:00PM 25 August 2025,2.89 kWh,$0.83,actual
09:00PM 25 August 2025,3.98 kWh,$0.72,actual
10:00PM 25 August 2025,2.54 kWh,$0.48,actual
11:00PM 25 August 2025,3.19 kWh,$0.59,actual
12:00AM 26 August 2025,4.45 kWh,$0.80,actual
01:00AM 26 August 2025,4.46 kWh,$0.80,actual
02:00AM 26 August 2025,4.37 kWh,$0.79,actual
03:00AM 26 August 2025,4.30 kWh,$0.78,actual
04:00AM 26 August 2025,1.98 kWh,$0.39,actual
05:00AM 26 August 2025,1.77 kWh,$0.35,actual
06:00AM 26 August 2025,2.07 kWh,$0.40,actual
07:00AM 26 August 2025,2.14 kWh,$0.63,actual
08:00AM 26 August 2025,1.61 kWh,$0.49,actual
09:00AM 26 August 2025,0.51 kWh,$0.19,actual
10:00AM 26 August 2025,0.88 kWh,$0.29,actual
11:00AM 26 August 2025,0.98 kWh,$0.32,actual
12:00PM 26 August 2025,2.21 kWh,$0.65,actual
01:00PM 26 August 2025,1.39 kWh,$0.43,actual
02:00PM 26 August 2025,0.97 kWh,$0.32,actual
03:00PM 26 August 2025,0.42 kWh,$0.17,actual
04:00PM 26 August 2025,1.11 kWh,$0.35,actual
05:00PM 26 August 2025,1.30 kWh,$0.40,actual
06:00PM 26 August 2025,3.55 kWh,$1.01,actual
07:00PM 26 August 2025,2.82 kWh,$0.81,actual
08:00PM 26 August 2025,3.05 kWh,$0.87,actual
09:00PM 26 August 2025,3.65 kWh,$0.67,actual
10:00PM 26 August 2025,2.35 kWh,$0.45,actual
11:00PM 26 August 2025,3.09 kWh,$0.58,actual
12:00AM 27 August 2025,4.30 kWh,$0.78,actual
01:00AM 27 August 2025,4.28 kWh,$0.78,actual
02:00AM 27 August 2025,3.46 kWh,$0.64,actual
03:00AM 27 August 2025,1.42 kWh,$0.29,actual
04:00AM 27 August 2025,1.44 kWh,$0.30,actual
05:00AM 27 August 2025,1.49 kWh,$0.31,actual
06:00AM 27 August 2025,1.65 kWh,$0.33,actual
07:00AM 27 August 2025,1.88 kWh,$0.56,actual
08:00AM 27 August 2025,1.20 kWh,$0.38,actual
09:00AM 27 August 2025,1.50 kWh,$0.46,actual
10:00AM 27 August 2025,0.68 kWh,$0.24,actual
11:00AM 27 August 2025,0.44 kWh,$0.17,actual
12:00PM 27 August 2025,0.98 kWh,$0.32,actual
01:00PM 27 August 2025,1.40 kWh,$0.43,actual
02:00PM 27 August 2025,0.58 kWh,$0.21,actual
03:00PM 27 August 2025,0.75 kWh,$0.26,actual
04:00PM 27 August 2025,1.28 kWh,$0.40,actual
05:00PM 27 August 2025,3.54 kWh,$1.00,actual
06:00PM 27 August 2025,3.30 kWh,$0.94,actual
07:00PM 27 August 2025,2.02 kWh,$0.60,actual
08:00PM 27 August 2025,2.41 kWh,$0.70,actual
09:00PM 27 August 2025,3.34 kWh,$0.62,actual
10:00PM 27 August 2025,2.76 kWh,$0.52,actual
11:00PM 27 August 2025,3.19 kWh,$0.59,actual
12:00AM 28 August 2025,4.19 kWh,$0.76,actual
01:00AM 28 August 2025,4.28 kWh,$0.77,actual
02:00AM 28 August 2025,4.27 kWh,$0.77,actual
03:00AM 28 August 2025,4.14 kWh,$0.75,actual
04:00AM 28 August 2025,1.32 kWh,$0.28,actual
05:00AM 28 August 2025,1.49 kWh,$0.31,actual
06:00AM 28 August 2025,1.89 kWh,$0.37,actual
07:00AM 28 August 2025,1.70 kWh,$0.51,actual
08:00AM 28 August 2025,1.43 kWh,$0.44,actual
09:00AM 28 August 2025,0.36 kWh,$0.15,actual
10:00AM 28 August 2025,0.47 kWh,$0.18,actual
11:00AM 28 August 2025,1.20 kWh,$0.38,actual
12:00PM 28 August 2025,1.67 kWh,$0.50,actual
01:00PM 28 August 2025,0.58 kWh,$0.21,actual
02:00PM 28 August 2025,0.39 kWh,$0.16,actual
03:00PM 28 August 2025,0.73 kWh,$0.25,actual
04:00PM 28 August 2025,0.64 kWh,$0.23,actual
05:00PM 28 August 2025,0.99 kWh,$0.32,actual
06:00PM 28 August 2025,2.59 kWh,$0.75,actual
07:00PM 28 August 2025,2.17 kWh,$0.64,actual
08:00PM 28 August 2025,1.77 kWh,$0.53,actual
09:00PM 28 August 2025,2.91 kWh,$0.54,actual
10:00PM 28 August 2025,2.64 kWh,$0.50,actual
11:00PM 28 August 2025,3.69 kWh,$0.68,actual
12:00AM 29 August 2025,4.56 kWh,$0.82,actual
01:00AM 29 August 2025,4.46 kWh,$0.81,actual
02:00AM 29 August 2025,2.80 kWh,$0.53,actual
03:00AM 29 August 2025,1.85 kWh,$0.37,actual
04:00AM 29 August 2025,1.38 kWh,$0.29,actual
05:00AM 29 August 2025,1.76 kWh,$0.35,actual
06:00AM 29 August 2025,2.20 kWh,$0.43,actual
07:00AM 29 August 2025,1.46 kWh,$0.45,actual
08:00AM 29 August 2025,1.64 kWh,$0.49,actual
09:00AM 29 August 2025,1.05 kWh,$0.34,actual
10:00AM 29 August 2025,0.41 kWh,$0.16,actual
11:00AM 29 August 2025,0.35 kWh,$0.15,actual
12:00PM 29 August 2025,1.78 kWh,$0.53,actual
01:00PM 29 August 2025,1.37 kWh,$0.42,actual
02:00PM 29 August 2025,0.37 kWh,$0.15,actual
03:00PM 29 August 2025,0.36 kWh,$0.15,actual
04:00PM 29 August 2025,0.71 kWh,$0.25,actual
05:00PM 29 August 2025,2.25 kWh,$0.66,actual
06:00PM 29 August 2025,2.39 kWh,$0.70,actual
07:00PM 29 August 2025,2.92 kWh,$0.84,actual
08:00PM 29 August 2025,1.98 kWh,$0.59,actual
09:00PM 29 August 2025,2.57 kWh,$0.49,actual
10:00PM 29 August 2025,1.90 kWh,$0.38,actual
11:00PM 29 August 2025,2.83 kWh,$0.53,actual
12:00AM 30 August 2025,4.13 kWh,$0.75,actual
01:00AM 30 August 2025,4.13 kWh,$0.75,actual
02:00AM 30 August 2025,4.13 kWh,$0.75,actual
03:00AM 30 August 2025,1.92 kWh,$0.38,actual
04:00AM 30 August 2025,1.33 kWh,$0.28,actual
05:00AM 30 August 2025,1.36 kWh,$0.28,actual
06:00AM 30 August 2025,1.58 kWh,$0.32,actual
07:00AM 30 August 2025,2.07 kWh,$0.61,actual
08:00AM 30 August 2025,1.86 kWh,$0.55,actual
09:00AM 30 August 2025,1.90 kWh,$0.57,actual
10:00AM 30 August 2025,0.75 kWh,$0.26,actual
11:00AM 30 August 2025,1.15 kWh,$0.36,actual
12:00PM 30 August 2025,0.83 kWh,$0.28,actual
01:00PM 30 August 2025,0.73 kWh,$0.25,actual
02:00PM 30 August 2025,0.59 kWh,$0.21,actual
03:00PM 30 August 2025,0.58 kWh,$0.21,actual
04:00PM 30 August 2025,0.99 kWh,$0.32,actual
05:00PM 30 August 2025,3.08 kWh,$0.88,actual
06:00PM 30 August 2025,2.63 kWh,$0.76,actual
07:00PM 30 August 2025,2.25 kWh,$0.66,actual
08:00PM 30 August 2025,1.95 kWh,$0.58,actual
09:00PM 30 August 2025,3.71 kWh,$0.68,actual
10:00PM 30 August 2025,2.17 kWh,$0.42,actual
11:00PM 30 August 2025,2.96 kWh,$0.55,actual
12:00AM 31 August 2025,4.04 kWh,$0.73,actual
01:00AM 31 August 2025,4.12 kWh,$0.75,actual
02:00AM 31 August 2025,4.01 kWh,$0.73,actual
03:00AM 31 August 2025,4.03 kWh,$0.73,actual
04:00AM 31 August 2025,1.24 kWh,$0.26,actual
05:00AM 31 August 2025,1.20 kWh,$0.26,actual
06:00AM 31 August 2025,1.22 kWh,$0.26,actual
07:00AM 31 August 2025,2.06 kWh,$0.61,actual
08:00AM 31 August 2025,1.83 kWh,$0.55,actual
09:00AM 31 August 2025,0.44 kWh,$0.17,actual
10:00AM 31 August 2025,1.20 kWh,$0.38,actual
11:00AM 31 August 2025,1.18 kWh,$0.37,actual
12:00PM 31 August 2025,2.01 kWh,$0.59,actual
01:00PM 31 August 2025,0.56 kWh,$0.21,actual
02:00PM 31 August 2025,0.38 kWh,$0.16,actual
03:00PM 31 August 2025,1.76 kWh,$0.53,actual
04:00PM 31 August 2025,1.02 kWh,$0.33,actual
05:00PM 31 August 2025,1.94 kWh,$0.58,actual
06:00PM 31 August 2025,4.40 kWh,$1.23,actual
07:00PM 31 August 2025,3.27 kWh,$0.93,actual
08:00PM 31 August 2025,3.81 kWh,$1.08,actual
09:00PM 31 August 2025,4.24 kWh,$0.77,actual
10:00PM 31 August 2025,3.80 kWh,$0.69,actual
11:00PM 31 August 2025,3.36 kWh,$0.62,actual
12:00AM 1 September 2025,4.37 kWh,$0.79,actual
01:00AM 1 September 2025,4.43 kWh,$0.80,actual
02:00AM 1 September 2025,4.42 kWh,$0.80,actual
03:00AM 1 September 2025,4.52 kWh,$0.81,actual
04:00AM 1 September 2025,2.88 kWh,$0.54,actual
05:00AM 1 September 2025,2.06 kWh,$0.40,actual
06:00AM 1 September 2025,2.81 kWh,$0.53,actual
07:00AM 1 September 2025,1.56 kWh,$0.47,actual
08:00AM 1 September 2025,1.67 kWh,$0.50,actual
09:00AM 1 September 2025,0.43 kWh,$0.17,actual
10:00AM 1 September 2025,0.44 kWh,$0.17,actual
11:00AM 1 September 2025,1.36 kWh,$0.42,actual
12:00PM 1 September 2025,1.39 kWh,$0.43,actual
01:00PM 1 September 2025,1.23 kWh,$0.38,actual
02:00PM 1 September 2025,1.14 kWh,$0.36,actual
03:00PM 1 September 2025,1.89 kWh,$0.56,actual
04:00PM 1 September 2025,1.04 kWh,$0.34,actual
05:00PM 1 September 2025,3.69 kWh,$1.04,actual
06:00PM 1 September 2025,3.64 kWh,$1.03,actual
07:00PM 1 September 2025,2.37 kWh,$0.69,actual
08:00PM 1 September 2025,2.76 kWh,$0.79,actual
09:00PM 1 September 2025,3.21 kWh,$0.60,actual
10:00PM 1 September 2025,2.66 kWh,$0.50,actual
11:00PM 1 September 2025,3.48 kWh,$0.64,actual
12:00AM 2 September 2025,4.54 kWh,$0.82,actual
01:00AM 2 September 2025,4.65 kWh,$0.84,actual
02:00AM 2 September 2025,2.71 kWh,$0.51,actual
03:00AM 2 September 2025,2.24 kWh,$0.43,actual
04:00AM 2 September 2025,1.79 kWh,$0.36,actual
05:00AM 2 September 2025,1.54 kWh,$0.31,actual
06:00AM 2 September 2025,2.45 kWh,$0.47,actual
07:00AM 2 September 2025,1.76 kWh,$0.53,actual
08:00AM 2 September 2025,1.82 kWh,$0.54,actual
09:00AM 2 September 2025,0.51 kWh,$0.19,actual
10:00AM 2 September 2025,0.66 kWh,$0.23,actual
11:00AM 2 September 2025,0.54 kWh,$0.20,actual
12:00PM 2 September 2025,1.33 kWh,$0.41,actual
01:00PM 2 September 2025,1.92 kWh,$0.57,actual
02:00PM 2 September 2025,0.62 kWh,$0.22,actual
03:00PM 2 September 2025,1.29 kWh,$0.40,actual
04:00PM 2 September 2025,1.35 kWh,$0.42,actual
05:00PM 2 September 2025,2.96 kWh,$0.85,actual
06:00PM 2 September 2025,4.79 kWh,$1.34,actual
07:00PM 2 September 2025,2.75 kWh,$0.79,actual
08:00PM 2 September 2025,2.44 kWh,$0.71,actual
09:00PM 2 September 2025,3.33 kWh,$0.62,actual
10:00PM 2 September 2025,2.76 kWh,$0.52,actual
11:00PM 2 September 2025,3.42 kWh,$0.63,actual
12:00AM 3 September 2025,4.61 kWh,$0.83,actual
01:00AM 3 September 2025,4.54 kWh,$0.82,actual
02:00AM 3 September 2025,4.61 kWh,$0.83,actual
03:00AM 3 September 2025,3.18 kWh,$0.59,actual
04:00AM 3 September 2025,1.85 kWh,$0.37,actual
05:00AM 3 September 2025,2.01 kWh,$0.39,actual
06:00AM 3 September 2025,2.74 kWh,$0.52,actual
07:00AM 3 September 2025,2.67 kWh,$0.77,actual
08:00AM 3 September 2025,1.69 kWh,$0.51,actual
09:00AM 3 September 2025,1.92 kWh,$0.57,actual
10:00AM 3 September 2025,0.90 kWh,$0.30,actual
11:00AM 3 September 2025,0.77 kWh,$0.26,actual
12:00PM 3 September 2025,0.92 kWh,$0.30,actual
01:00PM 3 September 2025,1.38 kWh,$0.43,actual
02:00PM 3 September 2025,0.45 kWh,$0.18,actual
03:00PM 3 September 2025,0.61 kWh,$0.22,actual
04:00PM 3 September 2025,1.20 kWh,$0.38,actual
05:00PM 3 September 2025,3.08 kWh,$0.88,actual
06:00PM 3 September 2025,3.15 kWh,$0.90,actual
07:00PM 3 September 2025,3.62 kWh,$1.03,actual
08:00PM 3 September 2025,3.15 kWh,$0.90,actual
09:00PM 3 September 2025,3.71 kWh,$0.68,actual
10:00PM 3 September 2025,3.75 kWh,$0.69,actual
11:00PM 3 September 2025,4.20 kWh,$0.76,actual
12:00AM 4 September 2025,5.10 kWh,$0.91,actual
01:00AM 4 September 2025,5.18 kWh,$0.93,actual
02:00AM 4 September 2025,4.63 kWh,$0.83,actual
03:00AM 4 September 2025,2.52 kWh,$0.48,actual
04:00AM 4 September 2025,1.22 kWh,$0.26,actual
05:00AM 4 September 2025,1.24 kWh,$0.26,actual
06:00AM 4 September 2025,2.69 kWh,$0.51,actual
07:00AM 4 September 2025,1.47 kWh,$0.45,actual
08:00AM 4 September 2025,1.56 kWh,$0.47,actual
09:00AM 4 September 2025,0.39 kWh,$0.16,actual
10:00AM 4 September 2025,0.35 kWh,$0.15,actual
11:00AM 4 September 2025,1.43 kWh,$0.44,actual
12:00PM 4 September 2025,0.69 kWh,$0.24,actual
01:00PM 4 September 2025,0.44 kWh,$0.17,actual
02:00PM 4 September 2025,0.54 kWh,$0.20,actual
03:00PM 4 September 2025,0.82 kWh,$0.28,actual
04:00PM 4 September 2025,1.15 kWh,$0.36,actual
05:00PM 4 September 2025,1.39 kWh,$0.43,actual
06:00PM 4 September 2025,3.30 kWh,$0.94,actual
07:00PM 4 September 2025,1.44 kWh,$0.44,actual
08:00PM 4 September 2025,1.95 kWh,$0.58,actual
09:00PM 4 September 2025,2.39 kWh,$0.46,actual
10:00PM 4 September 2025,1.90 kWh,$0.38,actual
11:00PM 4 September 2025,2.98 kWh,$0.56,actual
12:00AM 5 September 2025,4.16 kWh,$0.76,actual
01:00AM 5 September 2025,4.20 kWh,$0.76,actual
02:00AM 5 September 2025,4.19 kWh,$0.76,actual
03:00AM 5 September 2025,2.81 kWh,$0.53,actual
04:00AM 5 September 2025,1.02 kWh,$0.23,actual
05:00AM 5 September 2025,1.28 kWh,$0.27,actual
06:00AM 5 September 2025,1.29 kWh,$0.27,actual
07:00AM 5 September 2025,1.01 kWh,$0.33,actual
08:00AM 5 September 2025,2.02 kWh,$0.60,actual
09:00AM 5 September 2025,0.61 kWh,$0.22,actual
10:00AM 5 September 2025,1.27 kWh,$0.40,actual
11:00AM 5 September 2025,1.43 kWh,$0.44,actual
12:00PM 5 September 2025,1.12 kWh,$0.36,actual
01:00PM 5 September 2025,0.57 kWh,$0.21,actual
02:00PM 5 September 2025,0.38 kWh,$0.16,actual
03:00PM 5 September 2025,0.56 kWh,$0.20,actual
04:00PM 5 September 2025,0.85 kWh,$0.28,actual
05:00PM 5 September 2025,2.53 kWh,$0.73,actual
06:00PM 5 September 2025,2.79 kWh,$0.80,actual
07:00PM 5 September 2025,2.81 kWh,$0.81,actual
08:00PM 5 September 2025,2.33 kWh,$0.68,actual
09:00PM 5 September 2025,2.53 kWh,$0.48,actual
10:00PM 5 September 2025,1.96 kWh,$0.39,actual
11:00PM 5 September 2025,2.92 kWh,$0.55,actual
12:00AM 6 September 2025,4.30 kWh,$0.78,actual
01:00AM 6 September 2025,3.37 kWh,$0.62,actual
02:00AM 6 September 2025,1.66 kWh,$0.33,actual
03:00AM 6 September 2025,1.48 kWh,$0.30,actual
04:00AM 6 September 2025,1.56 kWh,$0.32,actual
05:00AM 6 September 2025,1.51 kWh,$0.31,actual
06:00AM 6 September 2025,1.16 kWh,$0.25,actual
07:00AM 6 September 2025,1.97 kWh,$0.58,actual
08:00AM 6 September 2025,2.35 kWh,$0.68,actual
09:00AM 6 September 2025,2.12 kWh,$0.62,actual
10:00AM 6 September 2025,1.06 kWh,$0.34,actual
11:00AM 6 September 2025,1.00 kWh,$0.32,actual
12:00PM 6 September 2025,3.12 kWh,$0.89,actual
01:00PM 6 September 2025,1.44 kWh,$0.44,actual
02:00PM 6 September 2025,0.78 kWh,$0.26,actual
03:00PM 6 September 2025,1.24 kWh,$0.39,actual
04:00PM 6 September 2025,2.28 kWh,$0.67,actual
05:00PM 6 September 2025,3.96 kWh,$1.12,actual
06:00PM 6 September 2025,3.21 kWh,$0.92,actual
07:00PM 6 September 2025,2.92 kWh,$0.84,actual
08:00PM 6 September 2025,2.62 kWh,$0.76,actual
09:00PM 6 September 2025,2.75 kWh,$0.52,actual
10:00PM 6 September 2025,2.02 kWh,$0.39,actual
11:00PM 6 September 2025,2.90 kWh,$0.54,actual
12:00AM 7 September 2025,4.04 kWh,$0.73,actual
01:00AM 7 September 2025,4.07 kWh,$0.74,actual
02:00AM 7 September 2025,4.07 kWh,$0.74,actual
03:00AM 7 September 2025,3.99 kWh,$0.73,actual
04:00AM 7 September 2025,1.54 kWh,$0.32,actual
05:00AM 7 September 2025,1.25 kWh,$0.27,actual
06:00AM 7 September 2025,0.95 kWh,$0.22,actual
07:00AM 7 September 2025,2.26 kWh,$0.66,actual
08:00AM 7 September 2025,1.76 kWh,$0.53,actual
09:00AM 7 September 2025,0.55 kWh,$0.20,actual
10:00AM 7 September 2025,1.43 kWh,$0.44,actual
11:00AM 7 September 2025,1.54 kWh,$0.47,actual
12:00PM 7 September 2025,1.18 kWh,$0.37,actual
01:00PM 7 September 2025,0.56 kWh,$0.21,actual
02:00PM 7 September 2025,0.33 kWh,$0.14,actual
03:00PM 7 September 2025,0.32 kWh,$0.14,actual
04:00PM 7 September 2025,0.89 kWh,$0.29,actual
05:00PM 7 September 2025,1.79 kWh,$0.53,actual
06:00PM 7 September 2025,3.94 kWh,$1.11,actual
07:00PM 7 September 2025,3.49 kWh,$0.99,actual
08:00PM 7 September 2025,3.07 kWh,$0.88,actual
09:00PM 7 September 2025,3.35 kWh,$0.62,actual
10:00PM 7 September 2025,2.74 kWh,$0.52,actual
11:00PM 7 September 2025,2.13 kWh,$0.41,actual
12:00AM 8 September 2025,3.52 kWh,$0.65,actual
01:00AM 8 September 2025,3.55 kWh,$0.65,actual
02:00AM 8 September 2025,3.54 kWh,$0.65,actual
03:00AM 8 September 2025,1.23 kWh,$0.26,actual
04:00AM 8 September 2025,0.65 kWh,$0.17,actual
05:00AM 8 September 2025,0.82 kWh,$0.19,actual
06:00AM 8 September 2025,0.50 kWh,$0.14,actual
07:00AM 8 September 2025,3.31 kWh,$0.94,actual
08:00AM 8 September 2025,1.82 kWh,$0.54,actual
09:00AM 8 September 2025,0.43 kWh,$0.17,actual
10:00AM 8 September 2025,1.20 kWh,$0.38,actual
11:00AM 8 September 2025,1.17 kWh,$0.37,actual
12:00PM 8 September 2025,1.43 kWh,$0.44,actual
01:00PM 8 September 2025,1.03 kWh,$0.33,actual
02:00PM 8 September 2025,0.93 kWh,$0.30,actual
03:00PM 8 September 2025,1.49 kWh,$0.46,actual
04:00PM 8 September 2025,2.00 kWh,$0.59,actual
05:00PM 8 September 2025,3.36 kWh,$0.96,actual
06:00PM 8 September 2025,3.87 kWh,$1.09,actual
07:00PM 8 September 2025,3.07 kWh,$0.88,actual
08:00PM 8 September 2025,2.73 kWh,$0.79,actual
09:00PM 8 September 2025,2.12 kWh,$0.41,actual
10:00PM 8 September 2025,1.66 kWh,$0.33,actual
11:00PM 8 September 2025,2.35 kWh,$0.45,actual
12:00AM 9 September 2025,3.52 kWh,$0.65,actual
01:00AM 9 September 2025,3.51 kWh,$0.65,actual
02:00AM 9 September 2025,3.62 kWh,$0.66,actual
03:00AM 9 September 2025,1.42 kWh,$0.29,actual
04:00AM 9 September 2025,1.61 kWh,$0.33,actual
05:00AM 9 September 2025,0.33 kWh,$0.11,actual
06:00AM 9 September 2025,1.31 kWh,$0.28,actual
07:00AM 9 September 2025,1.62 kWh,$0.49,actual
08:00AM 9 September 2025,1.46 kWh,$0.45,actual
09:00AM 9 September 2025,0.88 kWh,$0.29,actual
10:00AM 9 September 2025,0.90 kWh,$0.30,actual
11:00AM 9 September 2025,0.31 kWh,$0.14,actual
12:00PM 9 September 2025,1.60 kWh,$0.48,actual
01:00PM 9 September 2025,0.39 kWh,$0.16,actual
02:00PM 9 September 2025,0.34 kWh,$0.15,actual
03:00PM 9 September 2025,0.36 kWh,$0.15,actual
04:00PM 9 September 2025,0.64 kWh,$0.23,actual
05:00PM 9 September 2025,2.12 kWh,$0.62,actual
06:00PM 9 September 2025,3.57 kWh,$1.01,actual
07:00PM 9 September 2025,2.45 kWh,$0.71,actual
08:00PM 9 September 2025,2.18 kWh,$0.64,actual
09:00PM 9 September 2025,2.61 kWh,$0.49,actual
10:00PM 9 September 2025,2.19 kWh,$0.42,actual
11:00PM 9 September 2025,2.92 kWh,$0.55,actual
12:00AM 10 September 2025,4.31 kWh,$0.78,actual
01:00AM 10 September 2025,4.34 kWh,$0.79,actual
02:00AM 10 September 2025,1.69 kWh,$0.34,actual
03:00AM 10 September 2025,1.82 kWh,$0.36,actual
04:00AM 10 September 2025,1.36 kWh,$0.28,actual
05:00AM 10 September 2025,1.13 kWh,$0.25,actual
06:00AM 10 September 2025,1.41 kWh,$0.29,actual
07:00AM 10 September 2025,1.65 kWh,$0.50,actual
08:00AM 10 September 2025,1.43 kWh,$0.44,actual
09:00AM 10 September 2025,0.54 kWh,$0.20,actual
10:00AM 10 September 2025,0.42 kWh,$0.17,actual
11:00AM 10 September 2025,1.36 kWh,$0.42,actual
12:00PM 10 September 2025,0.61 kWh,$0.22,actual
01:00PM 10 September 2025,1.37 kWh,$0.42,actual
02:00PM 10 September 2025,0.48 kWh,$0.18,actual
03:00PM 10 September 2025,0.72 kWh,$0.25,actual
04:00PM 10 September 2025,1.98 kWh,$0.59,actual
05:00PM 10 September 2025,1.77 kWh,$0.53,actual
06:00PM 10 September 2025,3.75 kWh,$1.06,actual
07:00PM 10 September 2025,3.40 kWh,$0.97,actual
08:00PM 10 September 2025,2.74 kWh,$0.79,actual
09:00PM 10 September 2025,2.79 kWh,$0.52,actual
10:00PM 10 September 2025,2.01 kWh,$0.39,actual
11:00PM 10 September 2025,1.93 kWh,$0.38,actual
12:00AM 11 September 2025,3.59 kWh,$0.66,actual
01:00AM 11 September 2025,3.53 kWh,$0.65,actual
02:00AM 11 September 2025,3.53 kWh,$0.65,actual
03:00AM 11 September 2025,2.23 kWh,$0.43,actual
04:00AM 11 September 2025,0.63 kWh,$0.16,actual
05:00AM 11 September 2025,0.62 kWh,$0.16,actual
06:00AM 11 September 2025,0.76 kWh,$0.18,actual
07:00AM 11 September 2025,3.42 kWh,$0.97,actual
08:00AM 11 September 2025,2.58 kWh,$0.75,actual
09:00AM 11 September 2025,1.02 kWh,$0.33,actual
10:00AM 11 September 2025,1.92 kWh,$0.57,actual
11:00AM 11 September 2025,1.75 kWh,$0.53,actual
12:00PM 11 September 2025,1.63 kWh,$0.49,actual
01:00PM 11 September 2025,0.40 kWh,$0.16,actual
02:00PM 11 September 2025,0.29 kWh,$0.13,actual
03:00PM 11 September 2025,0.87 kWh,$0.29,actual
04:00PM 11 September 2025,2.50 kWh,$0.73,actual
05:00PM 11 September 2025,1.65 kWh,$0.50,actual
06:00PM 11 September 2025,1.91 kWh,$0.57,actual
07:00PM 11 September 2025,2.72 kWh,$0.78,actual
08:00PM 11 September 2025,3.54 kWh,$1.01,actual
09:00PM 11 September 2025,3.37 kWh,$0.62,actual
10:00PM 11 September 2025,1.93 kWh,$0.38,actual
11:00PM 11 September 2025,2.34 kWh,$0.45,actual
12:00AM 12 September 2025,3.65 kWh,$0.67,actual
01:00AM 12 September 2025,3.60 kWh,$0.66,actual
02:00AM 12 September 2025,3.09 kWh,$0.58,actual
03:00AM 12 September 2025,1.16 kWh,$0.25,actual
04:00AM 12 September 2025,0.89 kWh,$0.20,actual
05:00AM 12 September 2025,1.01 kWh,$0.23,actual
06:00AM 12 September 2025,2.39 kWh,$0.46,actual
07:00AM 12 September 2025,2.63 kWh,$0.76,actual
08:00AM 12 September 2025,0.59 kWh,$0.22,actual
09:00AM 12 September 2025,0.35 kWh,$0.15,actual
10:00AM 12 September 2025,0.37 kWh,$0.16,actual
11:00AM 12 September 2025,0.62 kWh,$0.22,actual
12:00PM 12 September 2025,0.94 kWh,$0.31,actual
01:00PM 12 September 2025,0.55 kWh,$0.20,actual
02:00PM 12 September 2025,0.41 kWh,$0.16,actual
03:00PM 12 September 2025,0.48 kWh,$0.18,actual
04:00PM 12 September 2025,0.76 kWh,$0.26,actual
05:00PM 12 September 2025,1.89 kWh,$0.56,actual
06:00PM 12 September 2025,3.10 kWh,$0.89,actual
07:00PM 12 September 2025,2.10 kWh,$0.62,actual
08:00PM 12 September 2025,2.35 kWh,$0.69,actual
09:00PM 12 September 2025,3.13 kWh,$0.58,actual
10:00PM 12 September 2025,2.79 kWh,$0.52,actual
11:00PM 12 September 2025,3.58 kWh,$0.66,actual
12:00AM 13 September 2025,4.82 kWh,$0.87,actual
01:00AM 13 September 2025,4.81 kWh,$0.86,actual
02:00AM 13 September 2025,4.82 kWh,$0.87,actual
03:00AM 13 September 2025,2.13 kWh,$0.41,actual
04:00AM 13 September 2025,1.77 kWh,$0.35,actual
05:00AM 13 September 2025,2.37 kWh,$0.45,actual
06:00AM 13 September 2025,1.58 kWh,$0.32,actual
07:00AM 13 September 2025,2.60 kWh,$0.75,actual
08:00AM 13 September 2025,2.02 kWh,$0.60,actual
09:00AM 13 September 2025,1.82 kWh,$0.54,actual
10:00AM 13 September 2025,1.33 kWh,$0.41,actual
11:00AM 13 September 2025,1.03 kWh,$0.33,actual
12:00PM 13 September 2025,2.97 kWh,$0.85,actual
01:00PM 13 September 2025,1.92 kWh,$0.57,actual
02:00PM 13 September 2025,0.70 kWh,$0.24,actual
03:00PM 13 September 2025,1.33 kWh,$0.41,actual
04:00PM 13 September 2025,1.64 kWh,$0.50,actual
05:00PM 13 September 2025,1.61 kWh,$0.49,actual
06:00PM 13 September 2025,3.73 kWh,$1.05,actual
07:00PM 13 September 2025,2.00 kWh,$0.59,actual
08:00PM 13 September 2025,2.28 kWh,$0.67,actual
09:00PM 13 September 2025,3.36 kWh,$0.62,actual
10:00PM 13 September 2025,2.92 kWh,$0.55,actual
11:00PM 13 September 2025,3.39 kWh,$0.63,actual
12:00AM 14 September 2025,5.01 kWh,$0.90,actual
01:00AM 14 September 2025,4.88 kWh,$0.88,actual
02:00AM 14 September 2025,4.88 kWh,$0.88,actual
03:00AM 14 September 2025,4.91 kWh,$0.88,actual
04:00AM 14 September 2025,2.02 kWh,$0.40,actual
05:00AM 14 September 2025,2.00 kWh,$0.39,actual
06:00AM 14 September 2025,1.75 kWh,$0.35,actual
07:00AM 14 September 2025,2.31 kWh,$0.68,actual
08:00AM 14 September 2025,2.53 kWh,$0.73,actual
09:00AM 14 September 2025,1.77 kWh,$0.53,actual
10:00AM 14 September 2025,2.61 kWh,$0.75,actual
11:00AM 14 September 2025,2.89 kWh,$0.83,actual
12:00PM 14 September 2025,3.12 kWh,$0.89,actual
01:00PM 14 September 2025,1.25 kWh,$0.39,actual
02:00PM 14 September 2025,0.92 kWh,$0.30,actual
03:00PM 14 September 2025,1.45 kWh,$0.44,actual
04:00PM 14 September 2025,1.11 kWh,$0.35,actual
05:00PM 14 September 2025,2.63 kWh,$0.76,actual
06:00PM 14 September 2025,3.33 kWh,$0.95,actual
07:00PM 14 September 2025,2.66 kWh,$0.77,actual
08:00PM 14 September 2025,2.77 kWh,$0.80,actual
09:00PM 14 September 2025,3.92 kWh,$0.72,actual
10:00PM 14 September 2025,2.08 kWh,$0.40,actual
11:00PM 14 September 2025,2.88 kWh,$0.54,actual
12:00AM 15 September 2025,4.18 kWh,$0.76,actual
01:00AM 15 September 2025,4.19 kWh,$0.76,actual
02:00AM 15 September 2025,4.19 kWh,$0.76,actual
03:00AM 15 September 2025,2.09 kWh,$0.41,actual
04:00AM 15 September 2025,1.66 kWh,$0.33,actual
05:00AM 15 September 2025,1.29 kWh,$0.27,actual
06:00AM 15 September 2025,1.11 kWh,$0.24,actual
07:00AM 15 September 2025,2.34 kWh,$0.68,actual
08:00AM 15 September 2025,1.65 kWh,$0.50,actual
09:00AM 15 September 2025,0.52 kWh,$0.19,actual
10:00AM 15 September 2025,0.59 kWh,$0.22,actual
11:00AM 15 September 2025,0.52 kWh,$0.19,actual
12:00PM 15 September 2025,1.40 kWh,$0.43,actual
01:00PM 15 September 2025,0.90 kWh,$0.30,actual
02:00PM 15 September 2025,0.53 kWh,$0.20,actual
03:00PM 15 September 2025,0.47 kWh,$0.18,actual
04:00PM 15 September 2025,1.49 kWh,$0.45,actual
05:00PM 15 September 2025,3.54 kWh,$1.01,actual
06:00PM 15 September 2025,3.85 kWh,$1.09,actual
07:00PM 15 September 2025,1.82 kWh,$0.54,actual
08:00PM 15 September 2025,2.27 kWh,$0.66,actual
09:00PM 15 September 2025,2.82 kWh,$0.53,actual
10:00PM 15 September 2025,2.29 kWh,$0.44,actual
11:00PM 15 September 2025,2.67 kWh,$0.51,actual
12:00AM 16 September 2025,4.17 kWh,$0.76,actual
01:00AM 16 September 2025,4.17 kWh,$0.76,actual
02:00AM 16 September 2025,4.21 kWh,$0.76,actual
03:00AM 16 September 2025,1.50 kWh,$0.31,actual
04:00AM 16 September 2025,1.30 kWh,$0.27,actual
05:00AM 16 September 2025,1.04 kWh,$0.23,actual
06:00AM 16 September 2025,2.02 kWh,$0.39,actual
07:00AM 16 September 2025,2.39 kWh,$0.70,actual
08:00AM 16 September 2025,1.44 kWh,$0.44,actual
09:00AM 16 September 2025,0.54 kWh,$0.20,actual
10:00AM 16 September 2025,0.54 kWh,$0.20,actual
11:00AM 16 September 2025,0.71 kWh,$0.25,actual
12:00PM 16 September 2025,1.27 kWh,$0.40,actual
01:00PM 16 September 2025,1.04 kWh,$0.34,actual
02:00PM 16 September 2025,0.50 kWh,$0.19,actual
03:00PM 16 September 2025,0.62 kWh,$0.22,actual
04:00PM 16 September 2025,0.57 kWh,$0.21,actual
05:00PM 16 September 2025,1.65 kWh,$0.50,actual
06:00PM 16 September 2025,3.38 kWh,$0.96,actual
07:00PM 16 September 2025,2.42 kWh,$0.71,actual
08:00PM 16 September 2025,2.46 kWh,$0.72,actual
09:00PM 16 September 2025,2.62 kWh,$0.50,actual
10:00PM 16 September 2025,2.41 kWh,$0.46,actual
11:00PM 16 September 2025,3.30 kWh,$0.61,actual
12:00AM 17 September 2025,4.62 kWh,$0.83,actual
01:00AM 17 September 2025,4.39 kWh,$0.79,actual
02:00AM 17 September 2025,4.17 kWh,$0.76,actual
03:00AM 17 September 2025,2.14 kWh,$0.42,actual
04:00AM 17 September 2025,1.50 kWh,$0.31,actual
05:00AM 17 September 2025,1.08 kWh,$0.24,actual
06:00AM 17 September 2025,1.26 kWh,$0.27,actual
07:00AM 17 September 2025,0.95 kWh,$0.31,actual
08:00AM 17 September 2025,2.03 kWh,$0.60,actual
09:00AM 17 September 2025,0.51 kWh,$0.19,actual
10:00AM 17 September 2025,0.50 kWh,$0.19,actual
11:00AM 17 September 2025,0.92 kWh,$0.30,actual
12:00PM 17 September 2025,0.55 kWh,$0.20,actual
01:00PM 17 September 2025,0.64 kWh,$0.23,actual
02:00PM 17 September 2025,0.62 kWh,$0.22,actual
03:00PM 17 September 2025,0.96 kWh,$0.31,actual
04:00PM 17 September 2025,1.02 kWh,$0.33,actual
05:00PM 17 September 2025,1.13 kWh,$0.36,actual
06:00PM 17 September 2025,2.02 kWh,$0.60,actual
07:00PM 17 September 2025,1.86 kWh,$0.55,actual
08:00PM 17 September 2025,1.21 kWh,$0.38,actual
09:00PM 17 September 2025,1.55 kWh,$0.32,actual
10:00PM 17 September 2025,1.35 kWh,$0.28,actual
11:00PM 17 September 2025,2.51 kWh,$0.48,actual
12:00AM 18 September 2025,3.69 kWh,$0.68,actual
01:00AM 18 September 2025,3.51 kWh,$0.65,actual
02:00AM 18 September 2025,3.55 kWh,$0.65,actual
03:00AM 18 September 2025,1.26 kWh,$0.27,actual
04:00AM 18 September 2025,0.48 kWh,$0.14,actual
05:00AM 18 September 2025,0.68 kWh,$0.17,actual
06:00AM 18 September 2025,1.24 kWh,$0.26,actual
07:00AM 18 September 2025,1.08 kWh,$0.35,actual
08:00AM 18 September 2025,1.16 kWh,$0.37,actual
09:00AM 18 September 2025,0.43 kWh,$0.17,actual
10:00AM 18 September 2025,0.48 kWh,$0.18,actual
11:00AM 18 September 2025,0.81 kWh,$0.27,actual
12:00PM 18 September 2025,1.68 kWh,$0.51,actual
01:00PM 18 September 2025,0.54 kWh,$0.20,actual
02:00PM 18 September 2025,0.54 kWh,$0.20,actual
03:00PM 18 September 2025,0.61 kWh,$0.22,actual
04:00PM 18 September 2025,0.97 kWh,$0.32,actual
05:00PM 18 September 2025,1.86 kWh,$0.55,actual
06:00PM 18 September 2025,3.60 kWh,$1.02,actual
07:00PM 18 September 2025,2.36 kWh,$0.69,actual
08:00PM 18 September 2025,1.71 kWh,$0.51,actual
09:00PM 18 September 2025,1.65 kWh,$0.33,actual
10:00PM 18 September 2025,1.64 kWh,$0.33,actual
11:00PM 18 September 2025,2.23 kWh,$0.43,actual
12:00AM 19 September 2025,3.52 kWh,$0.65,actual
01:00AM 19 September 2025,3.52 kWh,$0.65,actual
02:00AM 19 September 2025,1.26 kWh,$0.27,actual
03:00AM 19 September 2025,0.99 kWh,$0.22,actual
04:00AM 19 September 2025,0.48 kWh,$0.14,actual
05:00AM 19 September 2025,0.54 kWh,$0.15,actual
06:00AM 19 September 2025,1.76 kWh,$0.35,actual
07:00AM 19 September 2025,2.50 kWh,$0.73,actual
08:00AM 19 September 2025,1.35 kWh,$0.42,actual
09:00AM 19 September 2025,2.19 kWh,$0.64,actual
10:00AM 19 September 2025,0.37 kWh,$0.16,actual
11:00AM 19 September 2025,0.36 kWh,$0.15,actual
12:00PM 19 September 2025,0.30 kWh,$0.14,actual
01:00PM 19 September 2025,1.71 kWh,$0.51,actual
02:00PM 19 September 2025,1.09 kWh,$0.35,actual
03:00PM 19 September 2025,0.50 kWh,$0.19,actual
04:00PM 19 September 2025,0.94 kWh,$0.31,actual
05:00PM 19 September 2025,2.10 kWh,$0.62,actual
06:00PM 19 September 2025,3.45 kWh,$0.98,actual
07:00PM 19 September 2025,4.25 kWh,$1.20,actual
08:00PM 19 September 2025,2.69 kWh,$0.78,actual
09:00PM 19 September 2025,2.86 kWh,$0.54,actual
10:00PM 19 September 2025,1.73 kWh,$0.35,actual
11:00PM 19 September 2025,2.58 kWh,$0.49,actual
12:00AM 20 September 2025,3.60 kWh,$0.66,actual
01:00AM 20 September 2025,3.66 kWh,$0.67,actual
02:00AM 20 September 2025,3.52 kWh,$0.65,actual
03:00AM 20 September 2025,1.44 kWh,$0.30,actual
04:00AM 20 September 2025,0.68 kWh,$0.17,actual
05:00AM 20 September 2025,0.68 kWh,$0.17,actual
06:00AM 20 September 2025,1.35 kWh,$0.28,actual
07:00AM 20 September 2025,1.46 kWh,$0.45,actual
08:00AM 20 September 2025,1.89 kWh,$0.56,actual
09:00AM 20 September 2025,1.37 kWh,$0.42,actual
10:00AM 20 September 2025,0.94 kWh,$0.31,actual
11:00AM 20 September 2025,0.91 kWh,$0.30,actual
12:00PM 20 September 2025,1.55 kWh,$0.47,actual
01:00PM 20 September 2025,1.23 kWh,$0.39,actual
02:00PM 20 September 2025,0.42 kWh,$0.17,actual
03:00PM 20 September 2025,0.57 kWh,$0.21,actual
04:00PM 20 September 2025,0.91 kWh,$0.30,actual
05:00PM 20 September 2025,1.63 kWh,$0.49,actual
06:00PM 20 September 2025,3.35 kWh,$0.96,actual
07:00PM 20 September 2025,2.57 kWh,$0.74,actual
08:00PM 20 September 2025,2.19 kWh,$0.64,actual
09:00PM 20 September 2025,3.06 kWh,$0.57,actual
10:00PM 20 September 2025,2.79 kWh,$0.53,actual
11:00PM 20 September 2025,3.48 kWh,$0.64,actual
12:00AM 21 September 2025,4.59 kWh,$0.83,actual
01:00AM 21 September 2025,4.47 kWh,$0.81,actual
02:00AM 21 September 2025,2.21 kWh,$0.43,actual
03:00AM 21 September 2025,1.80 kWh,$0.36,actual
04:00AM 21 September 2025,1.53 kWh,$0.31,actual
05:00AM 21 September 2025,1.84 kWh,$0.36,actual
06:00AM 21 September 2025,1.42 kWh,$0.29,actual
07:00AM 21 September 2025,1.47 kWh,$0.45,actual
08:00AM 21 September 2025,1.22 kWh,$0.38,actual
09:00AM 21 September 2025,0.53 kWh,$0.20,actual
10:00AM 21 September 2025,0.47 kWh,$0.18,actual
11:00AM 21 September 2025,1.44 kWh,$0.44,actual
12:00PM 21 September 2025,1.04 kWh,$0.33,actual
01:00PM 21 September 2025,1.56 kWh,$0.48,actual
02:00PM 21 September 2025,0.53 kWh,$0.20,actual
03:00PM 21 September 2025,0.66 kWh,$0.23,actual
04:00PM 21 September 2025,0.91 kWh,$0.30,actual
05:00PM 21 September 2025,1.65 kWh,$0.50,actual
06:00PM 21 September 2025,3.41 kWh,$0.97,actual
07:00PM 21 September 2025,2.15 kWh,$0.63,actual
08:00PM 21 September 2025,1.82 kWh,$0.54,actual
09:00PM 21 September 2025,2.05 kWh,$0.40,actual
10:00PM 21 September 2025,1.50 kWh,$0.31,actual
11:00PM 21 September 2025,2.41 kWh,$0.46,actual
12:00AM 22 September 2025,3.63 kWh,$0.67,actual
01:00AM 22 September 2025,3.56 kWh,$0.65,actual
02:00AM 22 September 2025,3.57 kWh,$0.66,actual
03:00AM 22 September 2025,3.50 kWh,$0.64,actual
04:00AM 22 September 2025,1.30 kWh,$0.27,actual
05:00AM 22 September 2025,1.01 kWh,$0.23,actual
06:00AM 22 September 2025,1.40 kWh,$0.29,actual
07:00AM 22 September 2025,1.41 kWh,$0.43,actual
08:00AM 22 September 2025,1.48 kWh,$0.45,actual
09:00AM 22 September 2025,0.75 kWh,$0.26,actual
10:00AM 22 September 2025,0.50 kWh,$0.19,actual
11:00AM 22 September 2025,0.98 kWh,$0.32,actual
12:00PM 22 September 2025,0.52 kWh,$0.19,actual
01:00PM 22 September 2025,1.45 kWh,$0.44,actual
02:00PM 22 September 2025,0.43 kWh,$0.17,actual
03:00PM 22 September 2025,0.39 kWh,$0.16,actual
04:00PM 22 September 2025,0.50 kWh,$0.19,actual
05:00PM 22 September 2025,1.73 kWh,$0.52,actual
06:00PM 22 September 2025,1.99 kWh,$0.59,actual
07:00PM 22 September 2025,1.88 kWh,$0.56,actual
08:00PM 22 September 2025,1.56 kWh,$0.48,actual
09:00PM 22 September 2025,2.18 kWh,$0.42,actual
10:00PM 22 September 2025,2.17 kWh,$0.42,actual
11:00PM 22 September 2025,2.69 kWh,$0.51,actual
12:00AM 23 September 2025,4.05 kWh,$0.74,actual
01:00AM 23 September 2025,4.03 kWh,$0.73,actual
02:00AM 23 September 2025,4.01 kWh,$0.73,actual
03:00AM 23 September 2025,4.04 kWh,$0.73,actual
04:00AM 23 September 2025,2.12 kWh,$0.41,actual
05:00AM 23 September 2025,3.31 kWh,$0.61,actual
06:00AM 23 September 2025,1.08 kWh,$0.24,actual
07:00AM 23 September 2025,1.68 kWh,$0.51,actual
08:00AM 23 September 2025,1.39 kWh,$0.43,actual
09:00AM 23 September 2025,0.54 kWh,$0.20,actual
10:00AM 23 September 2025,0.76 kWh,$0.26,actual
11:00AM 23 September 2025,0.86 kWh,$0.29,actual
12:00PM 23 September 2025,0.61 kWh,$0.22,actual
01:00PM 23 September 2025,0.40 kWh,$0.16,actual
02:00PM 23 September 2025,0.35 kWh,$0.15,actual
03:00PM 23 September 2025,1.02 kWh,$0.33,actual
04:00PM 23 September 2025,1.82 kWh,$0.54,actual
05:00PM 23 September 2025,2.51 kWh,$0.73,actual
06:00PM 23 September 2025,4.12 kWh,$1.16,actual
07:00PM 23 September 2025,2.16 kWh,$0.63,actual
08:00PM 23 September 2025,1.89 kWh,$0.56,actual
09:00PM 23 September 2025,3.18 kWh,$0.59,actual
10:00PM 23 September 2025,2.93 kWh,$0.55,actual
11:00PM 23 September 2025,3.16 kWh,$0.59,actual
12:00AM 24 September 2025,4.41 kWh,$0.80,actual
01:00AM 24 September 2025,4.38 kWh,$0.79,actual
02:00AM 24 September 2025,1.94 kWh,$0.38,actual
03:00AM 24 September 2025,1.70 kWh,$0.34,actual
04:00AM 24 September 2025,1.98 kWh,$0.39,actual
05:00AM 24 September 2025,1.29 kWh,$0.27,actual
06:00AM 24 September 2025,1.54 kWh,$0.31,actual
07:00AM 24 September 2025,1.79 kWh,$0.54,actual
08:00AM 24 September 2025,1.61 kWh,$0.49,actual
09:00AM 24 September 2025,1.77 kWh,$0.53,actual
10:00AM 24 September 2025,1.75 kWh,$0.53,actual
11:00AM 24 September 2025,1.83 kWh,$0.55,actual
12:00PM 24 September 2025,1.13 kWh,$0.36,actual
01:00PM 24 September 2025,0.67 kWh,$0.24,actual
02:00PM 24 September 2025,0.32 kWh,$0.14,actual
03:00PM 24 September 2025,0.30 kWh,$0.14,actual
04:00PM 24 September 2025,0.70 kWh,$0.24,actual
05:00PM 24 September 2025,1.41 kWh,$0.43,actual
06:00PM 24 September 2025,1.90 kWh,$0.56,actual
07:00PM 24 September 2025,2.72 kWh,$0.78,actual
08:00PM 24 September 2025,2.10 kWh,$0.62,actual
09:00PM 24 September 2025,2.94 kWh,$0.55,actual
10:00PM 24 September 2025,1.71 kWh,$0.34,actual
11:00PM 24 September 2025,2.44 kWh,$0.47,actual
12:00AM 25 September 2025,3.79 kWh,$0.69,actual
01:00AM 25 September 2025,3.84 kWh,$0.70,actual
02:00AM 25 September 2025,3.90 kWh,$0.71,actual
03:00AM 25 September 2025,1.11 kWh,$0.24,actual
04:00AM 25 September 2025,0.89 kWh,$0.21,actual
05:00AM 25 September 2025,0.90 kWh,$0.21,actual
06:00AM 25 September 2025,0.56 kWh,$0.15,actual
07:00AM 25 September 2025,1.53 kWh,$0.47,actual
08:00AM 25 September 2025,1.75 kWh,$0.52,actual
09:00AM 25 September 2025,0.53 kWh,$0.20,actual
10:00AM 25 September 2025,0.89 kWh,$0.29,actual
11:00AM 25 September 2025,0.50 kWh,$0.19,actual
12:00PM 25 September 2025,0.82 kWh,$0.28,actual
01:00PM 25 September 2025,0.74 kWh,$0.25,actual
02:00PM 25 September 2025,0.78 kWh,$0.26,actual
03:00PM 25 September 2025,0.54 kWh,$0.20,actual
04:00PM 25 September 2025,0.79 kWh,$0.27,actual
05:00PM 25 September 2025,2.88 kWh,$0.83,actual
06:00PM 25 September 2025,4.13 kWh,$1.16,actual
07:00PM 25 September 2025,2.04 kWh,$0.60,actual
08:00PM 25 September 2025,2.28 kWh,$0.67,actual
09:00PM 25 September 2025,2.87 kWh,$0.54,actual
10:00PM 25 September 2025,1.82 kWh,$0.36,actual
11:00PM 25 September 2025,2.62 kWh,$0.50,actual
12:00AM 26 September 2025,3.93 kWh,$0.72,actual
01:00AM 26 September 2025,3.97 kWh,$0.72,actual
02:00AM 26 September 2025,1.97 kWh,$0.39,actual
03:00AM 26 September 2025,1.10 kWh,$0.24,actual
04:00AM 26 September 2025,1.06 kWh,$0.23,actual
05:00AM 26 September 2025,1.07 kWh,$0.24,actual
06:00AM 26 September 2025,1.07 kWh,$0.24,actual
07:00AM 26 September 2025,1.81 kWh,$0.54,actual
08:00AM 26 September 2025,1.36 kWh,$0.42,actual
09:00AM 26 September 2025,2.13 kWh,$0.63,actual
10:00AM 26 September 2025,0.90 kWh,$0.30,actual
11:00AM 26 September 2025,0.57 kWh,$0.21,actual
12:00PM 26 September 2025,0.36 kWh,$0.15,actual
01:00PM 26 September 2025,1.18 kWh,$0.37,actual
02:00PM 26 September 2025,0.84 kWh,$0.28,actual
03:00PM 26 September 2025,0.51 kWh,$0.19,actual
04:00PM 26 September 2025,1.36 kWh,$0.42,actual
05:00PM 26 September 2025,1.42 kWh,$0.44,actual
06:00PM 26 September 2025,2.53 kWh,$0.73,actual
07:00PM 26 September 2025,2.78 kWh,$0.80,actual
08:00PM 26 September 2025,2.28 kWh,$0.67,actual
09:00PM 26 September 2025,3.01 kWh,$0.56,actual
10:00PM 26 September 2025,2.86 kWh,$0.54,actual
11:00PM 26 September 2025,3.64 kWh,$0.67,actual
12:00AM 27 September 2025,4.76 kWh,$0.86,actual
01:00AM 27 September 2025,4.74 kWh,$0.85,actual
02:00AM 27 September 2025,4.80 kWh,$0.86,actual
03:00AM 27 September 2025,3.37 kWh,$0.62,actual
04:00AM 27 September 2025,1.66 kWh,$0.33,actual
05:00AM 27 September 2025,1.91 kWh,$0.38,actual
06:00AM 27 September 2025,1.74 kWh,$0.35,actual
07:00AM 27 September 2025,2.27 kWh,$0.66,actual
08:00AM 27 September 2025,3.04 kWh,$0.87,actual
09:00AM 27 September 2025,1.88 kWh,$0.56,actual
10:00AM 27 September 2025,1.53 kWh,$0.47,actual
11:00AM 27 September 2025,1.09 kWh,$0.35,actual
12:00PM 27 September 2025,1.30 kWh,$0.40,actual
01:00PM 27 September 2025,0.60 kWh,$0.22,actual
02:00PM 27 September 2025,0.54 kWh,$0.20,actual
03:00PM 27 September 2025,0.64 kWh,$0.23,actual
04:00PM 27 September 2025,1.05 kWh,$0.34,actual
05:00PM 27 September 2025,2.01 kWh,$0.60,actual
06:00PM 27 September 2025,3.91 kWh,$1.10,actual
07:00PM 27 September 2025,2.35 kWh,$0.69,actual
08:00PM 27 September 2025,2.42 kWh,$0.70,actual
09:00PM 27 September 2025,2.58 kWh,$0.49,actual
10:00PM 27 September 2025,2.40 kWh,$0.46,actual
11:00PM 27 September 2025,2.26 kWh,$0.44,actual
12:00AM 28 September 2025,3.61 kWh,$0.67,actual
01:00AM 28 September 2025,3.62 kWh,$0.67,actual
03:00AM 28 September 2025,3.61 kWh,$0.66,actual
04:00AM 28 September 2025,3.14 kWh,$0.59,actual
05:00AM 28 September 2025,0.75 kWh,$0.18,actual
06:00AM 28 September 2025,0.68 kWh,$0.17,actual
07:00AM 28 September 2025,1.34 kWh,$0.42,actual
08:00AM 28 September 2025,1.00 kWh,$0.33,actual
09:00AM 28 September 2025,2.18 kWh,$0.64,actual
10:00AM 28 September 2025,1.38 kWh,$0.43,actual
11:00AM 28 September 2025,0.68 kWh,$0.24,actual
12:00PM 28 September 2025,1.36 kWh,$0.42,actual
01:00PM 28 September 2025,1.29 kWh,$0.40,actual
02:00PM 28 September 2025,0.75 kWh,$0.26,actual
03:00PM 28 September 2025,0.66 kWh,$0.23,actual
04:00PM 28 September 2025,0.94 kWh,$0.31,actual
05:00PM 28 September 2025,1.31 kWh,$0.41,actual
06:00PM 28 September 2025,1.62 kWh,$0.49,actual
07:00PM 28 September 2025,1.45 kWh,$0.45,actual
08:00PM 28 September 2025,0.85 kWh,$0.29,actual
09:00PM 28 September 2025,1.83 kWh,$0.37,actual
10:00PM 28 September 2025,1.40 kWh,$0.29,actual
11:00PM 28 September 2025,2.66 kWh,$0.50,actual
12:00AM 29 September 2025,4.04 kWh,$0.74,actual
01:00AM 29 September 2025,4.04 kWh,$0.73,actual
02:00AM 29 September 2025,3.88 kWh,$0.71,actual
03:00AM 29 September 2025,1.07 kWh,$0.24,actual
04:00AM 29 September 2025,0.78 kWh,$0.19,actual
05:00AM 29 September 2025,1.07 kWh,$0.24,actual
06:00AM 29 September 2025,1.03 kWh,$0.23,actual
07:00AM 29 September 2025,1.00 kWh,$0.32,actual
08:00AM 29 September 2025,0.65 kWh,$0.23,actual
09:00AM 29 September 2025,0.40 kWh,$0.16,actual
10:00AM 29 September 2025,1.37 kWh,$0.42,actual
11:00AM 29 September 2025,1.10 kWh,$0.35,actual
12:00PM 29 September 2025,1.63 kWh,$0.49,actual
01:00PM 29 September 2025,1.28 kWh,$0.40,actual
02:00PM 29 September 2025,0.55 kWh,$0.20,actual
03:00PM 29 September 2025,0.52 kWh,$0.20,actual
04:00PM 29 September 2025,0.65 kWh,$0.23,actual
05:00PM 29 September 2025,1.44 kWh,$0.44,actual
06:00PM 29 September 2025,2.98 kWh,$0.85,actual
07:00PM 29 September 2025,1.89 kWh,$0.56,actual
08:00PM 29 September 2025,2.13 kWh,$0.63,actual
09:00PM 29 September 2025,2.73 kWh,$0.51,actual
10:00PM 29 September 2025,3.31 kWh,$0.61,actual
11:00PM 29 September 2025,2.68 kWh,$0.51,actual
12:00AM 30 September 2025,3.95 kWh,$0.72,actual
01:00AM 30 September 2025,4.06 kWh,$0.74,actual
02:00AM 30 September 2025,4.03 kWh,$0.73,actual
03:00AM 30 September 2025,3.70 kWh,$0.68,actual
04:00AM 30 September 2025,1.47 kWh,$0.30,actual
05:00AM 30 September 2025,0.85 kWh,$0.20,actual
06:00AM 30 September 2025,1.19 kWh,$0.26,actual
07:00AM 30 September 2025,1.91 kWh,$0.57,actual
08:00AM 30 September 2025,1.64 kWh,$0.50,actual
09:00AM 30 September 2025,1.61 kWh,$0.49,actual
10:00AM 30 September 2025,1.83 kWh,$0.55,actual
11:00AM 30 September 2025,0.38 kWh,$0.16,actual
12:00PM 30 September 2025,1.07 kWh,$0.34,actual
01:00PM 30 September 2025,0.68 kWh,$0.24,actual
02:00PM 30 September 2025,0.42 kWh,$0.17,actual
03:00PM 30 September 2025,0.46 kWh,$0.18,actual
04:00PM 30 September 2025,0.63 kWh,$0.22,actual
05:00PM 30 September 2025,0.66 kWh,$0.23,actual
06:00PM 30 September 2025,2.33 kWh,$0.68,actual
07:00PM 30 September 2025,2.45 kWh,$0.71,actual
08:00PM 30 September 2025,0.95 kWh,$0.31,actual
09:00PM 30 September 2025,1.41 kWh,$0.29,actual
10:00PM 30 September 2025,2.37 kWh,$0.45,actual
11:00PM 30 September 2025,3.15 kWh,$0.58,actual
12:00AM 1 October 2025,4.22 kWh,$0.77,actual
01:00AM 1 October 2025,4.35 kWh,$0.79,actual
02:00AM 1 October 2025,4.30 kWh,$0.78,actual
03:00AM 1 October 2025,2.23 kWh,$0.43,actual
04:00AM 1 October 2025,1.63 kWh,$0.33,actual
05:00AM 1 October 2025,1.54 kWh,$0.31,actual
06:00AM 1 October 2025,1.53 kWh,$0.31,actual
07:00AM 1 October 2025,1.31 kWh,$0.41,actual
08:00AM 1 October 2025,2.31 kWh,$0.67,actual
09:00AM 1 October 2025,2.77 kWh,$0.80,actual
10:00AM 1 October 2025,1.80 kWh,$0.54,actual
11:00AM 1 October 2025,1.50 kWh,$0.46,actual
12:00PM 1 October 2025,1.24 kWh,$0.39,actual
01:00PM 1 October 2025,2.41 kWh,$0.70,actual
02:00PM 1 October 2025,1.38 kWh,$0.42,actual
03:00PM 1 October 2025,1.34 kWh,$0.41,actual
04:00PM 1 October 2025,1.48 kWh,$0.45,actual
05:00PM 1 October 2025,1.28 kWh,$0.40,actual
06:00PM 1 October 2025,2.92 kWh,$0.84,actual
07:00PM 1 October 2025,4.72 kWh,$1.32,actual
08:00PM 1 October 2025,2.31 kWh,$0.67,actual
09:00PM 1 October 2025,3.72 kWh,$0.68,actual
10:00PM 1 October 2025,3.54 kWh,$0.65,actual
11:00PM 1 October 2025,3.98 kWh,$0.73,actual
12:00AM 2 October 2025,5.05 kWh,$0.91,actual
01:00AM 2 October 2025,5.02 kWh,$0.90,actual
02:00AM 2 October 2025,4.92 kWh,$0.88,actual
03:00AM 2 October 2025,2.66 kWh,$0.50,actual
04:00AM 2 October 2025,2.26 kWh,$0.44,actual
05:00AM 2 October 2025,2.28 kWh,$0.44,actual
06:00AM 2 October 2025,2.21 kWh,$0.43,actual
07:00AM 2 October 2025,3.19 kWh,$0.91,actual
08:00AM 2 October 2025,1.80 kWh,$0.54,actual
09:00AM 2 October 2025,1.11 kWh,$0.35,actual
10:00AM 2 October 2025,2.12 kWh,$0.62,actual
11:00AM 2 October 2025,1.25 kWh,$0.39,actual
12:00PM 2 October 2025,1.73 kWh,$0.52,actual
01:00PM 2 October 2025,2.44 kWh,$0.71,actual
02:00PM 2 October 2025,1.49 kWh,$0.45,actual
03:00PM 2 October 2025,0.72 kWh,$0.25,actual
04:00PM 2 October 2025,2.26 kWh,$0.66,actual
05:00PM 2 October 2025,2.10 kWh,$0.62,actual
06:00PM 2 October 2025,3.34 kWh,$0.95,actual
07:00PM 2 October 2025,2.14 kWh,$0.63,actual
08:00PM 2 October 2025,2.40 kWh,$0.70,actual
09:00PM 2 October 2025,3.46 kWh,$0.64,actual
10:00PM 2 October 2025,2.06 kWh,$0.40,actual
11:00PM 2 October 2025,2.97 kWh,$0.56,actual
12:00AM 3 October 2025,4.04 kWh,$0.74,actual
01:00AM 3 October 2025,4.07 kWh,$0.74,actual
02:00AM 3 October 2025,4.06 kWh,$0.74,actual
03:00AM 3 October 2025,4.04 kWh,$0.74,actual
04:00AM 3 October 2025,1.81 kWh,$0.36,actual
05:00AM 3 October 2025,1.22 kWh,$0.26,actual
06:00AM 3 October 2025,0.88 kWh,$0.20,actual
07:00AM 3 October 2025,1.91 kWh,$0.57,actual
08:00AM 3 October 2025,2.23 kWh,$0.65,actual
09:00AM 3 October 2025,2.06 kWh,$0.61,actual
10:00AM 3 October 2025,0.54 kWh,$0.20,actual
11:00AM 3 October 2025,1.36 kWh,$0.42,actual
12:00PM 3 October 2025,2.63 kWh,$0.76,actual
01:00PM 3 October 2025,1.50 kWh,$0.46,actual
02:00PM 3 October 2025,1.20 kWh,$0.38,actual
03:00PM 3 October 2025,0.80 kWh,$0.27,actual
04:00PM 3 October 2025,2.11 kWh,$0.62,actual
05:00PM 3 October 2025,2.10 kWh,$0.62,actual
06:00PM 3 October 2025,2.81 kWh,$0.81,actual
07:00PM 3 October 2025,2.23 kWh,$0.65,actual
08:00PM 3 October 2025,2.06 kWh,$0.61,actual
09:00PM 3 October 2025,3.68 kWh,$0.67,actual
10:00PM 3 October 2025,2.34 kWh,$0.45,actual
11:00PM 3 October 2025,3.10 kWh,$0.58,actual
12:00AM 4 October 2025,4.50 kWh,$0.81,actual
01:00AM 4 October 2025,4.41 kWh,$0.80,actual
02:00AM 4 October 2025,4.47 kWh,$0.81,actual
03:00AM 4 October 2025,1.96 kWh,$0.38,actual
04:00AM 4 October 2025,1.82 kWh,$0.36,actual
05:00AM 4 October 2025,1.53 kWh,$0.31,actual
06:00AM 4 October 2025,1.29 kWh,$0.27,actual
07:00AM 4 October 2025,1.76 kWh,$0.53,actual
08:00AM 4 October 2025,2.08 kWh,$0.61,actual
09:00AM 4 October 2025,1.77 kWh,$0.53,actual
10:00AM 4 October 2025,1.38 kWh,$0.42,actual
11:00AM 4 October 2025,1.59 kWh,$0.48,actual
12:00PM 4 October 2025,2.77 kWh,$0.80,actual
01:00PM 4 October 2025,2.71 kWh,$0.78,actual
02:00PM 4 October 2025,1.16 kWh,$0.37,actual
03:00PM 4 October 2025,1.28 kWh,$0.40,actual
04:00PM 4 October 2025,2.00 kWh,$0.59,actual
05:00PM 4 October 2025,2.26 kWh,$0.66,actual
06:00PM 4 October 2025,2.75 kWh,$0.79,actual
07:00PM 4 October 2025,2.92 kWh,$0.84,actual
08:00PM 4 October 2025,2.31 kWh,$0.67,actual
09:00PM 4 October 2025,3.45 kWh,$0.64,actual
10:00PM 4 October 2025,1.99 kWh,$0.39,actual
11:00PM 4 October 2025,2.79 kWh,$0.52,actual
12:00AM 5 October 2025,4.15 kWh,$0.75,actual
01:00AM 5 October 2025,4.05 kWh,$0.74,actual
02:00AM 5 October 2025,4.03 kWh,$0.73,actual
03:00AM 5 October 2025,2.78 kWh,$0.52,actual
04:00AM 5 October 2025,1.21 kWh,$0.26,actual
05:00AM 5 October 2025,1.40 kWh,$0.29,actual
06:00AM 5 October 2025,1.16 kWh,$0.25,actual
07:00AM 5 October 2025,1.67 kWh,$0.50,actual
08:00AM 5 October 2025,2.48 kWh,$0.72,actual
09:00AM 5 October 2025,1.34 kWh,$0.41,actual
10:00AM 5 October 2025,1.71 kWh,$0.51,actual
11:00AM 5 October 2025,2.98 kWh,$0.86,actual
12:00PM 5 October 2025,4.06 kWh,$1.15,actual
01:00PM 5 October 2025,3.23 kWh,$0.92,actual
02:00PM 5 October 2025,1.03 kWh,$0.33,actual
03:00PM 5 October 2025,0.80 kWh,$0.27,actual
04:00PM 5 October 2025,1.47 kWh,$0.45,actual
05:00PM 5 October 2025,2.05 kWh,$0.61,actual
06:00PM 5 October 2025,4.97 kWh,$1.39,actual
07:00PM 5 October 2025,4.19 kWh,$1.18,actual
08:00PM 5 October 2025,2.98 kWh,$0.85,actual
09:00PM 5 October 2025,3.75 kWh,$0.69,actual
10:00PM 5 October 2025,2.54 kWh,$0.48,actual
11:00PM 5 October 2025,3.37 kWh,$0.62,actual
12:00AM 6 October 2025,4.47 kWh,$0.81,actual
01:00AM 6 October 2025,4.49 kWh,$0.81,actual
02:00AM 6 October 2025,4.50 kWh,$0.81,actual
03:00AM 6 October 2025,4.52 kWh,$0.82,actual
04:00AM 6 October 2025,2.72 kWh,$0.51,actual
05:00AM 6 October 2025,1.51 kWh,$0.31,actual
06:00AM 6 October 2025,1.90 kWh,$0.38,actual
07:00AM 6 October 2025,1.85 kWh,$0.55,actual
08:00AM 6 October 2025,1.73 kWh,$0.52,actual
09:00AM 6 October 2025,0.70 kWh,$0.24,actual
10:00AM 6 October 2025,0.73 kWh,$0.25,actual
11:00AM 6 October 2025,1.06 kWh,$0.34,actual
12:00PM 6 October 2025,1.21 kWh,$0.38,actual
01:00PM 6 October 2025,1.05 kWh,$0.34,actual
02:00PM 6 October 2025,0.38 kWh,$0.16,actual
03:00PM 6 October 2025,0.53 kWh,$0.20,actual
04:00PM 6 October 2025,0.66 kWh,$0.23,actual
05:00PM 6 October 2025,2.81 kWh,$0.81,actual
06:00PM 6 October 2025,3.25 kWh,$0.93,actual
07:00PM 6 October 2025,3.08 kWh,$0.88,actual
08:00PM 6 October 2025,1.75 kWh,$0.53,actual
09:00PM 6 October 2025,3.60 kWh,$0.66,actual
10:00PM 6 October 2025,2.15 kWh,$0.42,actual
11:00PM 6 October 2025,3.23 kWh,$0.60,actual
12:00AM 7 October 2025,4.22 kWh,$0.76,actual
01:00AM 7 October 2025,4.15 kWh,$0.75,actual
02:00AM 7 October 2025,3.74 kWh,$0.68,actual
03:00AM 7 October 2025,1.00 kWh,$0.22,actual
04:00AM 7 October 2025,1.37 kWh,$0.29,actual
05:00AM 7 October 2025,1.65 kWh,$0.33,actual
06:00AM 7 October 2025,1.47 kWh,$0.30,actual
07:00AM 7 October 2025,2.22 kWh,$0.65,actual
08:00AM 7 October 2025,1.31 kWh,$0.41,actual
09:00AM 7 October 2025,0.45 kWh,$0.18,actual
10:00AM 7 October 2025,0.62 kWh,$0.22,actual
11:00AM 7 October 2025,0.66 kWh,$0.23,actual
12:00PM 7 October 2025,0.48 kWh,$0.18,actual
01:00PM 7 October 2025,0.52 kWh,$0.20,actual
02:00PM 7 October 2025,0.60 kWh,$0.22,actual
03:00PM 7 October 2025,0.48 kWh,$0.19,actual
04:00PM 7 October 2025,0.46 kWh,$0.18,actual
05:00PM 7 October 2025,0.88 kWh,$0.29,actual
06:00PM 7 October 2025,2.35 kWh,$0.69,actual
07:00PM 7 October 2025,2.81 kWh,$0.81,actual
08:00PM 7 October 2025,2.85 kWh,$0.82,actual
09:00PM 7 October 2025,3.40 kWh,$0.63,actual
10:00PM 7 October 2025,2.73 kWh,$0.51,actual
11:00PM 7 October 2025,2.52 kWh,$0.48,actual
12:00AM 8 October 2025,3.64 kWh,$0.67,actual
01:00AM 8 October 2025,3.65 kWh,$0.67,actual
02:00AM 8 October 2025,3.73 kWh,$0.68,actual
03:00AM 8 October 2025,2.17 kWh,$0.42,actual
04:00AM 8 October 2025,1.14 kWh,$0.25,actual
05:00AM 8 October 2025,0.77 kWh,$0.18,actual
06:00AM 8 October 2025,1.81 kWh,$0.36,actual
07:00AM 8 October 2025,2.75 kWh,$0.79,actual
08:00AM 8 October 2025,2.34 kWh,$0.68,actual
09:00AM 8 October 2025,0.59 kWh,$0.21,actual
10:00AM 8 October 2025,0.56 kWh,$0.21,actual
11:00AM 8 October 2025,0.69 kWh,$0.24,actual
12:00PM 8 October 2025,2.25 kWh,$0.66,actual
01:00PM 8 October 2025,1.70 kWh,$0.51,actual
02:00PM 8 October 2025,1.12 kWh,$0.36,actual
03:00PM 8 October 2025,0.81 kWh,$0.27,actual
04:00PM 8 October 2025,0.81 kWh,$0.27,actual
05:00PM 8 October 2025,1.08 kWh,$0.35,actual
06:00PM 8 October 2025,2.21 kWh,$0.65,actual
07:00PM 8 October 2025,2.09 kWh,$0.62,actual
08:00PM 8 October 2025,2.13 kWh,$0.63,actual
09:00PM 8 October 2025,1.85 kWh,$0.37,actual
10:00PM 8 October 2025,1.29 kWh,$0.27,actual
11:00PM 8 October 2025,2.09 kWh,$0.41,actual
12:00AM 9 October 2025,3.68 kWh,$0.67,actual
01:00AM 9 October 2025,3.65 kWh,$0.67,actual
02:00AM 9 October 2025,3.21 kWh,$0.59,actual
03:00AM 9 October 2025,1.42 kWh,$0.29,actual
04:00AM 9 October 2025,0.46 kWh,$0.13,actual
05:00AM 9 October 2025,0.71 kWh,$0.18,actual
06:00AM 9 October 2025,2.63 kWh,$0.50,actual
07:00AM 9 October 2025,4.08 kWh,$1.15,actual
08:00AM 9 October 2025,0.69 kWh,$0.24,actual
09:00AM 9 October 2025,0.48 kWh,$0.18,actual
10:00AM 9 October 2025,0.60 kWh,$0.22,actual
11:00AM 9 October 2025,0.55 kWh,$0.20,actual
12:00PM 9 October 2025,1.02 kWh,$0.33,actual
01:00PM 9 October 2025,0.63 kWh,$0.22,actual
02:00PM 9 October 2025,0.47 kWh,$0.18,actual
03:00PM 9 October 2025,0.45 kWh,$0.18,actual
04:00PM 9 October 2025,0.64 kWh,$0.23,actual
05:00PM 9 October 2025,1.03 kWh,$0.33,actual
06:00PM 9 October 2025,1.60 kWh,$0.49,actual
07:00PM 9 October 2025,1.96 kWh,$0.58,actual
08:00PM 9 October 2025,1.71 kWh,$0.51,actual
09:00PM 9 October 2025,1.66 kWh,$0.33,actual
10:00PM 9 October 2025,1.34 kWh,$0.28,actual
11:00PM 9 October 2025,2.10 kWh,$0.41,actual
12:00AM 10 October 2025,3.69 kWh,$0.68,actual
01:00AM 10 October 2025,3.62 kWh,$0.66,actual
02:00AM 10 October 2025,3.67 kWh,$0.67,actual
03:00AM 10 October 2025,2.94 kWh,$0.55,actual
04:00AM 10 October 2025,1.10 kWh,$0.24,actual
05:00AM 10 October 2025,0.47 kWh,$0.13,actual
06:00AM 10 October 2025,2.21 kWh,$0.43,actual
07:00AM 10 October 2025,1.31 kWh,$0.41,actual
08:00AM 10 October 2025,0.51 kWh,$0.19,actual
09:00AM 10 October 2025,0.51 kWh,$0.19,actual
10:00AM 10 October 2025,0.58 kWh,$0.21,actual
11:00AM 10 October 2025,1.38 kWh,$0.43,actual
12:00PM 10 October 2025,1.38 kWh,$0.43,actual
01:00PM 10 October 2025,0.65 kWh,$0.23,actual
02:00PM 10 October 2025,0.66 kWh,$0.23,actual
03:00PM 10 October 2025,0.53 kWh,$0.20,actual
04:00PM 10 October 2025,0.62 kWh,$0.22,actual
05:00PM 10 October 2025,1.27 kWh,$0.40,actual
06:00PM 10 October 2025,2.10 kWh,$0.62,actual
07:00PM 10 October 2025,1.95 kWh,$0.58,actual
08:00PM 10 October 2025,1.62 kWh,$0.49,actual
09:00PM 10 October 2025,1.86 kWh,$0.37,actual
10:00PM 10 October 2025,1.04 kWh,$0.23,actual
11:00PM 10 October 2025,2.42 kWh,$0.46,actual
12:00AM 11 October 2025,3.76 kWh,$0.69,actual
01:00AM 11 October 2025,3.67 kWh,$0.67,actual
02:00AM 11 October 2025,2.53 kWh,$0.48,actual
03:00AM 11 October 2025,1.08 kWh,$0.24,actual
04:00AM 11 October 2025,0.91 kWh,$0.21,actual
05:00AM 11 October 2025,0.50 kWh,$0.14,actual
06:00AM 11 October 2025,0.59 kWh,$0.15,actual
07:00AM 11 October 2025,0.32 kWh,$0.14,actual
08:00AM 11 October 2025,1.14 kWh,$0.36,actual
09:00AM 11 October 2025,0.99 kWh,$0.32,actual
10:00AM 11 October 2025,0.73 kWh,$0.25,actual
11:00AM 11 October 2025,0.72 kWh,$0.25,actual
12:00PM 11 October 2025,1.58 kWh,$0.48,actual
01:00PM 11 October 2025,2.52 kWh,$0.73,actual
02:00PM 11 October 2025,0.62 kWh,$0.22,actual
03:00PM 11 October 2025,0.65 kWh,$0.23,actual
04:00PM 11 October 2025,1.60 kWh,$0.48,actual
05:00PM 11 October 2025,2.46 kWh,$0.71,actual
06:00PM 11 October 2025,1.92 kWh,$0.57,actual
07:00PM 11 October 2025,1.87 kWh,$0.56,actual
08:00PM 11 October 2025,1.36 kWh,$0.42,actual
09:00PM 11 October 2025,0.93 kWh,$0.21,actual
10:00PM 11 October 2025,1.32 kWh,$0.28,actual
11:00PM 11 October 2025,2.35 kWh,$0.45,actual
12:00AM 12 October 2025,3.69 kWh,$0.68,actual
01:00AM 12 October 2025,3.71 kWh,$0.68,actual
02:00AM 12 October 2025,2.58 kWh,$0.49,actual
03:00AM 12 October 2025,0.82 kWh,$0.19,actual
04:00AM 12 October 2025,0.97 kWh,$0.22,actual
05:00AM 12 October 2025,0.51 kWh,$0.14,actual
06:00AM 12 October 2025,0.92 kWh,$0.21,actual
07:00AM 12 October 2025,0.61 kWh,$0.22,actual
08:00AM 12 October 2025,1.03 kWh,$0.33,actual
09:00AM 12 October 2025,1.31 kWh,$0.41,actual
10:00AM 12 October 2025,1.06 kWh,$0.34,actual
11:00AM 12 October 2025,0.87 kWh,$0.29,actual
12:00PM 12 October 2025,1.44 kWh,$0.44,actual
01:00PM 12 October 2025,1.51 kWh,$0.46,actual
02:00PM 12 October 2025,0.68 kWh,$0.24,actual
03:00PM 12 October 2025,0.63 kWh,$0.23,actual
04:00PM 12 October 2025,0.83 kWh,$0.28,actual
05:00PM 12 October 2025,0.92 kWh,$0.30,actual
06:00PM 12 October 2025,1.99 kWh,$0.59,actual
07:00PM 12 October 2025,1.42 kWh,$0.44,actual
08:00PM 12 October 2025,1.55 kWh,$0.47,actual
09:00PM 12 October 2025,1.86 kWh,$0.37,actual
10:00PM 12 October 2025,1.12 kWh,$0.24,actual
11:00PM 12 October 2025,2.09 kWh,$0.41,actual
12:00AM 13 October 2025,3.65 kWh,$0.67,actual
01:00AM 13 October 2025,3.64 kWh,$0.67,actual
02:00AM 13 October 2025,2.90 kWh,$0.54,actual
03:00AM 13 October 2025,0.81 kWh,$0.19,actual
04:00AM 13 October 2025,0.46 kWh,$0.13,actual
05:00AM 13 October 2025,0.84 kWh,$0.20,actual
06:00AM 13 October 2025,0.61 kWh,$0.16,actual
07:00AM 13 October 2025,1.13 kWh,$0.36,actual
08:00AM 13 October 2025,1.22 kWh,$0.38,actual
09:00AM 13 October 2025,0.51 kWh,$0.19,actual
10:00AM 13 October 2025,0.71 kWh,$0.25,actual
11:00AM 13 October 2025,1.04 kWh,$0.34,actual
12:00PM 13 October 2025,1.21 kWh,$0.38,actual
01:00PM 13 October 2025,0.71 kWh,$0.25,actual
02:00PM 13 October 2025,0.52 kWh,$0.20,actual
03:00PM 13 October 2025,0.49 kWh,$0.19,actual
04:00PM 13 October 2025,0.54 kWh,$0.20,actual
05:00PM 13 October 2025,0.93 kWh,$0.30,actual
06:00PM 13 October 2025,1.56 kWh,$0.48,actual
07:00PM 13 October 2025,2.36 kWh,$0.69,actual
08:00PM 13 October 2025,2.56 kWh,$0.74,actual
09:00PM 13 October 2025,1.84 kWh,$0.37,actual
10:00PM 13 October 2025,2.61 kWh,$0.49,actual
11:00PM 13 October 2025,2.39 kWh,$0.46,actual
12:00AM 14 October 2025,3.78 kWh,$0.69,actual
01:00AM 14 October 2025,3.75 kWh,$0.69,actual
02:00AM 14 October 2025,3.75 kWh,$0.69,actual
03:00AM 14 October 2025,3.00 kWh,$0.56,actual
04:00AM 14 October 2025,0.90 kWh,$0.21,actual
05:00AM 14 October 2025,0.54 kWh,$0.15,actual
06:00AM 14 October 2025,1.22 kWh,$0.26,actual
07:00AM 14 October 2025,1.73 kWh,$0.52,actual
08:00AM 14 October 2025,1.51 kWh,$0.46,actual
09:00AM 14 October 2025,0.49 kWh,$0.19,actual
10:00AM 14 October 2025,0.53 kWh,$0.20,actual
11:00AM 14 October 2025,0.73 kWh,$0.25,actual
12:00PM 14 October 2025,0.30 kWh,$0.14,actual
01:00PM 14 October 2025,0.30 kWh,$0.14,actual
02:00PM 14 October 2025,0.32 kWh,$0.14,actual
03:00PM 14 October 2025,0.30 kWh,$0.14,actual
04:00PM 14 October 2025,1.35 kWh,$0.42,actual
05:00PM 14 October 2025,2.03 kWh,$0.60,actual
06:00PM 14 October 2025,1.41 kWh,$0.43,actual
07:00PM 14 October 2025,0.40 kWh,$0.16,actual
08:00PM 14 October 2025,1.53 kWh,$0.47,actual
09:00PM 14 October 2025,3.08 kWh,$0.57,actual
10:00PM 14 October 2025,2.40 kWh,$0.46,actual
11:00PM 14 October 2025,2.50 kWh,$0.48,actual
12:00AM 15 October 2025,3.57 kWh,$0.66,actual
01:00AM 15 October 2025,3.63 kWh,$0.67,actual
02:00AM 15 October 2025,3.08 kWh,$0.57,actual
03:00AM 15 October 2025,1.03 kWh,$0.23,actual
04:00AM 15 October 2025,0.33 kWh,$0.11,actual
05:00AM 15 October 2025,0.75 kWh,$0.18,actual
06:00AM 15 October 2025,0.35 kWh,$0.11,actual
07:00AM 15 October 2025,1.46 kWh,$0.45,actual
08:00AM 15 October 2025,1.32 kWh,$0.41,actual
09:00AM 15 October 2025,1.80 kWh,$0.54,actual
10:00AM 15 October 2025,1.33 kWh,$0.41,actual
11:00AM 15 October 2025,1.80 kWh,$0.54,actual
12:00PM 15 October 2025,2.35 kWh,$0.69,actual
01:00PM 15 October 2025,0.79 kWh,$0.27,actual
02:00PM 15 October 2025,0.66 kWh,$0.23,actual
03:00PM 15 October 2025,0.89 kWh,$0.29,actual
04:00PM 15 October 2025,0.42 kWh,$0.17,actual
05:00PM 15 October 2025,0.86 kWh,$0.29,actual
06:00PM 15 October 2025,1.23 kWh,$0.39,actual
07:00PM 15 October 2025,1.66 kWh,$0.50,actual
08:00PM 15 October 2025,1.99 kWh,$0.59,actual
09:00PM 15 October 2025,1.93 kWh,$0.38,actual
10:00PM 15 October 2025,1.03 kWh,$0.23,actual
11:00PM 15 October 2025,2.59 kWh,$0.49,actual
12:00AM 16 October 2025,3.67 kWh,$0.67,actual
01:00AM 16 October 2025,3.71 kWh,$0.68,actual
02:00AM 16 October 2025,2.44 kWh,$0.47,actual
03:00AM 16 October 2025,1.02 kWh,$0.23,actual
04:00AM 16 October 2025,0.80 kWh,$0.19,actual
05:00AM 16 October 2025,0.46 kWh,$0.13,actual
06:00AM 16 October 2025,0.96 kWh,$0.22,actual
07:00AM 16 October 2025,1.73 kWh,$0.52,actual
08:00AM 16 October 2025,1.37 kWh,$0.42,actual
09:00AM 16 October 2025,0.56 kWh,$0.21,actual
10:00AM 16 October 2025,0.50 kWh,$0.19,actual
11:00AM 16 October 2025,0.39 kWh,$0.16,actual
12:00PM 16 October 2025,2.00 kWh,$0.59,actual
01:00PM 16 October 2025,0.56 kWh,$0.21,actual
02:00PM 16 October 2025,0.37 kWh,$0.15,actual
03:00PM 16 October 2025,0.40 kWh,$0.16,actual
04:00PM 16 October 2025,1.08 kWh,$0.34,actual
05:00PM 16 October 2025,2.13 kWh,$0.63,actual
06:00PM 16 October 2025,2.15 kWh,$0.63,actual
07:00PM 16 October 2025,1.99 kWh,$0.59,actual
08:00PM 16 October 2025,2.37 kWh,$0.69,actual
09:00PM 16 October 2025,2.67 kWh,$0.51,actual
10:00PM 16 October 2025,1.46 kWh,$0.30,actual
11:00PM 16 October 2025,2.04 kWh,$0.40,actual
12:00AM 17 October 2025,3.58 kWh,$0.66,actual
01:00AM 17 October 2025,3.52 kWh,$0.65,actual
02:00AM 17 October 2025,3.59 kWh,$0.66,actual
03:00AM 17 October 2025,2.42 kWh,$0.46,actual
04:00AM 17 October 2025,0.69 kWh,$0.17,actual
05:00AM 17 October 2025,0.75 kWh,$0.18,actual
06:00AM 17 October 2025,0.81 kWh,$0.19,actual
07:00AM 17 October 2025,1.74 kWh,$0.52,actual
08:00AM 17 October 2025,1.34 kWh,$0.42,actual
09:00AM 17 October 2025,0.33 kWh,$0.14,actual
10:00AM 17 October 2025,0.43 kWh,$0.17,actual
11:00AM 17 October 2025,0.36 kWh,$0.15,actual
12:00PM 17 October 2025,0.49 kWh,$0.19,actual
01:00PM 17 October 2025,0.96 kWh,$0.31,actual
02:00PM 17 October 2025,0.51 kWh,$0.19,actual
03:00PM 17 October 2025,0.46 kWh,$0.18,actual
04:00PM 17 October 2025,0.46 kWh,$0.18,actual
05:00PM 17 October 2025,1.14 kWh,$0.36,actual
06:00PM 17 October 2025,0.63 kWh,$0.22,actual
07:00PM 17 October 2025,2.02 kWh,$0.60,actual
08:00PM 17 October 2025,3.12 kWh,$0.89,actual
09:00PM 17 October 2025,2.07 kWh,$0.40,actual
10:00PM 17 October 2025,1.66 kWh,$0.33,actual
11:00PM 17 October 2025,2.19 kWh,$0.42,actual
12:00AM 18 October 2025,3.65 kWh,$0.67,actual
01:00AM 18 October 2025,3.63 kWh,$0.67,actual
02:00AM 18 October 2025,3.62 kWh,$0.66,actual
03:00AM 18 October 2025,1.36 kWh,$0.28,actual
04:00AM 18 October 2025,0.78 kWh,$0.19,actual
05:00AM 18 October 2025,0.56 kWh,$0.15,actual
06:00AM 18 October 2025,0.78 kWh,$0.19,actual
07:00AM 18 October 2025,0.77 kWh,$0.26,actual
08:00AM 18 October 2025,1.95 kWh,$0.58,actual
09:00AM 18 October 2025,1.81 kWh,$0.54,actual
10:00AM 18 October 2025,1.16 kWh,$0.37,actual
11:00AM 18 October 2025,1.04 kWh,$0.33,actual
12:00PM 18 October 2025,0.78 kWh,$0.27,actual
01:00PM 18 October 2025,1.37 kWh,$0.42,actual
02:00PM 18 October 2025,0.49 kWh,$0.19,actual
03:00PM 18 October 2025,0.57 kWh,$0.21,actual
04:00PM 18 October 2025,0.54 kWh,$0.20,actual
05:00PM 18 October 2025,0.87 kWh,$0.29,actual
06:00PM 18 October 2025,1.07 kWh,$0.34,actual
07:00PM 18 October 2025,1.14 kWh,$0.36,actual
08:00PM 18 October 2025,1.53 kWh,$0.47,actual
09:00PM 18 October 2025,2.09 kWh,$0.41,actual
10:00PM 18 October 2025,1.73 kWh,$0.35,actual
11:00PM 18 October 2025,2.26 kWh,$0.44,actual
12:00AM 19 October 2025,3.71 kWh,$0.68,actual
01:00AM 19 October 2025,3.68 kWh,$0.67,actual
02:00AM 19 October 2025,0.93 kWh,$0.21,actual
03:00AM 19 October 2025,0.74 kWh,$0.18,actual
04:00AM 19 October 2025,0.76 kWh,$0.18,actual
05:00AM 19 October 2025,0.46 kWh,$0.13,actual
06:00AM 19 October 2025,0.79 kWh,$0.19,actual
07:00AM 19 October 2025,1.27 kWh,$0.40,actual
08:00AM 19 October 2025,1.23 kWh,$0.38,actual
09:00AM 19 October 2025,1.17 kWh,$0.37,actual
10:00AM 19 October 2025,0.48 kWh,$0.19,actual
11:00AM 19 October 2025,1.13 kWh,$0.36,actual
12:00PM 19 October 2025,1.13 kWh,$0.36,actual
01:00PM 19 October 2025,0.98 kWh,$0.32,actual
02:00PM 19 October 2025,0.56 kWh,$0.21,actual
03:00PM 19 October 2025,0.61 kWh,$0.22,actual
04:00PM 19 October 2025,0.56 kWh,$0.20,actual
05:00PM 19 October 2025,1.00 kWh,$0.32,actual
06:00PM 19 October 2025,1.69 kWh,$0.51,actual
07:00PM 19 October 2025,2.15 kWh,$0.63,actual
08:00PM 19 October 2025,2.38 kWh,$0.70,actual
09:00PM 19 October 2025,1.67 kWh,$0.34,actual
10:00PM 19 October 2025,1.98 kWh,$0.39,actual
11:00PM 19 October 2025,2.90 kWh,$0.54,actual
12:00AM 20 October 2025,4.15 kWh,$0.75,actual
01:00AM 20 October 2025,4.15 kWh,$0.75,actual
02:00AM 20 October 2025,4.12 kWh,$0.75,actual
03:00AM 20 October 2025,2.04 kWh,$0.40,actual
04:00AM 20 October 2025,1.34 kWh,$0.28,actual
05:00AM 20 October 2025,1.14 kWh,$0.25,actual
06:00AM 20 October 2025,1.88 kWh,$0.37,actual
07:00AM 20 October 2025,2.04 kWh,$0.60,actual
08:00AM 20 October 2025,1.55 kWh,$0.47,actual
09:00AM 20 October 2025,0.48 kWh,$0.18,actual
10:00AM 20 October 2025,0.60 kWh,$0.22,actual
11:00AM 20 October 2025,1.39 kWh,$0.43,actual
12:00PM 20 October 2025,1.19 kWh,$0.38,actual
01:00PM 20 October 2025,0.59 kWh,$0.22,actual
02:00PM 20 October 2025,1.06 kWh,$0.34,actual
03:00PM 20 October 2025,0.75 kWh,$0.26,actual
04:00PM 20 October 2025,1.12 kWh,$0.36,actual
05:00PM 20 October 2025,1.71 kWh,$0.52,actual
06:00PM 20 October 2025,1.34 kWh,$0.42,actual
07:00PM 20 October 2025,1.59 kWh,$0.48,actual
08:00PM 20 October 2025,1.04 kWh,$0.33,actual
09:00PM 20 October 2025,2.00 kWh,$0.39,actual
10:00PM 20 October 2025,1.41 kWh,$0.29,actual
11:00PM 20 October 2025,2.17 kWh,$0.42,actual
12:00AM 21 October 2025,3.71 kWh,$0.68,actual
01:00AM 21 October 2025,3.67 kWh,$0.67,actual
02:00AM 21 October 2025,1.20 kWh,$0.26,actual
03:00AM 21 October 2025,0.66 kWh,$0.17,actual
04:00AM 21 October 2025,0.81 kWh,$0.19,actual
05:00AM 21 October 2025,0.73 kWh,$0.18,actual
06:00AM 21 October 2025,1.84 kWh,$0.36,actual
07:00AM 21 October 2025,1.71 kWh,$0.51,actual
08:00AM 21 October 2025,1.14 kWh,$0.36,actual
09:00AM 21 October 2025,0.52 kWh,$0.19,actual
10:00AM 21 October 2025,1.07 kWh,$0.34,actual
11:00AM 21 October 2025,0.76 kWh,$0.26,actual
12:00PM 21 October 2025,0.57 kWh,$0.21,actual
01:00PM 21 October 2025,0.64 kWh,$0.23,actual
02:00PM 21 October 2025,0.56 kWh,$0.20,actual
03:00PM 21 October 2025,1.42 kWh,$0.44,actual
04:00PM 21 October 2025,1.51 kWh,$0.46,actual
05:00PM 21 October 2025,1.38 kWh,$0.43,actual
06:00PM 21 October 2025,1.42 kWh,$0.44,actual
07:00PM 21 October 2025,0.98 kWh,$0.32,actual
08:00PM 21 October 2025,0.81 kWh,$0.27,actual
09:00PM 21 October 2025,0.68 kWh,$0.17,actual
10:00PM 21 October 2025,1.22 kWh,$0.26,actual
11:00PM 21 October 2025,2.17 kWh,$0.42,actual
12:00AM 22 October 2025,3.65 kWh,$0.67,actual
01:00AM 22 October 2025,3.67 kWh,$0.67,actual
02:00AM 22 October 2025,2.35 kWh,$0.45,actual
03:00AM 22 October 2025,0.78 kWh,$0.19,actual
04:00AM 22 October 2025,0.80 kWh,$0.19,actual
05:00AM 22 October 2025,0.79 kWh,$0.19,actual
06:00AM 22 October 2025,1.37 kWh,$0.29,actual
07:00AM 22 October 2025,0.97 kWh,$0.32,actual
08:00AM 22 October 2025,1.32 kWh,$0.41,actual
09:00AM 22 October 2025,0.54 kWh,$0.20,actual
10:00AM 22 October 2025,1.64 kWh,$0.50,actual
11:00AM 22 October 2025,0.62 kWh,$0.22,actual
12:00PM 22 October 2025,0.69 kWh,$0.24,actual
01:00PM 22 October 2025,1.60 kWh,$0.49,actual
02:00PM 22 October 2025,0.57 kWh,$0.21,actual
03:00PM 22 October 2025,0.68 kWh,$0.24,actual
04:00PM 22 October 2025,0.96 kWh,$0.31,actual
05:00PM 22 October 2025,1.06 kWh,$0.34,actual
06:00PM 22 October 2025,1.29 kWh,$0.40,actual
07:00PM 22 October 2025,1.83 kWh,$0.55,actual
08:00PM 22 October 2025,1.55 kWh,$0.47,actual
09:00PM 22 October 2025,0.87 kWh,$0.20,actual
10:00PM 22 October 2025,0.94 kWh,$0.21,actual
11:00PM 22 October 2025,2.03 kWh,$0.40,actual
12:00AM 23 October 2025,3.67 kWh,$0.67,actual
01:00AM 23 October 2025,3.65 kWh,$0.67,actual
02:00AM 23 October 2025,1.80 kWh,$0.36,actual
03:00AM 23 October 2025,0.85 kWh,$0.20,actual
04:00AM 23 October 2025,0.77 kWh,$0.18,actual
05:00AM 23 October 2025,0.76 kWh,$0.18,actual
06:00AM 23 October 2025,0.73 kWh,$0.18,actual
07:00AM 23 October 2025,1.05 kWh,$0.34,actual
08:00AM 23 October 2025,1.29 kWh,$0.40,actual
09:00AM 23 October 2025,0.54 kWh,$0.20,actual
10:00AM 23 October 2025,0.63 kWh,$0.22,actual
11:00AM 23 October 2025,0.59 kWh,$0.21,actual
12:00PM 23 October 2025,1.19 kWh,$0.38,actual
01:00PM 23 October 2025,0.81 kWh,$0.27,actual
02:00PM 23 October 2025,0.46 kWh,$0.18,actual
03:00PM 23 October 2025,0.49 kWh,$0.19,actual
04:00PM 23 October 2025,0.82 kWh,$0.28,actual
05:00PM 23 October 2025,1.73 kWh,$0.52,actual
06:00PM 23 October 2025,1.52 kWh,$0.46,actual
07:00PM 23 October 2025,1.48 kWh,$0.45,actual
08:00PM 23 October 2025,0.96 kWh,$0.31,actual
09:00PM 23 October 2025,0.85 kWh,$0.20,actual
10:00PM 23 October 2025,0.99 kWh,$0.22,actual
11:00PM 23 October 2025,2.14 kWh,$0.42,actual
12:00AM 24 October 2025,3.69 kWh,$0.68,actual
01:00AM 24 October 2025,3.67 kWh,$0.67,actual
02:00AM 24 October 2025,3.60 kWh,$0.66,actual
03:00AM 24 October 2025,2.02 kWh,$0.39,actual
04:00AM 24 October 2025,1.24 kWh,$0.26,actual
05:00AM 24 October 2025,0.77 kWh,$0.19,actual
06:00AM 24 October 2025,1.73 kWh,$0.35,actual
07:00AM 24 October 2025,2.92 kWh,$0.84,actual
08:00AM 24 October 2025,0.50 kWh,$0.19,actual
09:00AM 24 October 2025,1.14 kWh,$0.36,actual
10:00AM 24 October 2025,0.52 kWh,$0.19,actual
11:00AM 24 October 2025,1.03 kWh,$0.33,actual
12:00PM 24 October 2025,1.08 kWh,$0.34,actual
01:00PM 24 October 2025,0.51 kWh,$0.19,actual
02:00PM 24 October 2025,1.17 kWh,$0.37,actual
03:00PM 24 October 2025,0.53 kWh,$0.20,actual
04:00PM 24 October 2025,0.53 kWh,$0.20,actual
05:00PM 24 October 2025,1.39 kWh,$0.43,actual
06:00PM 24 October 2025,1.41 kWh,$0.43,actual
07:00PM 24 October 2025,2.10 kWh,$0.62,actual
08:00PM 24 October 2025,1.59 kWh,$0.48,actual
09:00PM 24 October 2025,0.93 kWh,$0.21,actual
10:00PM 24 October 2025,1.08 kWh,$0.24,actual
11:00PM 24 October 2025,2.15 kWh,$0.42,actual
12:00AM 25 October 2025,3.67 kWh,$0.67,actual
01:00AM 25 October 2025,3.68 kWh,$0.67,actual
02:00AM 25 October 2025,1.12 kWh,$0.24,actual
03:00AM 25 October 2025,0.79 kWh,$0.19,actual
04:00AM 25 October 2025,1.31 kWh,$0.28,actual
05:00AM 25 October 2025,0.46 kWh,$0.13,actual
06:00AM 25 October 2025,0.46 kWh,$0.13,actual
07:00AM 25 October 2025,0.46 kWh,$0.18,actual
08:00AM 25 October 2025,1.02 kWh,$0.33,actual
09:00AM 25 October 2025,1.10 kWh,$0.35,actual
10:00AM 25 October 2025,1.08 kWh,$0.35,actual
11:00AM 25 October 2025,0.64 kWh,$0.23,actual
12:00PM 25 October 2025,0.85 kWh,$0.28,actual
01:00PM 25 October 2025,1.03 kWh,$0.33,actual
02:00PM 25 October 2025,0.59 kWh,$0.21,actual
03:00PM 25 October 2025,0.56 kWh,$0.20,actual
04:00PM 25 October 2025,0.59 kWh,$0.22,actual
05:00PM 25 October 2025,1.18 kWh,$0.37,actual
06:00PM 25 October 2025,0.78 kWh,$0.27,actual
07:00PM 25 October 2025,1.57 kWh,$0.48,actual
08:00PM 25 October 2025,1.74 kWh,$0.52,actual
09:00PM 25 October 2025,1.48 kWh,$0.30,actual
10:00PM 25 October 2025,1.10 kWh,$0.24,actual
11:00PM 25 October 2025,2.17 kWh,$0.42,actual
12:00AM 26 October 2025,3.68 kWh,$0.67,actual
01:00AM 26 October 2025,3.62 kWh,$0.66,actual
02:00AM 26 October 2025,3.36 kWh,$0.62,actual
03:00AM 26 October 2025,0.61 kWh,$0.16,actual
04:00AM 26 October 2025,0.55 kWh,$0.15,actual
05:00AM 26 October 2025,0.63 kWh,$0.16,actual
06:00AM 26 October 2025,0.31 kWh,$0.11,actual
07:00AM 26 October 2025,0.71 kWh,$0.25,actual
08:00AM 26 October 2025,0.78 kWh,$0.26,actual
09:00AM 26 October 2025,1.37 kWh,$0.42,actual
10:00AM 26 October 2025,1.08 kWh,$0.34,actual
11:00AM 26 October 2025,1.27 kWh,$0.40,actual
12:00PM 26 October 2025,1.34 kWh,$0.42,actual
01:00PM 26 October 2025,0.59 kWh,$0.21,actual
02:00PM 26 October 2025,0.56 kWh,$0.21,actual
03:00PM 26 October 2025,0.57 kWh,$0.21,actual
04:00PM 26 October 2025,0.88 kWh,$0.29,actual
05:00PM 26 October 2025,1.03 kWh,$0.33,actual
06:00PM 26 October 2025,1.68 kWh,$0.50,actual
07:00PM 26 October 2025,1.93 kWh,$0.57,actual
08:00PM 26 October 2025,1.53 kWh,$0.47,actual
09:00PM 26 October 2025,1.82 kWh,$0.36,actual
10:00PM 26 October 2025,1.56 kWh,$0.32,actual
11:00PM 26 October 2025,2.88 kWh,$0.54,actual
12:00AM 27 October 2025,4.19 kWh,$0.76,actual
01:00AM 27 October 2025,4.17 kWh,$0.76,actual
02:00AM 27 October 2025,3.82 kWh,$0.70,actual
03:00AM 27 October 2025,1.41 kWh,$0.29,actual
04:00AM 27 October 2025,1.45 kWh,$0.30,actual
05:00AM 27 October 2025,1.03 kWh,$0.23,actual
06:00AM 27 October 2025,2.01 kWh,$0.39,actual
07:00AM 27 October 2025,1.79 kWh,$0.54,actual
08:00AM 27 October 2025,1.16 kWh,$0.37,actual
09:00AM 27 October 2025,0.81 kWh,$0.27,actual
10:00AM 27 October 2025,0.68 kWh,$0.24,actual
11:00AM 27 October 2025,1.00 kWh,$0.33,actual
12:00PM 27 October 2025,2.31 kWh,$0.67,actual
01:00PM 27 October 2025,1.00 kWh,$0.32,actual
02:00PM 27 October 2025,0.51 kWh,$0.19,actual
03:00PM 27 October 2025,0.99 kWh,$0.32,actual
04:00PM 27 October 2025,0.75 kWh,$0.26,actual
05:00PM 27 October 2025,1.19 kWh,$0.38,actual
06:00PM 27 October 2025,3.23 kWh,$0.92,actual
07:00PM 27 October 2025,1.52 kWh,$0.46,actual
08:00PM 27 October 2025,2.26 kWh,$0.66,actual
09:00PM 27 October 2025,2.16 kWh,$0.42,actual
10:00PM 27 October 2025,2.33 kWh,$0.45,actual
11:00PM 27 October 2025,3.04 kWh,$0.57,actual
12:00AM 28 October 2025,4.07 kWh,$0.74,actual
01:00AM 28 October 2025,4.16 kWh,$0.76,actual
02:00AM 28 October 2025,3.10 kWh,$0.58,actual
03:00AM 28 October 2025,1.34 kWh,$0.28,actual
04:00AM 28 October 2025,1.04 kWh,$0.23,actual
05:00AM 28 October 2025,2.27 kWh,$0.44,actual
06:00AM 28 October 2025,1.64 kWh,$0.33,actual
07:00AM 28 October 2025,2.87 kWh,$0.83,actual
08:00AM 28 October 2025,1.60 kWh,$0.49,actual
09:00AM 28 October 2025,0.61 kWh,$0.22,actual
10:00AM 28 October 2025,0.63 kWh,$0.23,actual
11:00AM 28 October 2025,0.58 kWh,$0.21,actual
12:00PM 28 October 2025,1.11 kWh,$0.35,actual
01:00PM 28 October 2025,1.51 kWh,$0.46,actual
02:00PM 28 October 2025,1.32 kWh,$0.41,actual
03:00PM 28 October 2025,1.95 kWh,$0.58,actual
04:00PM 28 October 2025,1.07 kWh,$0.34,actual
05:00PM 28 October 2025,3.41 kWh,$0.97,actual
06:00PM 28 October 2025,3.69 kWh,$1.04,actual
07:00PM 28 October 2025,2.60 kWh,$0.75,actual
08:00PM 28 October 2025,3.08 kWh,$0.88,actual
09:00PM 28 October 2025,2.59 kWh,$0.49,actual
10:00PM 28 October 2025,2.62 kWh,$0.50,actual
11:00PM 28 October 2025,2.62 kWh,$0.50,actual
12:00AM 29 October 2025,3.67 kWh,$0.67,actual
01:00AM 29 October 2025,3.66 kWh,$0.67,actual
02:00AM 29 October 2025,3.25 kWh,$0.60,actual
03:00AM 29 October 2025,1.37 kWh,$0.29,actual
04:00AM 29 October 2025,0.83 kWh,$0.20,actual
05:00AM 29 October 2025,0.47 kWh,$0.13,actual
06:00AM 29 October 2025,2.48 kWh,$0.47,actual
07:00AM 29 October 2025,4.00 kWh,$1.13,actual
08:00AM 29 October 2025,1.72 kWh,$0.52,actual
09:00AM 29 October 2025,1.75 kWh,$0.53,actual
10:00AM 29 October 2025,0.56 kWh,$0.21,actual
11:00AM 29 October 2025,0.61 kWh,$0.22,actual
12:00PM 29 October 2025,0.72 kWh,$0.25,actual
01:00PM 29 October 2025,0.83 kWh,$0.28,actual
02:00PM 29 October 2025,0.87 kWh,$0.29,actual
03:00PM 29 October 2025,0.81 kWh,$0.27,actual
04:00PM 29 October 2025,1.88 kWh,$0.56,actual
05:00PM 29 October 2025,2.04 kWh,$0.60,actual
06:00PM 29 October 2025,1.65 kWh,$0.50,actual
07:00PM 29 October 2025,1.87 kWh,$0.56,actual
08:00PM 29 October 2025,2.17 kWh,$0.64,actual
09:00PM 29 October 2025,2.42 kWh,$0.46,actual
10:00PM 29 October 2025,2.58 kWh,$0.49,actual
11:00PM 29 October 2025,3.31 kWh,$0.61,actual
12:00AM 30 October 2025,4.70 kWh,$0.85,actual
01:00AM 30 October 2025,4.77 kWh,$0.86,actual
02:00AM 30 October 2025,4.84 kWh,$0.87,actual
03:00AM 30 October 2025,4.85 kWh,$0.87,actual
04:00AM 30 October 2025,3.62 kWh,$0.66,actual
05:00AM 30 October 2025,1.75 kWh,$0.35,actual
06:00AM 30 October 2025,2.94 kWh,$0.55,actual
07:00AM 30 October 2025,2.06 kWh,$0.61,actual
08:00AM 30 October 2025,1.08 kWh,$0.35,actual
09:00AM 30 October 2025,0.93 kWh,$0.31,actual
10:00AM 30 October 2025,0.67 kWh,$0.23,actual
11:00AM 30 October 2025,0.49 kWh,$0.19,actual
12:00PM 30 October 2025,0.49 kWh,$0.19,actual
01:00PM 30 October 2025,1.75 kWh,$0.52,actual
02:00PM 30 October 2025,0.52 kWh,$0.19,actual
03:00PM 30 October 2025,0.66 kWh,$0.23,actual
04:00PM 30 October 2025,0.54 kWh,$0.20,actual
05:00PM 30 October 2025,0.92 kWh,$0.30,actual
06:00PM 30 October 2025,1.58 kWh,$0.48,actual
07:00PM 30 October 2025,1.49 kWh,$0.46,actual
08:00PM 30 October 2025,1.58 kWh,$0.48,actual
09:00PM 30 October 2025,1.41 kWh,$0.29,actual
10:00PM 30 October 2025,2.05 kWh,$0.40,actual
11:00PM 30 October 2025,2.35 kWh,$0.45,actual
12:00AM 31 October 2025,3.72 kWh,$0.68,actual
01:00AM 31 October 2025,3.69 kWh,$0.68,actual
02:00AM 31 October 2025,3.77 kWh,$0.69,actual
03:00AM 31 October 2025,0.81 kWh,$0.19,actual
04:00AM 31 October 2025,0.49 kWh,$0.14,actual
05:00AM 31 October 2025,0.50 kWh,$0.14,actual
06:00AM 31 October 2025,1.55 kWh,$0.32,actual
07:00AM 31 October 2025,1.82 kWh,$0.54,actual
08:00AM 31 October 2025,1.66 kWh,$0.50,actual
09:00AM 31 October 2025,1.04 kWh,$0.33,actual
10:00AM 31 October 2025,1.30 kWh,$0.40,actual
11:00AM 31 October 2025,1.82 kWh,$0.54,actual
12:00PM 31 October 2025,0.92 kWh,$0.30,actual
01:00PM 31 October 2025,0.71 kWh,$0.25,actual
02:00PM 31 October 2025,1.12 kWh,$0.36,actual
03:00PM 31 October 2025,0.65 kWh,$0.23,actual
04:00PM 31 October 2025,1.07 kWh,$0.34,actual
05:00PM 31 October 2025,2.00 kWh,$0.59,actual
06:00PM 31 October 2025,3.40 kWh,$0.97,actual
07:00PM 31 October 2025,2.08 kWh,$0.61,actual
08:00PM 31 October 2025,1.95 kWh,$0.58,actual
09:00PM 31 October 2025,1.08 kWh,$0.24,actual
10:00PM 31 October 2025,1.30 kWh,$0.27,actual
11:00PM 31 October 2025,2.97 kWh,$0.56,actual
12:00AM 1 November 2025,4.17 kWh,$0.76,actual
01:00AM 1 November 2025,4.19 kWh,$0.76,actual
02:00AM 1 November 2025,4.10 kWh,$0.75,actual
03:00AM 1 November 2025,0.99 kWh,$0.22,actual
04:00AM 1 November 2025,1.47 kWh,$0.30,actual
05:00AM 1 November 2025,1.38 kWh,$0.29,actual
06:00AM 1 November 2025,1.04 kWh,$0.23,actual
07:00AM 1 November 2025,1.00 kWh,$0.32,actual
08:00AM 1 November 2025,1.65 kWh,$0.50,actual
09:00AM 1 November 2025,0.81 kWh,$0.27,actual
10:00AM 1 November 2025,1.05 kWh,$0.34,actual
11:00AM 1 November 2025,2.39 kWh,$0.70,actual
12:00PM 1 November 2025,1.86 kWh,$0.56,actual
01:00PM 1 November 2025,1.96 kWh,$0.58,actual
02:00PM 1 November 2025,0.84 kWh,$0.28,actual
03:00PM 1 November 2025,0.73 kWh,$0.25,actual
04:00PM 1 November 2025,0.57 kWh,$0.21,actual
05:00PM 1 November 2025,1.27 kWh,$0.40,actual
06:00PM 1 November 2025,1.77 kWh,$0.53,actual
07:00PM 1 November 2025,1.26 kWh,$0.39,actual
08:00PM 1 November 2025,2.22 kWh,$0.65,actual
09:00PM 1 November 2025,2.70 kWh,$0.51,actual
10:00PM 1 November 2025,1.86 kWh,$0.37,actual
11:00PM 1 November 2025,3.15 kWh,$0.59,actual
12:00AM 2 November 2025,4.65 kWh,$0.84,actual
01:00AM 2 November 2025,4.72 kWh,$0.85,actual
02:00AM 2 November 2025,3.86 kWh,$0.70,actual
03:00AM 2 November 2025,1.87 kWh,$0.37,actual
04:00AM 2 November 2025,2.08 kWh,$0.41,actual
05:00AM 2 November 2025,1.64 kWh,$0.33,actual
06:00AM 2 November 2025,1.90 kWh,$0.38,actual
07:00AM 2 November 2025,1.75 kWh,$0.53,actual
08:00AM 2 November 2025,1.31 kWh,$0.41,actual
09:00AM 2 November 2025,0.95 kWh,$0.31,actual
10:00AM 2 November 2025,1.50 kWh,$0.46,actual
11:00AM 2 November 2025,1.71 kWh,$0.51,actual
12:00PM 2 November 2025,2.49 kWh,$0.72,actual
01:00PM 2 November 2025,1.45 kWh,$0.45,actual
02:00PM 2 November 2025,0.78 kWh,$0.27,actual
03:00PM 2 November 2025,0.81 kWh,$0.27,actual
04:00PM 2 November 2025,0.66 kWh,$0.23,actual
05:00PM 2 November 2025,2.68 kWh,$0.77,actual
06:00PM 2 November 2025,2.17 kWh,$0.64,actual
07:00PM 2 November 2025,1.82 kWh,$0.54,actual
08:00PM 2 November 2025,1.75 kWh,$0.53,actual
09:00PM 2 November 2025,2.36 kWh,$0.45,actual
10:00PM 2 November 2025,2.11 kWh,$0.41,actual
11:00PM 2 November 2025,3.09 kWh,$0.58,actual
12:00AM 3 November 2025,4.50 kWh,$0.81,actual
01:00AM 3 November 2025,4.49 kWh,$0.81,actual
02:00AM 3 November 2025,4.49 kWh,$0.81,actual
03:00AM 3 November 2025,3.21 kWh,$0.59,actual
04:00AM 3 November 2025,1.28 kWh,$0.27,actual
05:00AM 3 November 2025,1.65 kWh,$0.33,actual
06:00AM 3 November 2025,1.97 kWh,$0.39,actual
07:00AM 3 November 2025,1.55 kWh,$0.47,actual
08:00AM 3 November 2025,0.55 kWh,$0.20,actual
09:00AM 3 November 2025,0.41 kWh,$0.16,actual
10:00AM 3 November 2025,1.38 kWh,$0.43,actual
11:00AM 3 November 2025,1.94 kWh,$0.58,actual
12:00PM 3 November 2025,1.31 kWh,$0.41,actual
01:00PM 3 November 2025,0.58 kWh,$0.21,actual
02:00PM 3 November 2025,0.68 kWh,$0.24,actual
03:00PM 3 November 2025,0.46 kWh,$0.18,actual
04:00PM 3 November 2025,0.68 kWh,$0.24,actual
05:00PM 3 November 2025,0.85 kWh,$0.28,actual
06:00PM 3 November 2025,1.50 kWh,$0.46,actual
07:00PM 3 November 2025,1.46 kWh,$0.45,actual
08:00PM 3 November 2025,1.41 kWh,$0.43,actual
09:00PM 3 November 2025,2.68 kWh,$0.51,actual
10:00PM 3 November 2025,2.14 kWh,$0.42,actual
11:00PM 3 November 2025,2.98 kWh,$0.56,actual
12:00AM 4 November 2025,4.31 kWh,$0.78,actual
01:00AM 4 November 2025,4.41 kWh,$0.80,actual
02:00AM 4 November 2025,4.40 kWh,$0.80,actual
03:00AM 4 November 2025,2.54 kWh,$0.48,actual
04:00AM 4 November 2025,2.05 kWh,$0.40,actual
05:00AM 4 November 2025,1.49 kWh,$0.31,actual
06:00AM 4 November 2025,1.26 kWh,$0.27,actual
07:00AM 4 November 2025,1.79 kWh,$0.54,actual
08:00AM 4 November 2025,1.43 kWh,$0.44,actual
09:00AM 4 November 2025,0.76 kWh,$0.26,actual
10:00AM 4 November 2025,0.56 kWh,$0.21,actual
11:00AM 4 November 2025,0.97 kWh,$0.31,actual
12:00PM 4 November 2025,0.95 kWh,$0.31,actual
01:00PM 4 November 2025,0.51 kWh,$0.19,actual
02:00PM 4 November 2025,0.61 kWh,$0.22,actual
03:00PM 4 November 2025,0.51 kWh,$0.19,actual
04:00PM 4 November 2025,1.19 kWh,$0.37,actual
05:00PM 4 November 2025,1.17 kWh,$0.37,actual
06:00PM 4 November 2025,1.81 kWh,$0.54,actual
07:00PM 4 November 2025,1.57 kWh,$0.48,actual
08:00PM 4 November 2025,1.98 kWh,$0.59,actual
09:00PM 4 November 2025,1.01 kWh,$0.23,actual
10:00PM 4 November 2025,1.48 kWh,$0.30,actual
11:00PM 4 November 2025,2.68 kWh,$0.51,actual
12:00AM 5 November 2025,4.24 kWh,$0.77,actual
01:00AM 5 November 2025,4.21 kWh,$0.76,actual
02:00AM 5 November 2025,1.03 kWh,$0.23,actual
03:00AM 5 November 2025,1.33 kWh,$0.28,actual
04:00AM 5 November 2025,1.39 kWh,$0.29,actual
05:00AM 5 November 2025,1.01 kWh,$0.23,actual
06:00AM 5 November 2025,1.86 kWh,$0.37,actual
07:00AM 5 November 2025,1.02 kWh,$0.33,actual
08:00AM 5 November 2025,1.96 kWh,$0.58,actual
09:00AM 5 November 2025,0.83 kWh,$0.28,actual
10:00AM 5 November 2025,1.60 kWh,$0.48,actual
11:00AM 5 November 2025,0.56 kWh,$0.21,actual
12:00PM 5 November 2025,0.54 kWh,$0.20,actual
01:00PM 5 November 2025,1.14 kWh,$0.36,actual
02:00PM 5 November 2025,0.80 kWh,$0.27,actual
03:00PM 5 November 2025,0.73 kWh,$0.25,actual
04:00PM 5 November 2025,0.81 kWh,$0.27,actual
05:00PM 5 November 2025,0.84 kWh,$0.28,actual
06:00PM 5 November 2025,2.23 kWh,$0.65,actual
07:00PM 5 November 2025,2.46 kWh,$0.72,actual
08:00PM 5 November 2025,2.21 kWh,$0.65,actual
09:00PM 5 November 2025,0.99 kWh,$0.22,actual
10:00PM 5 November 2025,2.06 kWh,$0.40,actual
11:00PM 5 November 2025,2.99 kWh,$0.56,actual
12:00AM 6 November 2025,4.37 kWh,$0.79,actual
01:00AM 6 November 2025,4.39 kWh,$0.79,actual
02:00AM 6 November 2025,2.83 kWh,$0.53,actual
03:00AM 6 November 2025,1.84 kWh,$0.36,actual
04:00AM 6 November 2025,1.27 kWh,$0.27,actual
05:00AM 6 November 2025,2.18 kWh,$0.42,actual
06:00AM 6 November 2025,1.45 kWh,$0.30,actual
07:00AM 6 November 2025,1.26 kWh,$0.39,actual
08:00AM 6 November 2025,0.88 kWh,$0.29,actual
09:00AM 6 November 2025,0.59 kWh,$0.22,actual
10:00AM 6 November 2025,0.61 kWh,$0.22,actual
11:00AM 6 November 2025,1.06 kWh,$0.34,actual
12:00PM 6 November 2025,1.25 kWh,$0.39,actual
01:00PM 6 November 2025,0.81 kWh,$0.27,actual
02:00PM 6 November 2025,0.71 kWh,$0.25,actual
03:00PM 6 November 2025,0.64 kWh,$0.23,actual
04:00PM 6 November 2025,0.82 kWh,$0.28,actual
05:00PM 6 November 2025,2.40 kWh,$0.70,actual
06:00PM 6 November 2025,1.55 kWh,$0.47,actual
07:00PM 6 November 2025,1.35 kWh,$0.42,actual
08:00PM 6 November 2025,1.22 kWh,$0.38,actual
09:00PM 6 November 2025,0.96 kWh,$0.22,actual
10:00PM 6 November 2025,1.17 kWh,$0.25,actual
11:00PM 6 November 2025,2.29 kWh,$0.44,actual
12:00AM 7 November 2025,3.69 kWh,$0.68,actual
01:00AM 7 November 2025,3.68 kWh,$0.68,actual
02:00AM 7 November 2025,1.71 kWh,$0.34,actual
03:00AM 7 November 2025,1.16 kWh,$0.25,actual
04:00AM 7 November 2025,0.82 kWh,$0.19,actual
05:00AM 7 November 2025,0.81 kWh,$0.19,actual
06:00AM 7 November 2025,1.09 kWh,$0.24,actual
07:00AM 7 November 2025,1.35 kWh,$0.42,actual
08:00AM 7 November 2025,1.16 kWh,$0.37,actual
09:00AM 7 November 2025,0.55 kWh,$0.20,actual
10:00AM 7 November 2025,0.67 kWh,$0.23,actual
11:00AM 7 November 2025,1.59 kWh,$0.48,actual
12:00PM 7 November 2025,0.73 kWh,$0.25,actual
01:00PM 7 November 2025,0.80 kWh,$0.27,actual
02:00PM 7 November 2025,0.65 kWh,$0.23,actual
03:00PM 7 November 2025,0.65 kWh,$0.23,actual
04:00PM 7 November 2025,0.95 kWh,$0.31,actual
05:00PM 7 November 2025,0.99 kWh,$0.32,actual
06:00PM 7 November 2025,1.08 kWh,$0.35,actual
07:00PM 7 November 2025,1.98 kWh,$0.59,actual
08:00PM 7 November 2025,2.03 kWh,$0.60,actual
09:00PM 7 November 2025,1.17 kWh,$0.25,actual
10:00PM 7 November 2025,1.90 kWh,$0.38,actual
11:00PM 7 November 2025,3.22 kWh,$0.60,actual
12:00AM 8 November 2025,4.81 kWh,$0.86,actual
01:00AM 8 November 2025,4.76 kWh,$0.86,actual
02:00AM 8 November 2025,2.75 kWh,$0.52,actual
03:00AM 8 November 2025,1.96 kWh,$0.38,actual
04:00AM 8 November 2025,2.00 kWh,$0.39,actual
05:00AM 8 November 2025,1.70 kWh,$0.34,actual
06:00AM 8 November 2025,1.95 kWh,$0.38,actual
07:00AM 8 November 2025,1.45 kWh,$0.44,actual
08:00AM 8 November 2025,1.07 kWh,$0.34,actual
09:00AM 8 November 2025,1.15 kWh,$0.36,actual
10:00AM 8 November 2025,1.33 kWh,$0.41,actual
11:00AM 8 November 2025,1.55 kWh,$0.47,actual
12:00PM 8 November 2025,1.31 kWh,$0.41,actual
01:00PM 8 November 2025,0.99 kWh,$0.32,actual
02:00PM 8 November 2025,0.83 kWh,$0.28,actual
03:00PM 8 November 2025,0.87 kWh,$0.29,actual
04:00PM 8 November 2025,0.71 kWh,$0.25,actual
05:00PM 8 November 2025,1.05 kWh,$0.34,actual
06:00PM 8 November 2025,1.48 kWh,$0.45,actual
07:00PM 8 November 2025,2.43 kWh,$0.71,actual
08:00PM 8 November 2025,1.15 kWh,$0.36,actual
09:00PM 8 November 2025,1.04 kWh,$0.23,actual
10:00PM 8 November 2025,2.01 kWh,$0.39,actual
11:00PM 8 November 2025,2.91 kWh,$0.55,actual
12:00AM 9 November 2025,4.60 kWh,$0.83,actual
01:00AM 9 November 2025,4.61 kWh,$0.83,actual
02:00AM 9 November 2025,2.89 kWh,$0.54,actual
03:00AM 9 November 2025,2.39 kWh,$0.46,actual
04:00AM 9 November 2025,1.41 kWh,$0.29,actual
05:00AM 9 November 2025,1.39 kWh,$0.29,actual
06:00AM 9 November 2025,1.84 kWh,$0.36,actual
07:00AM 9 November 2025,0.98 kWh,$0.32,actual
08:00AM 9 November 2025,1.03 kWh,$0.33,actual
09:00AM 9 November 2025,1.00 kWh,$0.32,actual
10:00AM 9 November 2025,1.21 kWh,$0.38,actual
11:00AM 9 November 2025,0.53 kWh,$0.20,actual
12:00PM 9 November 2025,1.15 kWh,$0.36,actual
01:00PM 9 November 2025,0.59 kWh,$0.22,actual
02:00PM 9 November 2025,0.54 kWh,$0.20,actual
03:00PM 9 November 2025,0.54 kWh,$0.20,actual
04:00PM 9 November 2025,0.58 kWh,$0.21,actual
05:00PM 9 November 2025,1.40 kWh,$0.43,actual
06:00PM 9 November 2025,2.49 kWh,$0.72,actual
07:00PM 9 November 2025,2.43 kWh,$0.71,actual
08:00PM 9 November 2025,1.77 kWh,$0.53,actual
09:00PM 9 November 2025,1.97 kWh,$0.39,actual
10:00PM 9 November 2025,1.78 kWh,$0.35,actual
11:00PM 9 November 2025,2.56 kWh,$0.49,actual
12:00AM 10 November 2025,4.16 kWh,$0.76,actual
01:00AM 10 November 2025,4.18 kWh,$0.76,actual
02:00AM 10 November 2025,3.83 kWh,$0.70,actual
03:00AM 10 November 2025,0.99 kWh,$0.22,actual
04:00AM 10 November 2025,1.30 kWh,$0.27,actual
05:00AM 10 November 2025,1.40 kWh,$0.29,actual
06:00AM 10 November 2025,2.36 kWh,$0.45,actual
07:00AM 10 November 2025,1.78 kWh,$0.53,actual
08:00AM 10 November 2025,0.56 kWh,$0.20,actual
09:00AM 10 November 2025,0.58 kWh,$0.21,actual
10:00AM 10 November 2025,0.59 kWh,$0.21,actual
11:00AM 10 November 2025,0.89 kWh,$0.30,actual
12:00PM 10 November 2025,0.87 kWh,$0.29,actual
01:00PM 10 November 2025,0.53 kWh,$0.20,actual
02:00PM 10 November 2025,0.55 kWh,$0.20,actual
03:00PM 10 November 2025,0.54 kWh,$0.20,actual
04:00PM 10 November 2025,0.57 kWh,$0.21,actual
05:00PM 10 November 2025,1.27 kWh,$0.40,actual
06:00PM 10 November 2025,1.36 kWh,$0.42,actual
07:00PM 10 November 2025,1.64 kWh,$0.50,actual
08:00PM 10 November 2025,1.50 kWh,$0.46,actual
09:00PM 10 November 2025,1.02 kWh,$0.23,actual
10:00PM 10 November 2025,1.35 kWh,$0.28,actual
11:00PM 10 November 2025,2.18 kWh,$0.42,actual
12:00AM 11 November 2025,3.65 kWh,$0.67,actual
01:00AM 11 November 2025,3.12 kWh,$0.58,actual
02:00AM 11 November 2025,1.05 kWh,$0.23,actual
03:00AM 11 November 2025,0.80 kWh,$0.19,actual
04:00AM 11 November 2025,0.52 kWh,$0.14,actual
05:00AM 11 November 2025,0.81 kWh,$0.19,actual
06:00AM 11 November 2025,1.49 kWh,$0.31,actual
07:00AM 11 November 2025,2.73 kWh,$0.79,actual
08:00AM 11 November 2025,0.82 kWh,$0.28,actual
09:00AM 11 November 2025,0.58 kWh,$0.21,actual
10:00AM 11 November 2025,0.57 kWh,$0.21,actual
11:00AM 11 November 2025,1.73 kWh,$0.52,actual
12:00PM 11 November 2025,1.07 kWh,$0.34,actual
01:00PM 11 November 2025,0.74 kWh,$0.25,actual
02:00PM 11 November 2025,0.67 kWh,$0.23,actual
03:00PM 11 November 2025,0.57 kWh,$0.21,actual
04:00PM 11 November 2025,0.60 kWh,$0.22,actual
05:00PM 11 November 2025,0.87 kWh,$0.29,actual
06:00PM 11 November 2025,1.05 kWh,$0.34,actual
07:00PM 11 November 2025,1.77 kWh,$0.53,actual
08:00PM 11 November 2025,2.12 kWh,$0.62,actual
09:00PM 11 November 2025,1.66 kWh,$0.33,actual
10:00PM 11 November 2025,1.56 kWh,$0.32,actual
11:00PM 11 November 2025,2.50 kWh,$0.48,actual
12:00AM 12 November 2025,3.79 kWh,$0.69,actual
01:00AM 12 November 2025,3.79 kWh,$0.69,actual
02:00AM 12 November 2025,1.19 kWh,$0.26,actual
03:00AM 12 November 2025,1.47 kWh,$0.30,actual
04:00AM 12 November 2025,0.70 kWh,$0.17,actual
05:00AM 12 November 2025,1.21 kWh,$0.26,actual
06:00AM 12 November 2025,1.04 kWh,$0.23,actual
07:00AM 12 November 2025,2.48 kWh,$0.72,actual
08:00AM 12 November 2025,2.30 kWh,$0.67,actual
09:00AM 12 November 2025,0.74 kWh,$0.25,actual
10:00AM 12 November 2025,0.97 kWh,$0.32,actual
11:00AM 12 November 2025,0.87 kWh,$0.29,actual
12:00PM 12 November 2025,0.87 kWh,$0.29,actual
01:00PM 12 November 2025,0.60 kWh,$0.22,actual
02:00PM 12 November 2025,0.59 kWh,$0.21,actual
03:00PM 12 November 2025,0.58 kWh,$0.21,actual
04:00PM 12 November 2025,0.85 kWh,$0.29,actual
05:00PM 12 November 2025,1.32 kWh,$0.41,actual
06:00PM 12 November 2025,1.42 kWh,$0.44,actual
07:00PM 12 November 2025,1.94 kWh,$0.58,actual
08:00PM 12 November 2025,1.87 kWh,$0.56,actual
09:00PM 12 November 2025,2.45 kWh,$0.47,actual
10:00PM 12 November 2025,1.94 kWh,$0.38,actual
11:00PM 12 November 2025,3.13 kWh,$0.58,actual
12:00AM 13 November 2025,4.44 kWh,$0.80,actual
01:00AM 13 November 2025,3.79 kWh,$0.69,actual
02:00AM 13 November 2025,2.69 kWh,$0.51,actual
03:00AM 13 November 2025,1.94 kWh,$0.38,actual
04:00AM 13 November 2025,1.25 kWh,$0.27,actual
05:00AM 13 November 2025,1.25 kWh,$0.27,actual
06:00AM 13 November 2025,1.28 kWh,$0.27,actual
07:00AM 13 November 2025,1.03 kWh,$0.33,actual
08:00AM 13 November 2025,1.21 kWh,$0.38,actual
09:00AM 13 November 2025,1.22 kWh,$0.38,actual
10:00AM 13 November 2025,3.66 kWh,$1.04,actual
11:00AM 13 November 2025,1.73 kWh,$0.52,actual
12:00PM 13 November 2025,0.94 kWh,$0.31,actual
01:00PM 13 November 2025,1.60 kWh,$0.48,actual
02:00PM 13 November 2025,0.98 kWh,$0.32,actual
03:00PM 13 November 2025,0.66 kWh,$0.23,actual
04:00PM 13 November 2025,1.37 kWh,$0.42,actual
05:00PM 13 November 2025,1.60 kWh,$0.48,actual
06:00PM 13 November 2025,2.74 kWh,$0.79,actual
07:00PM 13 November 2025,2.93 kWh,$0.84,actual
08:00PM 13 November 2025,2.77 kWh,$0.80,actual
09:00PM 13 November 2025,3.04 kWh,$0.57,actual
10:00PM 13 November 2025,2.47 kWh,$0.47,actual
11:00PM 13 November 2025,3.26 kWh,$0.60,actual
12:00AM 14 November 2025,4.86 kWh,$0.87,actual
01:00AM 14 November 2025,4.73 kWh,$0.85,actual
02:00AM 14 November 2025,4.66 kWh,$0.84,actual
03:00AM 14 November 2025,4.77 kWh,$0.86,actual
04:00AM 14 November 2025,3.17 kWh,$0.59,actual
05:00AM 14 November 2025,2.29 kWh,$0.44,actual
06:00AM 14 November 2025,1.68 kWh,$0.34,actual
07:00AM 14 November 2025,1.74 kWh,$0.52,actual
08:00AM 14 November 2025,1.25 kWh,$0.39,actual
09:00AM 14 November 2025,1.22 kWh,$0.38,actual
10:00AM 14 November 2025,0.72 kWh,$0.25,actual
11:00AM 14 November 2025,0.60 kWh,$0.22,actual
12:00PM 14 November 2025,0.57 kWh,$0.21,actual
01:00PM 14 November 2025,2.04 kWh,$0.60,actual
02:00PM 14 November 2025,0.84 kWh,$0.28,actual
03:00PM 14 November 2025,0.71 kWh,$0.25,actual
04:00PM 14 November 2025,0.71 kWh,$0.25,actual
05:00PM 14 November 2025,0.60 kWh,$0.22,actual
06:00PM 14 November 2025,1.46 kWh,$0.45,actual
07:00PM 14 November 2025,1.40 kWh,$0.43,actual
08:00PM 14 November 2025,0.98 kWh,$0.32,actual
09:00PM 14 November 2025,0.96 kWh,$0.22,actual
10:00PM 14 November 2025,1.04 kWh,$0.23,actual
11:00PM 14 November 2025,2.23 kWh,$0.43,actual
12:00AM 15 November 2025,3.65 kWh,$0.67,actual
01:00AM 15 November 2025,3.12 kWh,$0.58,actual
02:00AM 15 November 2025,0.92 kWh,$0.21,actual
03:00AM 15 November 2025,1.23 kWh,$0.26,actual
04:00AM 15 November 2025,0.57 kWh,$0.15,actual
05:00AM 15 November 2025,0.79 kWh,$0.19,actual
06:00AM 15 November 2025,0.49 kWh,$0.14,actual
07:00AM 15 November 2025,0.52 kWh,$0.19,actual
08:00AM 15 November 2025,0.91 kWh,$0.30,actual
09:00AM 15 November 2025,1.46 kWh,$0.45,actual
10:00AM 15 November 2025,0.62 kWh,$0.22,actual
11:00AM 15 November 2025,0.65 kWh,$0.23,actual
12:00PM 15 November 2025,1.58 kWh,$0.48,actual
01:00PM 15 November 2025,1.61 kWh,$0.49,actual
02:00PM 15 November 2025,1.15 kWh,$0.36,actual
03:00PM 15 November 2025,1.81 kWh,$0.54,actual
04:00PM 15 November 2025,0.71 kWh,$0.25,actual
05:00PM 15 November 2025,2.13 kWh,$0.63,actual
06:00PM 15 November 2025,2.41 kWh,$0.70,actual
07:00PM 15 November 2025,2.37 kWh,$0.69,actual
08:00PM 15 November 2025,2.21 kWh,$0.65,actual
09:00PM 15 November 2025,3.15 kWh,$0.58,actual
10:00PM 15 November 2025,2.21 kWh,$0.43,actual
11:00PM 15 November 2025,3.08 kWh,$0.57,actual
12:00AM 16 November 2025,4.48 kWh,$0.81,actual
01:00AM 16 November 2025,4.38 kWh,$0.79,actual
02:00AM 16 November 2025,3.41 kWh,$0.63,actual
03:00AM 16 November 2025,1.67 kWh,$0.34,actual
04:00AM 16 November 2025,1.41 kWh,$0.29,actual
05:00AM 16 November 2025,2.18 kWh,$0.42,actual
06:00AM 16 November 2025,2.38 kWh,$0.46,actual
07:00AM 16 November 2025,1.54 kWh,$0.47,actual
08:00AM 16 November 2025,0.65 kWh,$0.23,actual
09:00AM 16 November 2025,1.40 kWh,$0.43,actual
10:00AM 16 November 2025,0.74 kWh,$0.26,actual
11:00AM 16 November 2025,0.93 kWh,$0.31,actual
12:00PM 16 November 2025,0.63 kWh,$0.22,actual
01:00PM 16 November 2025,0.94 kWh,$0.31,actual
02:00PM 16 November 2025,0.79 kWh,$0.27,actual
03:00PM 16 November 2025,0.69 kWh,$0.24,actual
04:00PM 16 November 2025,1.09 kWh,$0.35,actual
05:00PM 16 November 2025,1.34 kWh,$0.41,actual
06:00PM 16 November 2025,1.51 kWh,$0.46,actual
07:00PM 16 November 2025,1.54 kWh,$0.47,actual
08:00PM 16 November 2025,1.62 kWh,$0.49,actual
09:00PM 16 November 2025,1.80 kWh,$0.36,actual
10:00PM 16 November 2025,1.52 kWh,$0.31,actual
11:00PM 16 November 2025,2.90 kWh,$0.54,actual
12:00AM 17 November 2025,4.21 kWh,$0.76,actual
01:00AM 17 November 2025,4.13 kWh,$0.75,actual
02:00AM 17 November 2025,4.17 kWh,$0.76,actual
03:00AM 17 November 2025,2.81 kWh,$0.53,actual
04:00AM 17 November 2025,1.55 kWh,$0.32,actual
05:00AM 17 November 2025,1.03 kWh,$0.23,actual
06:00AM 17 November 2025,1.93 kWh,$0.38,actual
07:00AM 17 November 2025,1.18 kWh,$0.37,actual
08:00AM 17 November 2025,0.32 kWh,$0.14,actual
09:00AM 17 November 2025,0.32 kWh,$0.14,actual
10:00AM 17 November 2025,0.95 kWh,$0.31,actual
11:00AM 17 November 2025,1.41 kWh,$0.43,actual
12:00PM 17 November 2025,0.75 kWh,$0.26,actual
01:00PM 17 November 2025,0.52 kWh,$0.19,actual
02:00PM 17 November 2025,0.53 kWh,$0.20,actual
03:00PM 17 November 2025,0.52 kWh,$0.20,actual
04:00PM 17 November 2025,0.83 kWh,$0.28,actual
05:00PM 17 November 2025,1.81 kWh,$0.54,actual
06:00PM 17 November 2025,1.39 kWh,$0.43,actual
07:00PM 17 November 2025,1.33 kWh,$0.41,actual
08:00PM 17 November 2025,1.04 kWh,$0.34,actual
09:00PM 17 November 2025,0.86 kWh,$0.20,actual
10:00PM 17 November 2025,1.20 kWh,$0.26,actual
11:00PM 17 November 2025,2.13 kWh,$0.41,actual
12:00AM 18 November 2025,3.68 kWh,$0.68,actual
01:00AM 18 November 2025,2.98 kWh,$0.56,actual
02:00AM 18 November 2025,1.17 kWh,$0.25,actual
03:00AM 18 November 2025,0.51 kWh,$0.14,actual
04:00AM 18 November 2025,0.79 kWh,$0.19,actual
05:00AM 18 November 2025,0.49 kWh,$0.14,actual
06:00AM 18 November 2025,0.73 kWh,$0.18,actual
07:00AM 18 November 2025,0.85 kWh,$0.28,actual
08:00AM 18 November 2025,1.38 kWh,$0.43,actual
09:00AM 18 November 2025,0.56 kWh,$0.21,actual
10:00AM 18 November 2025,0.56 kWh,$0.21,actual
11:00AM 18 November 2025,0.56 kWh,$0.20,actual
12:00PM 18 November 2025,1.21 kWh,$0.38,actual
01:00PM 18 November 2025,0.85 kWh,$0.28,actual
02:00PM 18 November 2025,0.97 kWh,$0.32,actual
03:00PM 18 November 2025,0.83 kWh,$0.28,actual
04:00PM 18 November 2025,0.86 kWh,$0.29,actual
05:00PM 18 November 2025,1.05 kWh,$0.34,actual
06:00PM 18 November 2025,1.30 kWh,$0.40,actual
07:00PM 18 November 2025,1.65 kWh,$0.50,actual
08:00PM 18 November 2025,1.08 kWh,$0.35,actual
09:00PM 18 November 2025,0.93 kWh,$0.21,actual
10:00PM 18 November 2025,1.02 kWh,$0.23,actual
11:00PM 18 November 2025,2.42 kWh,$0.46,actual
12:00AM 19 November 2025,3.71 kWh,$0.68,actual
01:00AM 19 November 2025,3.67 kWh,$0.67,actual
02:00AM 19 November 2025,2.44 kWh,$0.47,actual
03:00AM 19 November 2025,0.69 kWh,$0.17,actual
04:00AM 19 November 2025,0.88 kWh,$0.20,actual
05:00AM 19 November 2025,0.95 kWh,$0.22,actual
06:00AM 19 November 2025,0.86 kWh,$0.20,actual
07:00AM 19 November 2025,0.86 kWh,$0.29,actual
08:00AM 19 November 2025,1.40 kWh,$0.43,actual
09:00AM 19 November 2025,0.62 kWh,$0.22,actual
10:00AM 19 November 2025,0.53 kWh,$0.20,actual
11:00AM 19 November 2025,1.50 kWh,$0.46,actual
12:00PM 19 November 2025,0.54 kWh,$0.20,actual
01:00PM 19 November 2025,1.03 kWh,$0.33,actual
02:00PM 19 November 2025,0.65 kWh,$0.23,actual
03:00PM 19 November 2025,0.49 kWh,$0.19,actual
04:00PM 19 November 2025,0.68 kWh,$0.24,actual
05:00PM 19 November 2025,0.57 kWh,$0.21,actual
06:00PM 19 November 2025,1.50 kWh,$0.46,actual
07:00PM 19 November 2025,1.21 kWh,$0.38,actual
08:00PM 19 November 2025,0.95 kWh,$0.31,actual
09:00PM 19 November 2025,0.92 kWh,$0.21,actual
10:00PM 19 November 2025,1.29 kWh,$0.27,actual
11:00PM 19 November 2025,2.19 kWh,$0.42,actual
12:00AM 20 November 2025,3.74 kWh,$0.68,actual
01:00AM 20 November 2025,3.69 kWh,$0.68,actual
02:00AM 20 November 2025,1.76 kWh,$0.35,actual
03:00AM 20 November 2025,1.62 kWh,$0.33,actual
04:00AM 20 November 2025,0.51 kWh,$0.14,actual
05:00AM 20 November 2025,0.50 kWh,$0.14,actual
06:00AM 20 November 2025,0.50 kWh,$0.14,actual
07:00AM 20 November 2025,0.91 kWh,$0.30,actual
08:00AM 20 November 2025,1.15 kWh,$0.36,actual
09:00AM 20 November 2025,0.66 kWh,$0.23,actual
10:00AM 20 November 2025,0.57 kWh,$0.21,actual
11:00AM 20 November 2025,0.57 kWh,$0.21,actual
12:00PM 20 November 2025,0.88 kWh,$0.29,actual
01:00PM 20 November 2025,0.63 kWh,$0.23,actual
02:00PM 20 November 2025,0.59 kWh,$0.21,actual
03:00PM 20 November 2025,0.60 kWh,$0.22,actual
04:00PM 20 November 2025,0.87 kWh,$0.29,actual
05:00PM 20 November 2025,1.02 kWh,$0.33,actual
06:00PM 20 November 2025,1.44 kWh,$0.44,actual
07:00PM 20 November 2025,1.43 kWh,$0.44,actual
08:00PM 20 November 2025,0.94 kWh,$0.31,actual
09:00PM 20 November 2025,0.92 kWh,$0.21,actual
10:00PM 20 November 2025,1.02 kWh,$0.23,actual
11:00PM 20 November 2025,1.84 kWh,$0.37,actual
12:00AM 21 November 2025,3.45 kWh,$0.64,actual
01:00AM 21 November 2025,3.35 kWh,$0.62,actual
02:00AM 21 November 2025,0.98 kWh,$0.22,actual
03:00AM 21 November 2025,0.67 kWh,$0.17,actual
04:00AM 21 November 2025,0.32 kWh,$0.11,actual
05:00AM 21 November 2025,0.81 kWh,$0.19,actual
06:00AM 21 November 2025,0.40 kWh,$0.12,actual
07:00AM 21 November 2025,0.94 kWh,$0.31,actual
08:00AM 21 November 2025,0.62 kWh,$0.22,actual
09:00AM 21 November 2025,1.08 kWh,$0.35,actual
10:00AM 21 November 2025,0.60 kWh,$0.22,actual
11:00AM 21 November 2025,0.88 kWh,$0.29,actual
12:00PM 21 November 2025,0.79 kWh,$0.27,actual
01:00PM 21 November 2025,0.56 kWh,$0.21,actual
02:00PM 21 November 2025,0.55 kWh,$0.20,actual
03:00PM 21 November 2025,0.87 kWh,$0.29,actual
04:00PM 21 November 2025,1.38 kWh,$0.43,actual
05:00PM 21 November 2025,1.42 kWh,$0.44,actual
06:00PM 21 November 2025,1.03 kWh,$0.33,actual
07:00PM 21 November 2025,1.91 kWh,$0.57,actual
08:00PM 21 November 2025,0.88 kWh,$0.29,actual
09:00PM 21 November 2025,2.18 kWh,$0.42,actual
10:00PM 21 November 2025,1.78 kWh,$0.36,actual
11:00PM 21 November 2025,3.16 kWh,$0.59,actual
12:00AM 22 November 2025,4.52 kWh,$0.82,actual
01:00AM 22 November 2025,4.52 kWh,$0.82,actual
02:00AM 22 November 2025,2.08 kWh,$0.41,actual
03:00AM 22 November 2025,1.97 kWh,$0.39,actual
04:00AM 22 November 2025,1.44 kWh,$0.30,actual
05:00AM 22 November 2025,1.72 kWh,$0.35,actual
06:00AM 22 November 2025,1.61 kWh,$0.33,actual
07:00AM 22 November 2025,1.20 kWh,$0.38,actual
08:00AM 22 November 2025,1.05 kWh,$0.34,actual
09:00AM 22 November 2025,1.16 kWh,$0.37,actual
10:00AM 22 November 2025,1.27 kWh,$0.40,actual
11:00AM 22 November 2025,1.64 kWh,$0.50,actual
12:00PM 22 November 2025,1.57 kWh,$0.48,actual
01:00PM 22 November 2025,1.03 kWh,$0.33,actual
02:00PM 22 November 2025,0.70 kWh,$0.24,actual
03:00PM 22 November 2025,0.91 kWh,$0.30,actual
04:00PM 22 November 2025,1.32 kWh,$0.41,actual
05:00PM 22 November 2025,1.02 kWh,$0.33,actual
06:00PM 22 November 2025,1.12 kWh,$0.36,actual
07:00PM 22 November 2025,1.71 kWh,$0.51,actual
08:00PM 22 November 2025,1.08 kWh,$0.35,actual
09:00PM 22 November 2025,2.02 kWh,$0.39,actual
10:00PM 22 November 2025,2.19 kWh,$0.42,actual
11:00PM 22 November 2025,2.73 kWh,$0.52,actual
12:00AM 23 November 2025,4.18 kWh,$0.76,actual
01:00AM 23 November 2025,4.15 kWh,$0.75,actual
02:00AM 23 November 2025,2.51 kWh,$0.48,actual
03:00AM 23 November 2025,1.59 kWh,$0.32,actual
04:00AM 23 November 2025,0.95 kWh,$0.22,actual
05:00AM 23 November 2025,1.25 kWh,$0.27,actual
06:00AM 23 November 2025,1.04 kWh,$0.23,actual
07:00AM 23 November 2025,0.53 kWh,$0.20,actual
08:00AM 23 November 2025,0.73 kWh,$0.25,actual
09:00AM 23 November 2025,1.16 kWh,$0.37,actual
10:00AM 23 November 2025,0.67 kWh,$0.23,actual
11:00AM 23 November 2025,0.77 kWh,$0.26,actual
12:00PM 23 November 2025,0.73 kWh,$0.25,actual
01:00PM 23 November 2025,0.98 kWh,$0.32,actual
02:00PM 23 November 2025,0.68 kWh,$0.24,actual
03:00PM 23 November 2025,0.62 kWh,$0.22,actual
04:00PM 23 November 2025,0.87 kWh,$0.29,actual
05:00PM 23 November 2025,1.35 kWh,$0.42,actual
06:00PM 23 November 2025,1.41 kWh,$0.43,actual
07:00PM 23 November 2025,1.81 kWh,$0.54,actual
08:00PM 23 November 2025,1.00 kWh,$0.32,actual
09:00PM 23 November 2025,1.99 kWh,$0.39,actual
10:00PM 23 November 2025,1.39 kWh,$0.29,actual
11:00PM 23 November 2025,2.64 kWh,$0.50,actual
12:00AM 24 November 2025,3.96 kWh,$0.72,actual
01:00AM 24 November 2025,3.99 kWh,$0.73,actual
02:00AM 24 November 2025,3.86 kWh,$0.71,actual
03:00AM 24 November 2025,0.81 kWh,$0.19,actual
04:00AM 24 November 2025,1.11 kWh,$0.24,actual
05:00AM 24 November 2025,1.30 kWh,$0.27,actual
06:00AM 24 November 2025,1.35 kWh,$0.28,actual
07:00AM 24 November 2025,1.36 kWh,$0.42,actual
08:00AM 24 November 2025,0.62 kWh,$0.22,actual
09:00AM 24 November 2025,0.54 kWh,$0.20,actual
10:00AM 24 November 2025,0.65 kWh,$0.23,actual
11:00AM 24 November 2025,1.90 kWh,$0.56,actual
12:00PM 24 November 2025,1.01 kWh,$0.33,actual
01:00PM 24 November 2025,0.66 kWh,$0.23,actual
02:00PM 24 November 2025,0.62 kWh,$0.22,actual
03:00PM 24 November 2025,0.62 kWh,$0.22,actual
04:00PM 24 November 2025,0.73 kWh,$0.25,actual
05:00PM 24 November 2025,1.00 kWh,$0.32,actual
06:00PM 24 November 2025,2.76 kWh,$0.80,actual
07:00PM 24 November 2025,1.59 kWh,$0.48,actual
08:00PM 24 November 2025,1.53 kWh,$0.47,actual
09:00PM 24 November 2025,0.97 kWh,$0.22,actual
10:00PM 24 November 2025,1.01 kWh,$0.23,actual
11:00PM 24 November 2025,2.34 kWh,$0.45,actual
12:00AM 25 November 2025,3.67 kWh,$0.67,actual
01:00AM 25 November 2025,2.09 kWh,$0.41,actual
02:00AM 25 November 2025,0.76 kWh,$0.18,actual
03:00AM 25 November 2025,1.30 kWh,$0.27,actual
04:00AM 25 November 2025,0.58 kWh,$0.15,actual
05:00AM 25 November 2025,0.50 kWh,$0.14,actual
06:00AM 25 November 2025,0.83 kWh,$0.20,actual
07:00AM 25 November 2025,1.10 kWh,$0.35,actual
08:00AM 25 November 2025,1.35 kWh,$0.42,actual
09:00AM 25 November 2025,1.04 kWh,$0.33,actual
10:00AM 25 November 2025,1.11 kWh,$0.35,actual
11:00AM 25 November 2025,1.04 kWh,$0.34,actual
12:00PM 25 November 2025,1.47 kWh,$0.45,actual
01:00PM 25 November 2025,1.02 kWh,$0.33,actual
02:00PM 25 November 2025,0.90 kWh,$0.30,actual
03:00PM 25 November 2025,0.80 kWh,$0.27,actual
04:00PM 25 November 2025,1.18 kWh,$0.37,actual
05:00PM 25 November 2025,1.40 kWh,$0.43,actual
06:00PM 25 November 2025,1.42 kWh,$0.44,actual
07:00PM 25 November 2025,1.91 kWh,$0.57,actual
08:00PM 25 November 2025,1.48 kWh,$0.45,actual
09:00PM 25 November 2025,1.98 kWh,$0.39,actual
10:00PM 25 November 2025,1.46 kWh,$0.30,actual
11:00PM 25 November 2025,2.63 kWh,$0.50,actual
12:00AM 26 November 2025,4.14 kWh,$0.75,actual
01:00AM 26 November 2025,4.14 kWh,$0.75,actual
02:00AM 26 November 2025,3.35 kWh,$0.62,actual
03:00AM 26 November 2025,1.65 kWh,$0.33,actual
04:00AM 26 November 2025,0.89 kWh,$0.21,actual
05:00AM 26 November 2025,1.25 kWh,$0.27,actual
06:00AM 26 November 2025,1.06 kWh,$0.23,actual
07:00AM 26 November 2025,1.39 kWh,$0.43,actual
08:00AM 26 November 2025,1.87 kWh,$0.56,actual
09:00AM 26 November 2025,0.52 kWh,$0.19,actual
10:00AM 26 November 2025,0.44 kWh,$0.17,actual
11:00AM 26 November 2025,0.49 kWh,$0.19,actual
12:00PM 26 November 2025,0.56 kWh,$0.20,actual
01:00PM 26 November 2025,0.50 kWh,$0.19,actual
02:00PM 26 November 2025,0.54 kWh,$0.20,actual
03:00PM 26 November 2025,0.52 kWh,$0.19,actual
04:00PM 26 November 2025,0.51 kWh,$0.19,actual
05:00PM 26 November 2025,0.49 kWh,$0.19,actual
06:00PM 26 November 2025,2.98 kWh,$0.86,actual
07:00PM 26 November 2025,3.00 kWh,$0.86,actual
08:00PM 26 November 2025,1.33 kWh,$0.41,actual
09:00PM 26 November 2025,0.86 kWh,$0.20,actual
10:00PM 26 November 2025,1.32 kWh,$0.28,actual
11:00PM 26 November 2025,2.37 kWh,$0.45,actual
12:00AM 27 November 2025,3.52 kWh,$0.65,actual
01:00AM 27 November 2025,3.31 kWh,$0.61,actual
02:00AM 27 November 2025,0.74 kWh,$0.18,actual
03:00AM 27 November 2025,0.64 kWh,$0.16,actual
04:00AM 27 November 2025,0.36 kWh,$0.12,actual
05:00AM 27 November 2025,0.67 kWh,$0.17,actual
06:00AM 27 November 2025,0.44 kWh,$0.13,actual
07:00AM 27 November 2025,1.06 kWh,$0.34,actual
08:00AM 27 November 2025,0.97 kWh,$0.32,actual
09:00AM 27 November 2025,0.45 kWh,$0.18,actual
10:00AM 27 November 2025,0.35 kWh,$0.15,actual
11:00AM 27 November 2025,0.82 kWh,$0.28,actual
12:00PM 27 November 2025,1.67 kWh,$0.50,actual
01:00PM 27 November 2025,0.48 kWh,$0.18,actual
02:00PM 27 November 2025,0.61 kWh,$0.22,actual
03:00PM 27 November 2025,0.58 kWh,$0.21,actual
04:00PM 27 November 2025,2.75 kWh,$0.79,actual
05:00PM 27 November 2025,2.39 kWh,$0.70,actual
06:00PM 27 November 2025,2.23 kWh,$0.65,actual
07:00PM 27 November 2025,2.52 kWh,$0.73,actual
08:00PM 27 November 2025,1.10 kWh,$0.35,actual
09:00PM 27 November 2025,0.72 kWh,$0.18,actual
10:00PM 27 November 2025,1.04 kWh,$0.23,actual
11:00PM 27 November 2025,2.06 kWh,$0.40,actual
12:00AM 28 November 2025,3.55 kWh,$0.65,actual
01:00AM 28 November 2025,3.54 kWh,$0.65,actual
02:00AM 28 November 2025,0.59 kWh,$0.15,actual
03:00AM 28 November 2025,0.50 kWh,$0.14,actual
04:00AM 28 November 2025,0.62 kWh,$0.16,actual
05:00AM 28 November 2025,0.57 kWh,$0.15,actual
06:00AM 28 November 2025,0.41 kWh,$0.12,actual
07:00AM 28 November 2025,1.50 kWh,$0.46,actual
08:00AM 28 November 2025,0.43 kWh,$0.17,actual
09:00AM 28 November 2025,0.50 kWh,$0.19,actual
10:00AM 28 November 2025,0.36 kWh,$0.15,actual
11:00AM 28 November 2025,0.51 kWh,$0.19,actual
12:00PM 28 November 2025,0.51 kWh,$0.19,actual
01:00PM 28 November 2025,0.55 kWh,$0.20,actual
02:00PM 28 November 2025,0.43 kWh,$0.17,actual
03:00PM 28 November 2025,0.38 kWh,$0.16,actual
04:00PM 28 November 2025,0.44 kWh,$0.17,actual
05:00PM 28 November 2025,0.81 kWh,$0.27,actual
06:00PM 28 November 2025,1.05 kWh,$0.34,actual
07:00PM 28 November 2025,1.44 kWh,$0.44,actual
08:00PM 28 November 2025,1.61 kWh,$0.49,actual
09:00PM 28 November 2025,0.79 kWh,$0.19,actual
10:00PM 28 November 2025,1.00 kWh,$0.22,actual
11:00PM 28 November 2025,2.29 kWh,$0.44,actual
12:00AM 29 November 2025,3.71 kWh,$0.68,actual
01:00AM 29 November 2025,1.58 kWh,$0.32,actual
02:00AM 29 November 2025,0.99 kWh,$0.22,actual
03:00AM 29 November 2025,0.89 kWh,$0.21,actual
04:00AM 29 November 2025,0.85 kWh,$0.20,actual
05:00AM 29 November 2025,0.59 kWh,$0.15,actual
06:00AM 29 November 2025,0.82 kWh,$0.19,actual
07:00AM 29 November 2025,0.68 kWh,$0.24,actual
08:00AM 29 November 2025,1.49 kWh,$0.45,actual
09:00AM 29 November 2025,0.78 kWh,$0.27,actual
10:00AM 29 November 2025,0.88 kWh,$0.29,actual
11:00AM 29 November 2025,0.84 kWh,$0.28,actual
12:00PM 29 November 2025,0.78 kWh,$0.26,actual
01:00PM 29 November 2025,0.64 kWh,$0.23,actual
02:00PM 29 November 2025,0.59 kWh,$0.21,actual
03:00PM 29 November 2025,0.73 kWh,$0.25,actual
04:00PM 29 November 2025,1.19 kWh,$0.38,actual
05:00PM 29 November 2025,2.59 kWh,$0.75,actual
06:00PM 29 November 2025,2.24 kWh,$0.66,actual
07:00PM 29 November 2025,2.11 kWh,$0.62,actual
08:00PM 29 November 2025,0.93 kWh,$0.31,actual
09:00PM 29 November 2025,1.03 kWh,$0.23,actual
10:00PM 29 November 2025,0.91 kWh,$0.21,actual
11:00PM 29 November 2025,2.33 kWh,$0.45,actual
12:00AM 30 November 2025,3.67 kWh,$0.67,actual
01:00AM 30 November 2025,3.63 kWh,$0.67,actual
02:00AM 30 November 2025,1.37 kWh,$0.29,actual
03:00AM 30 November 2025,0.94 kWh,$0.21,actual
04:00AM 30 November 2025,0.65 kWh,$0.16,actual
05:00AM 30 November 2025,0.32 kWh,$0.11,actual
06:00AM 30 November 2025,0.88 kWh,$0.20,actual
07:00AM 30 November 2025,0.47 kWh,$0.18,actual
08:00AM 30 November 2025,0.40 kWh,$0.16,actual
09:00AM 30 November 2025,0.97 kWh,$0.32,actual
10:00AM 30 November 2025,0.61 kWh,$0.22,actual
11:00AM 30 November 2025,1.45 kWh,$0.44,actual
12:00PM 30 November 2025,1.21 kWh,$0.38,actual
01:00PM 30 November 2025,1.59 kWh,$0.48,actual
02:00PM 30 November 2025,0.46 kWh,$0.18,actual
03:00PM 30 November 2025,0.45 kWh,$0.18,actual
04:00PM 30 November 2025,0.43 kWh,$0.17,actual
05:00PM 30 November 2025,0.88 kWh,$0.29,actual
06:00PM 30 November 2025,2.23 kWh,$0.66,actual
07:00PM 30 November 2025,1.15 kWh,$0.36,actual
08:00PM 30 November 2025,0.86 kWh,$0.29,actual
09:00PM 30 November 2025,2.40 kWh,$0.46,actual
10:00PM 30 November 2025,2.46 kWh,$0.47,actual
11:00PM 30 November 2025,2.94 kWh,$0.55,actual
12:00AM 1 December 2025,4.16 kWh,$0.76,actual
01:00AM 1 December 2025,4.21 kWh,$0.76,actual
02:00AM 1 December 2025,2.58 kWh,$0.49,actual
03:00AM 1 December 2025,1.19 kWh,$0.26,actual
04:00AM 1 December 2025,1.06 kWh,$0.23,actual
05:00AM 1 December 2025,1.31 kWh,$0.28,actual
06:00AM 1 December 2025,1.24 kWh,$0.26,actual
07:00AM 1 December 2025,1.38 kWh,$0.42,actual
08:00AM 1 December 2025,0.48 kWh,$0.19,actual
09:00AM 1 December 2025,0.59 kWh,$0.21,actual
10:00AM 1 December 2025,1.71 kWh,$0.51,actual
11:00AM 1 December 2025,1.41 kWh,$0.43,actual
12:00PM 1 December 2025,1.09 kWh,$0.35,actual
01:00PM 1 December 2025,0.46 kWh,$0.18,actual
02:00PM 1 December 2025,0.35 kWh,$0.15,actual
03:00PM 1 December 2025,0.41 kWh,$0.17,actual
04:00PM 1 December 2025,0.60 kWh,$0.22,actual
05:00PM 1 December 2025,1.00 kWh,$0.32,actual
06:00PM 1 December 2025,1.51 kWh,$0.46,actual
07:00PM 1 December 2025,1.35 kWh,$0.42,actual
08:00PM 1 December 2025,1.76 kWh,$0.53,actual
09:00PM 1 December 2025,1.97 kWh,$0.39,actual
10:00PM 1 December 2025,1.64 kWh,$0.33,actual
11:00PM 1 December 2025,2.63 kWh,$0.50,actual
12:00AM 2 December 2025,4.01 kWh,$0.73,actual
01:00AM 2 December 2025,4.06 kWh,$0.74,actual
02:00AM 2 December 2025,2.30 kWh,$0.44,actual
03:00AM 2 December 2025,1.16 kWh,$0.25,actual
04:00AM 2 December 2025,0.90 kWh,$0.21,actual
05:00AM 2 December 2025,1.21 kWh,$0.26,actual
06:00AM 2 December 2025,1.46 kWh,$0.30,actual
07:00AM 2 December 2025,1.13 kWh,$0.36,actual
08:00AM 2 December 2025,1.20 kWh,$0.38,actual
09:00AM 2 December 2025,0.56 kWh,$0.21,actual
10:00AM 2 December 2025,0.66 kWh,$0.23,actual
11:00AM 2 December 2025,0.46 kWh,$0.18,actual
12:00PM 2 December 2025,0.94 kWh,$0.31,actual
01:00PM 2 December 2025,0.76 kWh,$0.26,actual
02:00PM 2 December 2025,0.67 kWh,$0.24,actual
03:00PM 2 December 2025,0.47 kWh,$0.18,actual
04:00PM 2 December 2025,0.61 kWh,$0.22,actual
05:00PM 2 December 2025,0.79 kWh,$0.27,actual
06:00PM 2 December 2025,1.61 kWh,$0.49,actual
07:00PM 2 December 2025,2.25 kWh,$0.66,actual
08:00PM 2 December 2025,1.72 kWh,$0.52,actual
09:00PM 2 December 2025,1.95 kWh,$0.38,actual
10:00PM 2 December 2025,1.40 kWh,$0.29,actual
11:00PM 2 December 2025,2.29 kWh,$0.44,actual
12:00AM 3 December 2025,3.93 kWh,$0.72,actual
01:00AM 3 December 2025,3.97 kWh,$0.72,actual
02:00AM 3 December 2025,2.84 kWh,$0.53,actual
03:00AM 3 December 2025,1.25 kWh,$0.27,actual
04:00AM 3 December 2025,1.14 kWh,$0.25,actual
05:00AM 3 December 2025,1.13 kWh,$0.25,actual
06:00AM 3 December 2025,0.94 kWh,$0.21,actual
07:00AM 3 December 2025,1.36 kWh,$0.42,actual
08:00AM 3 December 2025,1.68 kWh,$0.51,actual
09:00AM 3 December 2025,0.92 kWh,$0.30,actual
10:00AM 3 December 2025,1.02 kWh,$0.33,actual
11:00AM 3 December 2025,0.90 kWh,$0.30,actual
12:00PM 3 December 2025,1.30 kWh,$0.40,actual
01:00PM 3 December 2025,1.10 kWh,$0.35,actual
02:00PM 3 December 2025,0.82 kWh,$0.28,actual
03:00PM 3 December 2025,0.81 kWh,$0.27,actual
04:00PM 3 December 2025,1.19 kWh,$0.37,actual
05:00PM 3 December 2025,2.73 kWh,$0.79,actual
06:00PM 3 December 2025,3.49 kWh,$0.99,actual
07:00PM 3 December 2025,2.66 kWh,$0.77,actual
08:00PM 3 December 2025,1.29 kWh,$0.40,actual
09:00PM 3 December 2025,1.51 kWh,$0.31,actual
10:00PM 3 December 2025,1.22 kWh,$0.26,actual
11:00PM 3 December 2025,2.33 kWh,$0.45,actual
12:00AM 4 December 2025,3.74 kWh,$0.68,actual
01:00AM 4 December 2025,3.49 kWh,$0.64,actual
02:00AM 4 December 2025,0.69 kWh,$0.17,actual
03:00AM 4 December 2025,0.61 kWh,$0.16,actual
04:00AM 4 December 2025,0.98 kWh,$0.22,actual
05:00AM 4 December 2025,0.49 kWh,$0.14,actual
06:00AM 4 December 2025,0.84 kWh,$0.20,actual
07:00AM 4 December 2025,2.24 kWh,$0.66,actual
08:00AM 4 December 2025,1.65 kWh,$0.50,actual
09:00AM 4 December 2025,0.78 kWh,$0.26,actual
10:00AM 4 December 2025,0.64 kWh,$0.23,actual
11:00AM 4 December 2025,0.66 kWh,$0.23,actual
12:00PM 4 December 2025,1.12 kWh,$0.36,actual
01:00PM 4 December 2025,0.79 kWh,$0.27,actual
02:00PM 4 December 2025,0.84 kWh,$0.28,actual
03:00PM 4 December 2025,0.68 kWh,$0.24,actual
04:00PM 4 December 2025,1.26 kWh,$0.39,actual
05:00PM 4 December 2025,1.55 kWh,$0.47,actual
06:00PM 4 December 2025,0.66 kWh,$0.23,actual
07:00PM 4 December 2025,1.83 kWh,$0.55,actual
08:00PM 4 December 2025,1.38 kWh,$0.43,actual
09:00PM 4 December 2025,1.60 kWh,$0.33,actual
10:00PM 4 December 2025,0.94 kWh,$0.21,actual
11:00PM 4 December 2025,2.36 kWh,$0.45,actual
12:00AM 5 December 2025,3.72 kWh,$0.68,actual
01:00AM 5 December 2025,3.71 kWh,$0.68,actual
02:00AM 5 December 2025,1.84 kWh,$0.37,actual
03:00AM 5 December 2025,0.89 kWh,$0.21,actual
04:00AM 5 December 2025,0.48 kWh,$0.14,actual
05:00AM 5 December 2025,0.99 kWh,$0.22,actual
06:00AM 5 December 2025,0.76 kWh,$0.18,actual
07:00AM 5 December 2025,1.76 kWh,$0.53,actual
08:00AM 5 December 2025,1.15 kWh,$0.36,actual
09:00AM 5 December 2025,0.47 kWh,$0.18,actual
10:00AM 5 December 2025,0.41 kWh,$0.17,actual
11:00AM 5 December 2025,1.58 kWh,$0.48,actual
12:00PM 5 December 2025,0.93 kWh,$0.30,actual
01:00PM 5 December 2025,0.61 kWh,$0.22,actual
02:00PM 5 December 2025,0.39 kWh,$0.16,actual
03:00PM 5 December 2025,0.39 kWh,$0.16,actual
04:00PM 5 December 2025,0.46 kWh,$0.18,actual
05:00PM 5 December 2025,1.63 kWh,$0.49,actual
06:00PM 5 December 2025,2.78 kWh,$0.80,actual
07:00PM 5 December 2025,1.25 kWh,$0.39,actual
08:00PM 5 December 2025,0.72 kWh,$0.25,actual
09:00PM 5 December 2025,0.68 kWh,$0.17,actual
10:00PM 5 December 2025,0.58 kWh,$0.15,actual
11:00PM 5 December 2025,2.24 kWh,$0.43,actual
12:00AM 6 December 2025,3.55 kWh,$0.65,actual
01:00AM 6 December 2025,3.53 kWh,$0.65,actual
02:00AM 6 December 2025,1.87 kWh,$0.37,actual
03:00AM 6 December 2025,1.28 kWh,$0.27,actual
04:00AM 6 December 2025,0.32 kWh,$0.11,actual
05:00AM 6 December 2025,0.33 kWh,$0.11,actual
06:00AM 6 December 2025,0.32 kWh,$0.11,actual
07:00AM 6 December 2025,0.64 kWh,$0.23,actual
08:00AM 6 December 2025,0.76 kWh,$0.26,actual
09:00AM 6 December 2025,1.21 kWh,$0.38,actual
10:00AM 6 December 2025,1.09 kWh,$0.35,actual
11:00AM 6 December 2025,0.90 kWh,$0.30,actual
12:00PM 6 December 2025,0.65 kWh,$0.23,actual
01:00PM 6 December 2025,0.61 kWh,$0.22,actual
02:00PM 6 December 2025,0.79 kWh,$0.27,actual
03:00PM 6 December 2025,0.66 kWh,$0.23,actual
04:00PM 6 December 2025,1.46 kWh,$0.45,actual
05:00PM 6 December 2025,0.90 kWh,$0.30,actual
06:00PM 6 December 2025,0.95 kWh,$0.31,actual
07:00PM 6 December 2025,1.55 kWh,$0.47,actual
08:00PM 6 December 2025,0.76 kWh,$0.26,actual
09:00PM 6 December 2025,1.29 kWh,$0.27,actual
10:00PM 6 December 2025,1.22 kWh,$0.26,actual
11:00PM 6 December 2025,2.75 kWh,$0.52,actual
12:00AM 7 December 2025,4.02 kWh,$0.73,actual
01:00AM 7 December 2025,4.03 kWh,$0.73,actual
02:00AM 7 December 2025,1.36 kWh,$0.28,actual
03:00AM 7 December 2025,1.15 kWh,$0.25,actual
04:00AM 7 December 2025,1.13 kWh,$0.25,actual
05:00AM 7 December 2025,0.76 kWh,$0.18,actual
06:00AM 7 December 2025,1.30 kWh,$0.27,actual
07:00AM 7 December 2025,0.64 kWh,$0.23,actual
08:00AM 7 December 2025,0.92 kWh,$0.30,actual
09:00AM 7 December 2025,1.26 kWh,$0.39,actual
10:00AM 7 December 2025,0.80 kWh,$0.27,actual
11:00AM 7 December 2025,0.64 kWh,$0.23,actual
12:00PM 7 December 2025,0.68 kWh,$0.24,actual
01:00PM 7 December 2025,1.52 kWh,$0.46,actual
02:00PM 7 December 2025,0.70 kWh,$0.24,actual
03:00PM 7 December 2025,2.32 kWh,$0.68,actual
04:00PM 7 December 2025,2.10 kWh,$0.62,actual
05:00PM 7 December 2025,2.20 kWh,$0.65,actual
06:00PM 7 December 2025,1.64 kWh,$0.50,actual
07:00PM 7 December 2025,1.72 kWh,$0.52,actual
08:00PM 7 December 2025,0.83 kWh,$0.28,actual
09:00PM 7 December 2025,0.74 kWh,$0.18,actual
10:00PM 7 December 2025,0.87 kWh,$0.20,actual
11:00PM 7 December 2025,2.19 kWh,$0.42,actual
12:00AM 8 December 2025,3.58 kWh,$0.66,actual
01:00AM 8 December 2025,2.91 kWh,$0.54,actual
02:00AM 8 December 2025,1.53 kWh,$0.31,actual
03:00AM 8 December 2025,0.34 kWh,$0.11,actual
04:00AM 8 December 2025,0.40 kWh,$0.12,actual
05:00AM 8 December 2025,0.83 kWh,$0.20,actual
06:00AM 8 December 2025,0.67 kWh,$0.17,actual
07:00AM 8 December 2025,0.66 kWh,$0.23,actual
08:00AM 8 December 2025,0.65 kWh,$0.23,actual
09:00AM 8 December 2025,1.32 kWh,$0.41,actual
10:00AM 8 December 2025,0.91 kWh,$0.30,actual
11:00AM 8 December 2025,0.73 kWh,$0.25,actual
12:00PM 8 December 2025,2.03 kWh,$0.60,actual
01:00PM 8 December 2025,1.67 kWh,$0.50,actual
02:00PM 8 December 2025,0.46 kWh,$0.18,actual
03:00PM 8 December 2025,0.42 kWh,$0.17,actual
04:00PM 8 December 2025,0.41 kWh,$0.17,actual
05:00PM 8 December 2025,0.94 kWh,$0.31,actual
06:00PM 8 December 2025,1.96 kWh,$0.58,actual
07:00PM 8 December 2025,2.16 kWh,$0.64,actual
08:00PM 8 December 2025,0.99 kWh,$0.32,actual
09:00PM 8 December 2025,1.13 kWh,$0.25,actual
10:00PM 8 December 2025,1.59 kWh,$0.32,actual
11:00PM 8 December 2025,2.95 kWh,$0.55,actual
12:00AM 9 December 2025,4.23 kWh,$0.77,actual
01:00AM 9 December 2025,4.00 kWh,$0.73,actual
02:00AM 9 December 2025,1.78 kWh,$0.35,actual
03:00AM 9 December 2025,1.20 kWh,$0.26,actual
04:00AM 9 December 2025,0.78 kWh,$0.19,actual
05:00AM 9 December 2025,1.05 kWh,$0.23,actual
06:00AM 9 December 2025,1.03 kWh,$0.23,actual
07:00AM 9 December 2025,0.86 kWh,$0.29,actual
08:00AM 9 December 2025,0.85 kWh,$0.28,actual
09:00AM 9 December 2025,1.10 kWh,$0.35,actual
10:00AM 9 December 2025,1.39 kWh,$0.43,actual
11:00AM 9 December 2025,0.70 kWh,$0.24,actual
12:00PM 9 December 2025,1.65 kWh,$0.50,actual
01:00PM 9 December 2025,0.70 kWh,$0.24,actual
02:00PM 9 December 2025,0.51 kWh,$0.19,actual
03:00PM 9 December 2025,0.47 kWh,$0.18,actual
04:00PM 9 December 2025,0.54 kWh,$0.20,actual
05:00PM 9 December 2025,1.19 kWh,$0.37,actual
06:00PM 9 December 2025,1.07 kWh,$0.34,actual
07:00PM 9 December 2025,1.45 kWh,$0.45,actual
08:00PM 9 December 2025,0.97 kWh,$0.32,actual
09:00PM 9 December 2025,1.08 kWh,$0.24,actual
10:00PM 9 December 2025,1.56 kWh,$0.32,actual
11:00PM 9 December 2025,2.55 kWh,$0.48,actual
12:00AM 10 December 2025,4.21 kWh,$0.76,actual
01:00AM 10 December 2025,3.66 kWh,$0.67,actual
02:00AM 10 December 2025,2.22 kWh,$0.43,actual
03:00AM 10 December 2025,2.19 kWh,$0.42,actual
04:00AM 10 December 2025,0.96 kWh,$0.22,actual
05:00AM 10 December 2025,0.96 kWh,$0.22,actual
06:00AM 10 December 2025,0.97 kWh,$0.22,actual
07:00AM 10 December 2025,1.08 kWh,$0.35,actual
08:00AM 10 December 2025,1.28 kWh,$0.40,actual
09:00AM 10 December 2025,1.04 kWh,$0.34,actual
10:00AM 10 December 2025,0.59 kWh,$0.21,actual
11:00AM 10 December 2025,0.52 kWh,$0.20,actual
12:00PM 10 December 2025,1.79 kWh,$0.54,actual
01:00PM 10 December 2025,0.54 kWh,$0.20,actual
02:00PM 10 December 2025,0.50 kWh,$0.19,actual
03:00PM 10 December 2025,0.53 kWh,$0.20,actual
04:00PM 10 December 2025,0.44 kWh,$0.17,actual
05:00PM 10 December 2025,0.93 kWh,$0.30,actual
06:00PM 10 December 2025,1.42 kWh,$0.44,actual
07:00PM 10 December 2025,1.48 kWh,$0.45,actual
08:00PM 10 December 2025,1.11 kWh,$0.35,actual
09:00PM 10 December 2025,1.90 kWh,$0.38,actual
10:00PM 10 December 2025,1.30 kWh,$0.27,actual
11:00PM 10 December 2025,2.43 kWh,$0.46,actual
12:00AM 11 December 2025,3.73 kWh,$0.68,actual
01:00AM 11 December 2025,2.11 kWh,$0.41,actual
02:00AM 11 December 2025,1.24 kWh,$0.26,actual
03:00AM 11 December 2025,0.57 kWh,$0.15,actual
04:00AM 11 December 2025,1.20 kWh,$0.26,actual
05:00AM 11 December 2025,0.52 kWh,$0.14,actual
06:00AM 11 December 2025,0.53 kWh,$0.14,actual
07:00AM 11 December 2025,0.88 kWh,$0.29,actual
08:00AM 11 December 2025,0.90 kWh,$0.30,actual
09:00AM 11 December 2025,0.59 kWh,$0.21,actual
10:00AM 11 December 2025,1.46 kWh,$0.45,actual
11:00AM 11 December 2025,0.71 kWh,$0.25,actual
12:00PM 11 December 2025,0.71 kWh,$0.25,actual
01:00PM 11 December 2025,1.51 kWh,$0.46,actual
02:00PM 11 December 2025,0.63 kWh,$0.22,actual
03:00PM 11 December 2025,0.51 kWh,$0.19,actual
04:00PM 11 December 2025,0.51 kWh,$0.19,actual
05:00PM 11 December 2025,0.88 kWh,$0.29,actual
06:00PM 11 December 2025,2.15 kWh,$0.63,actual
07:00PM 11 December 2025,1.47 kWh,$0.45,actual
08:00PM 11 December 2025,0.85 kWh,$0.28,actual
09:00PM 11 December 2025,0.94 kWh,$0.21,actual
10:00PM 11 December 2025,1.50 kWh,$0.31,actual
11:00PM 11 December 2025,2.60 kWh,$0.49,actual
12:00AM 12 December 2025,4.15 kWh,$0.75,actual
01:00AM 12 December 2025,4.12 kWh,$0.75,actual
02:00AM 12 December 2025,4.15 kWh,$0.75,actual
03:00AM 12 December 2025,1.52 kWh,$0.31,actual
04:00AM 12 December 2025,3.40 kWh,$0.63,actual
05:00AM 12 December 2025,1.02 kWh,$0.23,actual
06:00AM 12 December 2025,0.97 kWh,$0.22,actual
07:00AM 12 December 2025,1.40 kWh,$0.43,actual
08:00AM 12 December 2025,1.03 kWh,$0.33,actual
09:00AM 12 December 2025,0.90 kWh,$0.30,actual
10:00AM 12 December 2025,0.48 kWh,$0.18,actual
11:00AM 12 December 2025,0.41 kWh,$0.17,actual
12:00PM 12 December 2025,0.80 kWh,$0.27,actual
01:00PM 12 December 2025,0.69 kWh,$0.24,actual
02:00PM 12 December 2025,0.48 kWh,$0.19,actual
03:00PM 12 December 2025,0.41 kWh,$0.16,actual
04:00PM 12 December 2025,0.72 kWh,$0.25,actual
05:00PM 12 December 2025,0.83 kWh,$0.28,actual
06:00PM 12 December 2025,1.03 kWh,$0.33,actual
07:00PM 12 December 2025,1.17 kWh,$0.37,actual
08:00PM 12 December 2025,1.27 kWh,$0.40,actual
09:00PM 12 December 2025,1.35 kWh,$0.28,actual
10:00PM 12 December 2025,1.42 kWh,$0.29,actual
11:00PM 12 December 2025,2.58 kWh,$0.49,actual
12:00AM 13 December 2025,4.12 kWh,$0.75,actual
01:00AM 13 December 2025,3.99 kWh,$0.73,actual
02:00AM 13 December 2025,2.08 kWh,$0.41,actual
03:00AM 13 December 2025,1.11 kWh,$0.24,actual
04:00AM 13 December 2025,0.76 kWh,$0.18,actual
05:00AM 13 December 2025,1.15 kWh,$0.25,actual
06:00AM 13 December 2025,0.99 kWh,$0.22,actual
07:00AM 13 December 2025,1.14 kWh,$0.36,actual
08:00AM 13 December 2025,1.07 kWh,$0.34,actual
09:00AM 13 December 2025,1.95 kWh,$0.58,actual
10:00AM 13 December 2025,0.55 kWh,$0.20,actual
11:00AM 13 December 2025,0.46 kWh,$0.18,actual
12:00PM 13 December 2025,1.78 kWh,$0.53,actual
01:00PM 13 December 2025,0.96 kWh,$0.31,actual
02:00PM 13 December 2025,0.72 kWh,$0.25,actual
03:00PM 13 December 2025,0.57 kWh,$0.21,actual
04:00PM 13 December 2025,0.79 kWh,$0.27,actual
05:00PM 13 December 2025,0.78 kWh,$0.27,actual
06:00PM 13 December 2025,1.36 kWh,$0.42,actual
07:00PM 13 December 2025,2.14 kWh,$0.63,actual
08:00PM 13 December 2025,1.01 kWh,$0.33,actual
09:00PM 13 December 2025,1.32 kWh,$0.28,actual
10:00PM 13 December 2025,1.54 kWh,$0.32,actual
11:00PM 13 December 2025,2.64 kWh,$0.50,actual
12:00AM 14 December 2025,4.17 kWh,$0.76,actual
01:00AM 14 December 2025,4.07 kWh,$0.74,actual
02:00AM 14 December 2025,2.34 kWh,$0.45,actual
03:00AM 14 December 2025,0.89 kWh,$0.21,actual
04:00AM 14 December 2025,1.29 kWh,$0.27,actual
05:00AM 14 December 2025,1.14 kWh,$0.25,actual
06:00AM 14 December 2025,1.16 kWh,$0.25,actual
07:00AM 14 December 2025,0.85 kWh,$0.28,actual
08:00AM 14 December 2025,1.33 kWh,$0.41,actual
09:00AM 14 December 2025,0.83 kWh,$0.28,actual
10:00AM 14 December 2025,0.74 kWh,$0.25,actual
11:00AM 14 December 2025,1.04 kWh,$0.34,actual
12:00PM 14 December 2025,0.76 kWh,$0.26,actual
01:00PM 14 December 2025,1.50 kWh,$0.46,actual
02:00PM 14 December 2025,0.90 kWh,$0.30,actual
03:00PM 14 December 2025,1.24 kWh,$0.39,actual
04:00PM 14 December 2025,1.19 kWh,$0.37,actual
05:00PM 14 December 2025,1.45 kWh,$0.44,actual
06:00PM 14 December 2025,0.74 kWh,$0.25,actual
07:00PM 14 December 2025,1.11 kWh,$0.35,actual
08:00PM 14 December 2025,1.79 kWh,$0.53,actual
09:00PM 14 December 2025,1.33 kWh,$0.28,actual
10:00PM 14 December 2025,1.54 kWh,$0.31,actual
11:00PM 14 December 2025,2.58 kWh,$0.49,actual
12:00AM 15 December 2025,4.14 kWh,$0.75,actual
01:00AM 15 December 2025,4.19 kWh,$0.76,actual
02:00AM 15 December 2025,2.49 kWh,$0.47,actual
03:00AM 15 December 2025,1.33 kWh,$0.28,actual
04:00AM 15 December 2025,1.19 kWh,$0.26,actual
05:00AM 15 December 2025,1.00 kWh,$0.22,actual
06:00AM 15 December 2025,1.40 kWh,$0.29,actual
07:00AM 15 December 2025,0.95 kWh,$0.31,actual
08:00AM 15 December 2025,1.16 kWh,$0.37,actual
09:00AM 15 December 2025,1.47 kWh,$0.45,actual
10:00AM 15 December 2025,0.73 kWh,$0.25,actual
11:00AM 15 December 2025,0.71 kWh,$0.25,actual
12:00PM 15 December 2025,0.84 kWh,$0.28,actual
01:00PM 15 December 2025,0.60 kWh,$0.22,actual
02:00PM 15 December 2025,0.70 kWh,$0.24,actual
03:00PM 15 December 2025,0.78 kWh,$0.27,actual
04:00PM 15 December 2025,0.83 kWh,$0.28,actual
05:00PM 15 December 2025,1.09 kWh,$0.35,actual
06:00PM 15 December 2025,1.45 kWh,$0.44,actual
07:00PM 15 December 2025,1.27 kWh,$0.40,actual
08:00PM 15 December 2025,1.13 kWh,$0.36,actual
09:00PM 15 December 2025,0.98 kWh,$0.22,actual
10:00PM 15 December 2025,1.27 kWh,$0.27,actual
11:00PM 15 December 2025,2.50 kWh,$0.48,actual
12:00AM 16 December 2025,3.91 kWh,$0.71,actual
01:00AM 16 December 2025,3.89 kWh,$0.71,actual
02:00AM 16 December 2025,1.95 kWh,$0.38,actual
03:00AM 16 December 2025,0.95 kWh,$0.22,actual
04:00AM 16 December 2025,0.92 kWh,$0.21,actual
05:00AM 16 December 2025,0.92 kWh,$0.21,actual
06:00AM 16 December 2025,0.65 kWh,$0.17,actual
07:00AM 16 December 2025,0.65 kWh,$0.23,actual
08:00AM 16 December 2025,0.93 kWh,$0.30,actual
09:00AM 16 December 2025,1.62 kWh,$0.49,actual
10:00AM 16 December 2025,0.83 kWh,$0.28,actual
11:00AM 16 December 2025,0.58 kWh,$0.21,actual
12:00PM 16 December 2025,0.65 kWh,$0.23,actual
01:00PM 16 December 2025,0.90 kWh,$0.30,actual
02:00PM 16 December 2025,0.89 kWh,$0.29,actual
03:00PM 16 December 2025,0.75 kWh,$0.26,actual
04:00PM 16 December 2025,0.66 kWh,$0.23,actual
05:00PM 16 December 2025,0.90 kWh,$0.30,actual
06:00PM 16 December 2025,1.74 kWh,$0.52,actual
07:00PM 16 December 2025,1.50 kWh,$0.46,actual
08:00PM 16 December 2025,1.79 kWh,$0.54,actual
09:00PM 16 December 2025,1.06 kWh,$0.23,actual
10:00PM 16 December 2025,1.47 kWh,$0.30,actual
11:00PM 16 December 2025,2.84 kWh,$0.53,actual
12:00AM 17 December 2025,4.36 kWh,$0.79,actual
01:00AM 17 December 2025,4.42 kWh,$0.80,actual
02:00AM 17 December 2025,2.31 kWh,$0.44,actual
03:00AM 17 December 2025,1.96 kWh,$0.38,actual
04:00AM 17 December 2025,1.48 kWh,$0.31,actual
05:00AM 17 December 2025,1.23 kWh,$0.26,actual
06:00AM 17 December 2025,1.52 kWh,$0.31,actual
07:00AM 17 December 2025,1.19 kWh,$0.37,actual
08:00AM 17 December 2025,1.05 kWh,$0.34,actual
09:00AM 17 December 2025,1.65 kWh,$0.50,actual
10:00AM 17 December 2025,2.06 kWh,$0.61,actual
11:00AM 17 December 2025,1.75 kWh,$0.53,actual
12:00PM 17 December 2025,1.86 kWh,$0.55,actual
01:00PM 17 December 2025,2.29 kWh,$0.67,actual
02:00PM 17 December 2025,1.27 kWh,$0.40,actual
03:00PM 17 December 2025,0.64 kWh,$0.23,actual
04:00PM 17 December 2025,0.95 kWh,$0.31,actual
05:00PM 17 December 2025,1.32 kWh,$0.41,actual
06:00PM 17 December 2025,1.22 kWh,$0.38,actual
07:00PM 17 December 2025,1.37 kWh,$0.42,actual
08:00PM 17 December 2025,2.22 kWh,$0.65,actual
09:00PM 17 December 2025,1.80 kWh,$0.36,actual
10:00PM 17 December 2025,1.68 kWh,$0.34,actual
11:00PM 17 December 2025,2.83 kWh,$0.53,actual
12:00AM 18 December 2025,4.29 kWh,$0.78,actual
01:00AM 18 December 2025,4.28 kWh,$0.78,actual
02:00AM 18 December 2025,3.82 kWh,$0.70,actual
03:00AM 18 December 2025,1.74 kWh,$0.35,actual
04:00AM 18 December 2025,1.05 kWh,$0.23,actual
05:00AM 18 December 2025,1.60 kWh,$0.32,actual
06:00AM 18 December 2025,1.13 kWh,$0.25,actual
07:00AM 18 December 2025,1.06 kWh,$0.34,actual
08:00AM 18 December 2025,2.14 kWh,$0.63,actual
09:00AM 18 December 2025,1.35 kWh,$0.42,actual
10:00AM 18 December 2025,1.04 kWh,$0.33,actual
11:00AM 18 December 2025,0.97 kWh,$0.32,actual
12:00PM 18 December 2025,1.30 kWh,$0.40,actual
01:00PM 18 December 2025,1.45 kWh,$0.44,actual
02:00PM 18 December 2025,0.42 kWh,$0.17,actual
03:00PM 18 December 2025,0.45 kWh,$0.18,actual
04:00PM 18 December 2025,0.56 kWh,$0.21,actual
05:00PM 18 December 2025,1.15 kWh,$0.37,actual
06:00PM 18 December 2025,1.44 kWh,$0.44,actual
07:00PM 18 December 2025,1.81 kWh,$0.54,actual
08:00PM 18 December 2025,1.70 kWh,$0.51,actual
09:00PM 18 December 2025,2.38 kWh,$0.46,actual
10:00PM 18 December 2025,2.01 kWh,$0.39,actual
11:00PM 18 December 2025,3.10 kWh,$0.58,actual
12:00AM 19 December 2025,4.57 kWh,$0.82,actual
01:00AM 19 December 2025,4.54 kWh,$0.82,actual
02:00AM 19 December 2025,4.58 kWh,$0.83,actual
03:00AM 19 December 2025,2.19 kWh,$0.42,actual
04:00AM 19 December 2025,1.85 kWh,$0.37,actual
05:00AM 19 December 2025,1.40 kWh,$0.29,actual
06:00AM 19 December 2025,1.88 kWh,$0.37,actual
07:00AM 19 December 2025,1.13 kWh,$0.36,actual
08:00AM 19 December 2025,1.08 kWh,$0.35,actual
09:00AM 19 December 2025,0.86 kWh,$0.29,actual
10:00AM 19 December 2025,0.57 kWh,$0.21,actual
11:00AM 19 December 2025,0.47 kWh,$0.18,actual
12:00PM 19 December 2025,0.92 kWh,$0.30,actual
01:00PM 19 December 2025,0.55 kWh,$0.20,actual
02:00PM 19 December 2025,0.39 kWh,$0.16,actual
03:00PM 19 December 2025,0.37 kWh,$0.16,actual
04:00PM 19 December 2025,0.74 kWh,$0.25,actual
05:00PM 19 December 2025,2.05 kWh,$0.60,actual
06:00PM 19 December 2025,2.09 kWh,$0.62,actual
07:00PM 19 December 2025,1.91 kWh,$0.57,actual
08:00PM 19 December 2025,3.00 kWh,$0.86,actual
09:00PM 19 December 2025,2.33 kWh,$0.45,actual
10:00PM 19 December 2025,2.36 kWh,$0.45,actual
11:00PM 19 December 2025,3.23 kWh,$0.60,actual
12:00AM 20 December 2025,4.49 kWh,$0.81,actual
01:00AM 20 December 2025,4.57 kWh,$0.82,actual
02:00AM 20 December 2025,3.43 kWh,$0.63,actual
03:00AM 20 December 2025,1.65 kWh,$0.33,actual
04:00AM 20 December 2025,1.34 kWh,$0.28,actual
05:00AM 20 December 2025,1.70 kWh,$0.34,actual
06:00AM 20 December 2025,1.64 kWh,$0.33,actual
07:00AM 20 December 2025,1.28 kWh,$0.40,actual
08:00AM 20 December 2025,0.76 kWh,$0.26,actual
09:00AM 20 December 2025,1.59 kWh,$0.48,actual
10:00AM 20 December 2025,2.55 kWh,$0.74,actual
11:00AM 20 December 2025,2.37 kWh,$0.69,actual
12:00PM 20 December 2025,0.91 kWh,$0.30,actual
01:00PM 20 December 2025,1.20 kWh,$0.38,actual
02:00PM 20 December 2025,1.72 kWh,$0.52,actual
03:00PM 20 December 2025,2.63 kWh,$0.76,actual
04:00PM 20 December 2025,0.90 kWh,$0.30,actual
05:00PM 20 December 2025,1.19 kWh,$0.37,actual
06:00PM 20 December 2025,1.84 kWh,$0.55,actual
07:00PM 20 December 2025,1.67 kWh,$0.50,actual
08:00PM 20 December 2025,3.11 kWh,$0.89,actual
09:00PM 20 December 2025,2.92 kWh,$0.55,actual
10:00PM 20 December 2025,2.36 kWh,$0.45,actual
11:00PM 20 December 2025,2.96 kWh,$0.55,actual
12:00AM 21 December 2025,4.36 kWh,$0.79,actual
01:00AM 21 December 2025,4.31 kWh,$0.78,actual
02:00AM 21 December 2025,4.32 kWh,$0.78,actual
03:00AM 21 December 2025,4.09 kWh,$0.74,actual
04:00AM 21 December 2025,1.12 kWh,$0.24,actual
05:00AM 21 December 2025,1.21 kWh,$0.26,actual
06:00AM 21 December 2025,2.05 kWh,$0.40,actual
07:00AM 21 December 2025,2.38 kWh,$0.69,actual
08:00AM 21 December 2025,1.10 kWh,$0.35,actual
09:00AM 21 December 2025,1.25 kWh,$0.39,actual
10:00AM 21 December 2025,1.37 kWh,$0.42,actual
11:00AM 21 December 2025,0.63 kWh,$0.22,actual
12:00PM 21 December 2025,0.84 kWh,$0.28,actual
01:00PM 21 December 2025,2.09 kWh,$0.62,actual
02:00PM 21 December 2025,0.78 kWh,$0.26,actual
03:00PM 21 December 2025,0.51 kWh,$0.19,actual
04:00PM 21 December 2025,1.20 kWh,$0.38,actual
05:00PM 21 December 2025,1.19 kWh,$0.37,actual
06:00PM 21 December 2025,0.99 kWh,$0.32,actual
07:00PM 21 December 2025,1.36 kWh,$0.42,actual
08:00PM 21 December 2025,3.02 kWh,$0.87,actual
09:00PM 21 December 2025,2.35 kWh,$0.45,actual
10:00PM 21 December 2025,2.20 kWh,$0.43,actual
11:00PM 21 December 2025,2.67 kWh,$0.50,actual
12:00AM 22 December 2025,4.08 kWh,$0.74,actual
01:00AM 22 December 2025,3.93 kWh,$0.72,actual
02:00AM 22 December 2025,3.69 kWh,$0.68,actual
03:00AM 22 December 2025,1.17 kWh,$0.25,actual
04:00AM 22 December 2025,0.71 kWh,$0.17,actual
05:00AM 22 December 2025,1.03 kWh,$0.23,actual
06:00AM 22 December 2025,1.49 kWh,$0.31,actual
07:00AM 22 December 2025,0.94 kWh,$0.31,actual
08:00AM 22 December 2025,1.00 kWh,$0.32,actual
09:00AM 22 December 2025,1.38 kWh,$0.43,actual
10:00AM 22 December 2025,1.25 kWh,$0.39,actual
11:00AM 22 December 2025,1.24 kWh,$0.39,actual
12:00PM 22 December 2025,0.78 kWh,$0.26,actual
01:00PM 22 December 2025,0.67 kWh,$0.24,actual
02:00PM 22 December 2025,0.71 kWh,$0.25,actual
03:00PM 22 December 2025,0.59 kWh,$0.21,actual
04:00PM 22 December 2025,0.80 kWh,$0.27,actual
05:00PM 22 December 2025,0.61 kWh,$0.22,actual
06:00PM 22 December 2025,0.96 kWh,$0.31,actual
07:00PM 22 December 2025,2.89 kWh,$0.83,actual
08:00PM 22 December 2025,2.18 kWh,$0.64,actual
09:00PM 22 December 2025,1.72 kWh,$0.35,actual
10:00PM 22 December 2025,2.68 kWh,$0.51,actual
11:00PM 22 December 2025,3.24 kWh,$0.60,actual
12:00AM 23 December 2025,4.24 kWh,$0.77,actual
01:00AM 23 December 2025,4.18 kWh,$0.76,actual
02:00AM 23 December 2025,1.14 kWh,$0.25,actual
03:00AM 23 December 2025,1.25 kWh,$0.27,actual
04:00AM 23 December 2025,1.30 kWh,$0.27,actual
05:00AM 23 December 2025,1.27 kWh,$0.27,actual
06:00AM 23 December 2025,1.47 kWh,$0.30,actual
07:00AM 23 December 2025,1.03 kWh,$0.33,actual
08:00AM 23 December 2025,1.22 kWh,$0.38,actual
09:00AM 23 December 2025,1.36 kWh,$0.42,actual
10:00AM 23 December 2025,0.67 kWh,$0.24,actual
11:00AM 23 December 2025,1.55 kWh,$0.47,actual
12:00PM 23 December 2025,0.90 kWh,$0.30,actual
01:00PM 23 December 2025,1.75 kWh,$0.53,actual
02:00PM 23 December 2025,1.62 kWh,$0.49,actual
03:00PM 23 December 2025,1.29 kWh,$0.40,actual
04:00PM 23 December 2025,1.21 kWh,$0.38,actual
05:00PM 23 December 2025,1.03 kWh,$0.33,actual
06:00PM 23 December 2025,1.68 kWh,$0.51,actual
07:00PM 23 December 2025,1.57 kWh,$0.48,actual
08:00PM 23 December 2025,0.99 kWh,$0.32,actual
09:00PM 23 December 2025,0.99 kWh,$0.22,actual
10:00PM 23 December 2025,1.05 kWh,$0.23,actual
11:00PM 23 December 2025,2.44 kWh,$0.47,actual
12:00AM 24 December 2025,3.78 kWh,$0.69,actual
01:00AM 24 December 2025,3.78 kWh,$0.69,actual
02:00AM 24 December 2025,1.69 kWh,$0.34,actual
03:00AM 24 December 2025,1.03 kWh,$0.23,actual
04:00AM 24 December 2025,1.06 kWh,$0.23,actual
05:00AM 24 December 2025,0.50 kWh,$0.14,actual
06:00AM 24 December 2025,0.85 kWh,$0.20,actual
07:00AM 24 December 2025,1.06 kWh,$0.34,actual
08:00AM 24 December 2025,1.05 kWh,$0.34,actual
09:00AM 24 December 2025,0.55 kWh,$0.20,actual
10:00AM 24 December 2025,0.62 kWh,$0.22,actual
11:00AM 24 December 2025,0.53 kWh,$0.20,actual
12:00PM 24 December 2025,0.61 kWh,$0.22,actual
01:00PM 24 December 2025,2.32 kWh,$0.68,actual
02:00PM 24 December 2025,1.74 kWh,$0.52,actual
03:00PM 24 December 2025,0.60 kWh,$0.22,actual
04:00PM 24 December 2025,2.06 kWh,$0.61,actual
05:00PM 24 December 2025,0.90 kWh,$0.30,actual
06:00PM 24 December 2025,1.74 kWh,$0.52,actual
07:00PM 24 December 2025,1.60 kWh,$0.49,actual
08:00PM 24 December 2025,0.65 kWh,$0.23,actual
09:00PM 24 December 2025,0.75 kWh,$0.18,actual
10:00PM 24 December 2025,1.13 kWh,$0.25,actual
11:00PM 24 December 2025,2.19 kWh,$0.42,actual
12:00AM 25 December 2025,3.79 kWh,$0.69,actual
01:00AM 25 December 2025,2.60 kWh,$0.49,actual
02:00AM 25 December 2025,0.81 kWh,$0.19,actual
03:00AM 25 December 2025,0.58 kWh,$0.15,actual
04:00AM 25 December 2025,0.86 kWh,$0.20,actual
05:00AM 25 December 2025,0.78 kWh,$0.19,actual
06:00AM 25 December 2025,0.36 kWh,$0.12,actual
07:00AM 25 December 2025,0.33 kWh,$0.14,actual
08:00AM 25 December 2025,1.35 kWh,$0.42,actual
09:00AM 25 December 2025,0.53 kWh,$0.20,actual
10:00AM 25 December 2025,0.99 kWh,$0.32,actual
11:00AM 25 December 2025,0.53 kWh,$0.20,actual
12:00PM 25 December 2025,1.25 kWh,$0.39,actual
01:00PM 25 December 2025,0.87 kWh,$0.29,actual
02:00PM 25 December 2025,0.78 kWh,$0.26,actual
03:00PM 25 December 2025,0.83 kWh,$0.28,actual
04:00PM 25 December 2025,0.62 kWh,$0.22,actual
05:00PM 25 December 2025,0.92 kWh,$0.30,actual
06:00PM 25 December 2025,2.90 kWh,$0.83,actual
07:00PM 25 December 2025,2.10 kWh,$0.62,actual
08:00PM 25 December 2025,0.98 kWh,$0.32,actual
09:00PM 25 December 2025,0.99 kWh,$0.22,actual
10:00PM 25 December 2025,1.34 kWh,$0.28,actual
11:00PM 25 December 2025,2.44 kWh,$0.47,actual
12:00AM 26 December 2025,3.79 kWh,$0.69,actual
01:00AM 26 December 2025,3.69 kWh,$0.68,actual
02:00AM 26 December 2025,3.17 kWh,$0.59,actual
03:00AM 26 December 2025,1.04 kWh,$0.23,actual
04:00AM 26 December 2025,0.60 kWh,$0.16,actual
05:00AM 26 December 2025,0.79 kWh,$0.19,actual
06:00AM 26 December 2025,0.51 kWh,$0.14,actual
07:00AM 26 December 2025,0.80 kWh,$0.27,actual
08:00AM 26 December 2025,0.93 kWh,$0.31,actual
09:00AM 26 December 2025,1.20 kWh,$0.38,actual
10:00AM 26 December 2025,0.82 kWh,$0.27,actual
11:00AM 26 December 2025,0.56 kWh,$0.21,actual
12:00PM 26 December 2025,0.57 kWh,$0.21,actual
01:00PM 26 December 2025,1.00 kWh,$0.32,actual
02:00PM 26 December 2025,1.10 kWh,$0.35,actual
03:00PM 26 December 2025,0.83 kWh,$0.28,actual
04:00PM 26 December 2025,0.68 kWh,$0.24,actual
05:00PM 26 December 2025,0.83 kWh,$0.28,actual
06:00PM 26 December 2025,1.61 kWh,$0.49,actual
07:00PM 26 December 2025,1.20 kWh,$0.38,actual
08:00PM 26 December 2025,1.23 kWh,$0.38,actual
09:00PM 26 December 2025,0.84 kWh,$0.20,actual
10:00PM 26 December 2025,0.90 kWh,$0.21,actual
11:00PM 26 December 2025,2.36 kWh,$0.45,actual
12:00AM 27 December 2025,3.87 kWh,$0.71,actual
01:00AM 27 December 2025,3.87 kWh,$0.71,actual
02:00AM 27 December 2025,1.88 kWh,$0.37,actual
03:00AM 27 December 2025,1.08 kWh,$0.24,actual
04:00AM 27 December 2025,0.89 kWh,$0.20,actual
05:00AM 27 December 2025,0.83 kWh,$0.20,actual
06:00AM 27 December 2025,0.51 kWh,$0.14,actual
07:00AM 27 December 2025,0.63 kWh,$0.22,actual
08:00AM 27 December 2025,0.91 kWh,$0.30,actual
09:00AM 27 December 2025,1.16 kWh,$0.37,actual
10:00AM 27 December 2025,1.12 kWh,$0.36,actual
11:00AM 27 December 2025,0.78 kWh,$0.26,actual
12:00PM 27 December 2025,1.90 kWh,$0.57,actual
01:00PM 27 December 2025,1.00 kWh,$0.33,actual
02:00PM 27 December 2025,0.72 kWh,$0.25,actual
03:00PM 27 December 2025,0.67 kWh,$0.24,actual
04:00PM 27 December 2025,0.81 kWh,$0.27,actual
05:00PM 27 December 2025,1.56 kWh,$0.48,actual
06:00PM 27 December 2025,2.40 kWh,$0.70,actual
07:00PM 27 December 2025,1.41 kWh,$0.43,actual
08:00PM 27 December 2025,1.71 kWh,$0.51,actual
09:00PM 27 December 2025,1.19 kWh,$0.26,actual
10:00PM 27 December 2025,1.61 kWh,$0.33,actual
11:00PM 27 December 2025,2.68 kWh,$0.51,actual
12:00AM 28 December 2025,4.13 kWh,$0.75,actual
01:00AM 28 December 2025,4.13 kWh,$0.75,actual
02:00AM 28 December 2025,1.82 kWh,$0.36,actual
03:00AM 28 December 2025,1.28 kWh,$0.27,actual
04:00AM 28 December 2025,1.69 kWh,$0.34,actual
05:00AM 28 December 2025,1.10 kWh,$0.24,actual
06:00AM 28 December 2025,1.28 kWh,$0.27,actual
07:00AM 28 December 2025,1.18 kWh,$0.37,actual
08:00AM 28 December 2025,0.69 kWh,$0.24,actual
09:00AM 28 December 2025,0.94 kWh,$0.31,actual
10:00AM 28 December 2025,1.22 kWh,$0.38,actual
11:00AM 28 December 2025,0.63 kWh,$0.23,actual
12:00PM 28 December 2025,0.73 kWh,$0.25,actual
01:00PM 28 December 2025,1.83 kWh,$0.55,actual
02:00PM 28 December 2025,1.00 kWh,$0.33,actual
03:00PM 28 December 2025,0.67 kWh,$0.23,actual
04:00PM 28 December 2025,0.83 kWh,$0.28,actual
05:00PM 28 December 2025,0.92 kWh,$0.30,actual
06:00PM 28 December 2025,1.63 kWh,$0.49,actual
07:00PM 28 December 2025,2.14 kWh,$0.63,actual
08:00PM 28 December 2025,0.95 kWh,$0.31,actual
09:00PM 28 December 2025,1.04 kWh,$0.23,actual
10:00PM 28 December 2025,1.82 kWh,$0.36,actual
11:00PM 28 December 2025,2.88 kWh,$0.54,actual
12:00AM 29 December 2025,4.20 kWh,$0.76,actual
01:00AM 29 December 2025,4.19 kWh,$0.76,actual
02:00AM 29 December 2025,2.26 kWh,$0.44,actual
03:00AM 29 December 2025,1.32 kWh,$0.28,actual
04:00AM 29 December 2025,1.09 kWh,$0.24,actual
05:00AM 29 December 2025,1.43 kWh,$0.30,actual
06:00AM 29 December 2025,1.36 kWh,$0.28,actual
07:00AM 29 December 2025,1.33 kWh,$0.41,actual
08:00AM 29 December 2025,0.89 kWh,$0.29,actual
09:00AM 29 December 2025,1.23 kWh,$0.39,actual
10:00AM 29 December 2025,1.00 kWh,$0.32,actual
11:00AM 29 December 2025,0.67 kWh,$0.24,actual
12:00PM 29 December 2025,1.11 kWh,$0.35,actual
01:00PM 29 December 2025,0.70 kWh,$0.24,actual
02:00PM 29 December 2025,1.07 kWh,$0.34,actual
03:00PM 29 December 2025,0.51 kWh,$0.19,actual
04:00PM 29 December 2025,0.61 kWh,$0.22,actual
05:00PM 29 December 2025,0.88 kWh,$0.29,actual
06:00PM 29 December 2025,2.11 kWh,$0.62,actual
07:00PM 29 December 2025,1.49 kWh,$0.45,actual
08:00PM 29 December 2025,0.77 kWh,$0.26,actual
09:00PM 29 December 2025,0.86 kWh,$0.20,actual
10:00PM 29 December 2025,0.95 kWh,$0.22,actual
11:00PM 29 December 2025,2.23 kWh,$0.43,actual
12:00AM 30 December 2025,3.59 kWh,$0.66,actual
01:00AM 30 December 2025,3.57 kWh,$0.66,actual
02:00AM 30 December 2025,3.55 kWh,$0.65,actual
03:00AM 30 December 2025,0.97 kWh,$0.22,actual
04:00AM 30 December 2025,0.76 kWh,$0.18,actual
05:00AM 30 December 2025,1.04 kWh,$0.23,actual
06:00AM 30 December 2025,0.33 kWh,$0.11,actual
07:00AM 30 December 2025,0.34 kWh,$0.15,actual
08:00AM 30 December 2025,0.68 kWh,$0.24,actual
09:00AM 30 December 2025,0.89 kWh,$0.29,actual
10:00AM 30 December 2025,1.09 kWh,$0.35,actual
11:00AM 30 December 2025,1.77 kWh,$0.53,actual
12:00PM 30 December 2025,1.36 kWh,$0.42,actual
01:00PM 30 December 2025,1.06 kWh,$0.34,actual
02:00PM 30 December 2025,0.43 kWh,$0.17,actual
03:00PM 30 December 2025,0.80 kWh,$0.27,actual
04:00PM 30 December 2025,1.18 kWh,$0.37,actual
05:00PM 30 December 2025,2.42 kWh,$0.70,actual
06:00PM 30 December 2025,4.24 kWh,$1.19,actual
07:00PM 30 December 2025,3.16 kWh,$0.90,actual
08:00PM 30 December 2025,1.70 kWh,$0.51,actual
09:00PM 30 December 2025,1.47 kWh,$0.30,actual
10:00PM 30 December 2025,1.72 kWh,$0.35,actual
11:00PM 30 December 2025,2.58 kWh,$0.49,actual
12:00AM 31 December 2025,3.99 kWh,$0.73,actual
01:00AM 31 December 2025,3.96 kWh,$0.72,actual
02:00AM 31 December 2025,1.93 kWh,$0.38,actual
03:00AM 31 December 2025,1.18 kWh,$0.25,actual
04:00AM 31 December 2025,1.87 kWh,$0.37,actual
05:00AM 31 December 2025,0.84 kWh,$0.20,actual
06:00AM 31 December 2025,0.80 kWh,$0.19,actual
07:00AM 31 December 2025,1.42 kWh,$0.44,actual
08:00AM 31 December 2025,1.31 kWh,$0.41,actual
09:00AM 31 December 2025,1.33 kWh,$0.41,actual
10:00AM 31 December 2025,2.85 kWh,$0.82,actual
11:00AM 31 December 2025,2.32 kWh,$0.68,actual
12:00PM 31 December 2025,2.08 kWh,$0.61,actual
01:00PM 31 December 2025,1.10 kWh,$0.35,actual
02:00PM 31 December 2025,0.77 kWh,$0.26,actual
03:00PM 31 December 2025,0.52 kWh,$0.20,actual
04:00PM 31 December 2025,0.56 kWh,$0.21,actual
05:00PM 31 December 2025,1.09 kWh,$0.35,actual
06:00PM 31 December 2025,0.79 kWh,$0.27,actual
07:00PM 31 December 2025,1.11 kWh,$0.35,actual
08:00PM 31 December 2025,1.08 kWh,$0.34,actual
09:00PM 31 December 2025,1.03 kWh,$0.23,actual
10:00PM 31 December 2025,0.85 kWh,$0.20,actual
11:00PM 31 December 2025,2.38 kWh,$0.46,actual
12:00AM 1 January 2026,4.18 kWh,$0.76,actual
01:00AM 1 January 2026,3.88 kWh,$0.71,actual
02:00AM 1 January 2026,3.36 kWh,$0.62,actual
03:00AM 1 January 2026,0.69 kWh,$0.17,actual
04:00AM 1 January 2026,1.05 kWh,$0.23,actual
05:00AM 1 January 2026,0.99 kWh,$0.22,actual
06:00AM 1 January 2026,0.69 kWh,$0.17,actual
07:00AM 1 January 2026,0.80 kWh,$0.27,actual
08:00AM 1 January 2026,0.67 kWh,$0.23,actual
09:00AM 1 January 2026,1.93 kWh,$0.57,actual
10:00AM 1 January 2026,1.09 kWh,$0.35,actual
11:00AM 1 January 2026,0.67 kWh,$0.23,actual
12:00PM 1 January 2026,0.88 kWh,$0.29,actual
01:00PM 1 January 2026,0.69 kWh,$0.24,actual
02:00PM 1 January 2026,0.62 kWh,$0.22,actual
03:00PM 1 January 2026,1.38 kWh,$0.43,actual
04:00PM 1 January 2026,0.72 kWh,$0.25,actual
05:00PM 1 January 2026,1.50 kWh,$0.46,actual
06:00PM 1 January 2026,1.26 kWh,$0.39,actual
07:00PM 1 January 2026,1.39 kWh,$0.43,actual
08:00PM 1 January 2026,1.50 kWh,$0.46,actual
09:00PM 1 January 2026,3.42 kWh,$0.63,actual
10:00PM 1 January 2026,2.59 kWh,$0.49,actual
11:00PM 1 January 2026,2.67 kWh,$0.50,actual
12:00AM 2 January 2026,4.19 kWh,$0.76,actual
01:00AM 2 January 2026,4.12 kWh,$0.75,actual
02:00AM 2 January 2026,4.16 kWh,$0.75,actual
03:00AM 2 January 2026,2.74 kWh,$0.52,actual
04:00AM 2 January 2026,1.79 kWh,$0.36,actual
05:00AM 2 January 2026,1.36 kWh,$0.28,actual
06:00AM 2 January 2026,0.98 kWh,$0.22,actual
07:00AM 2 January 2026,1.22 kWh,$0.38,actual
08:00AM 2 January 2026,0.76 kWh,$0.26,actual
09:00AM 2 January 2026,1.11 kWh,$0.35,actual
10:00AM 2 January 2026,0.56 kWh,$0.20,actual
11:00AM 2 January 2026,0.64 kWh,$0.23,actual
12:00PM 2 January 2026,0.70 kWh,$0.24,actual
01:00PM 2 January 2026,0.48 kWh,$0.18,actual
02:00PM 2 January 2026,0.61 kWh,$0.22,actual
03:00PM 2 January 2026,0.41 kWh,$0.17,actual
04:00PM 2 January 2026,0.59 kWh,$0.21,actual
05:00PM 2 January 2026,0.89 kWh,$0.29,actual
06:00PM 2 January 2026,2.96 kWh,$0.85,actual
07:00PM 2 January 2026,2.54 kWh,$0.74,actual
08:00PM 2 January 2026,1.63 kWh,$0.49,actual
09:00PM 2 January 2026,2.67 kWh,$0.51,actual
10:00PM 2 January 2026,1.33 kWh,$0.28,actual
11:00PM 2 January 2026,2.76 kWh,$0.52,actual
12:00AM 3 January 2026,3.95 kWh,$0.72,actual
01:00AM 3 January 2026,3.94 kWh,$0.72,actual
02:00AM 3 January 2026,1.17 kWh,$0.25,actual
03:00AM 3 January 2026,1.20 kWh,$0.26,actual
04:00AM 3 January 2026,1.33 kWh,$0.28,actual
05:00AM 3 January 2026,1.08 kWh,$0.24,actual
06:00AM 3 January 2026,0.77 kWh,$0.19,actual
07:00AM 3 January 2026,0.71 kWh,$0.25,actual
08:00AM 3 January 2026,1.16 kWh,$0.37,actual
09:00AM 3 January 2026,2.03 kWh,$0.60,actual
10:00AM 3 January 2026,1.52 kWh,$0.46,actual
11:00AM 3 January 2026,2.30 kWh,$0.67,actual
12:00PM 3 January 2026,1.53 kWh,$0.47,actual
01:00PM 3 January 2026,1.12 kWh,$0.36,actual
02:00PM 3 January 2026,0.52 kWh,$0.20,actual
03:00PM 3 January 2026,0.66 kWh,$0.23,actual
04:00PM 3 January 2026,0.58 kWh,$0.21,actual
05:00PM 3 January 2026,0.53 kWh,$0.20,actual
06:00PM 3 January 2026,1.55 kWh,$0.47,actual
07:00PM 3 January 2026,1.91 kWh,$0.57,actual
08:00PM 3 January 2026,2.57 kWh,$0.75,actual
09:00PM 3 January 2026,2.28 kWh,$0.44,actual
10:00PM 3 January 2026,1.75 kWh,$0.35,actual
11:00PM 3 January 2026,2.45 kWh,$0.47,actual
12:00AM 4 January 2026,3.77 kWh,$0.69,actual
01:00AM 4 January 2026,3.73 kWh,$0.68,actual
02:00AM 4 January 2026,1.78 kWh,$0.35,actual
03:00AM 4 January 2026,0.96 kWh,$0.22,actual
04:00AM 4 January 2026,0.84 kWh,$0.20,actual
05:00AM 4 January 2026,0.85 kWh,$0.20,actual
06:00AM 4 January 2026,0.99 kWh,$0.22,actual
07:00AM 4 January 2026,0.87 kWh,$0.29,actual
08:00AM 4 January 2026,0.83 kWh,$0.28,actual
09:00AM 4 January 2026,1.41 kWh,$0.43,actual
10:00AM 4 January 2026,1.56 kWh,$0.47,actual
11:00AM 4 January 2026,0.49 kWh,$0.19,actual
12:00PM 4 January 2026,0.58 kWh,$0.21,actual
01:00PM 4 January 2026,0.74 kWh,$0.25,actual
02:00PM 4 January 2026,0.56 kWh,$0.21,actual
03:00PM 4 January 2026,1.04 kWh,$0.34,actual
04:00PM 4 January 2026,1.86 kWh,$0.56,actual
05:00PM 4 January 2026,1.47 kWh,$0.45,actual
06:00PM 4 January 2026,1.65 kWh,$0.50,actual
07:00PM 4 January 2026,1.57 kWh,$0.48,actual
08:00PM 4 January 2026,0.92 kWh,$0.30,actual
09:00PM 4 January 2026,1.22 kWh,$0.26,actual
10:00PM 4 January 2026,1.90 kWh,$0.38,actual
11:00PM 4 January 2026,2.89 kWh,$0.54,actual
12:00AM 5 January 2026,4.32 kWh,$0.78,actual
01:00AM 5 January 2026,4.29 kWh,$0.78,actual
02:00AM 5 January 2026,4.28 kWh,$0.78,actual
03:00AM 5 January 2026,3.08 kWh,$0.57,actual
04:00AM 5 January 2026,1.46 kWh,$0.30,actual
05:00AM 5 January 2026,1.40 kWh,$0.29,actual
06:00AM 5 January 2026,1.28 kWh,$0.27,actual
07:00AM 5 January 2026,1.12 kWh,$0.36,actual
08:00AM 5 January 2026,1.23 kWh,$0.39,actual
09:00AM 5 January 2026,0.95 kWh,$0.31,actual
10:00AM 5 January 2026,0.53 kWh,$0.20,actual
11:00AM 5 January 2026,0.66 kWh,$0.23,actual
12:00PM 5 January 2026,1.21 kWh,$0.38,actual
01:00PM 5 January 2026,0.66 kWh,$0.23,actual
02:00PM 5 January 2026,0.54 kWh,$0.20,actual
03:00PM 5 January 2026,0.56 kWh,$0.21,actual
04:00PM 5 January 2026,0.73 kWh,$0.25,actual
05:00PM 5 January 2026,0.58 kWh,$0.21,actual
06:00PM 5 January 2026,1.73 kWh,$0.52,actual
07:00PM 5 January 2026,1.56 kWh,$0.48,actual
08:00PM 5 January 2026,1.27 kWh,$0.40,actual
09:00PM 5 January 2026,1.32 kWh,$0.28,actual
10:00PM 5 January 2026,1.40 kWh,$0.29,actual
11:00PM 5 January 2026,2.90 kWh,$0.54,actual
12:00AM 6 January 2026,4.00 kWh,$0.73,actual
01:00AM 6 January 2026,4.06 kWh,$0.74,actual
02:00AM 6 January 2026,3.34 kWh,$0.62,actual
03:00AM 6 January 2026,1.35 kWh,$0.28,actual
04:00AM 6 January 2026,0.74 kWh,$0.18,actual
05:00AM 6 January 2026,1.14 kWh,$0.25,actual
06:00AM 6 January 2026,0.76 kWh,$0.18,actual
07:00AM 6 January 2026,0.59 kWh,$0.21,actual
08:00AM 6 January 2026,0.91 kWh,$0.30,actual
09:00AM 6 January 2026,1.27 kWh,$0.40,actual
10:00AM 6 January 2026,1.06 kWh,$0.34,actual
11:00AM 6 January 2026,0.55 kWh,$0.20,actual
12:00PM 6 January 2026,1.02 kWh,$0.33,actual
01:00PM 6 January 2026,0.69 kWh,$0.24,actual
02:00PM 6 January 2026,0.72 kWh,$0.25,actual
03:00PM 6 January 2026,0.68 kWh,$0.24,actual
04:00PM 6 January 2026,0.79 kWh,$0.27,actual
05:00PM 6 January 2026,1.04 kWh,$0.34,actual
06:00PM 6 January 2026,1.04 kWh,$0.33,actual
07:00PM 6 January 2026,2.09 kWh,$0.62,actual
08:00PM 6 January 2026,1.01 kWh,$0.33,actual
09:00PM 6 January 2026,0.81 kWh,$0.19,actual
10:00PM 6 January 2026,1.18 kWh,$0.25,actual
11:00PM 6 January 2026,2.52 kWh,$0.48,actual
12:00AM 7 January 2026,3.66 kWh,$0.67,actual
01:00AM 7 January 2026,3.67 kWh,$0.67,actual
02:00AM 7 January 2026,3.41 kWh,$0.63,actual
03:00AM 7 January 2026,0.96 kWh,$0.22,actual
04:00AM 7 January 2026,0.83 kWh,$0.20,actual
05:00AM 7 January 2026,0.55 kWh,$0.15,actual
06:00AM 7 January 2026,0.99 kWh,$0.22,actual
07:00AM 7 January 2026,2.01 kWh,$0.59,actual
08:00AM 7 January 2026,0.40 kWh,$0.16,actual
09:00AM 7 January 2026,0.34 kWh,$0.15,actual
10:00AM 7 January 2026,0.33 kWh,$0.14,actual
11:00AM 7 January 2026,0.32 kWh,$0.14,actual
12:00PM 7 January 2026,0.33 kWh,$0.14,actual
01:00PM 7 January 2026,0.33 kWh,$0.14,actual
02:00PM 7 January 2026,0.33 kWh,$0.14,actual
03:00PM 7 January 2026,0.33 kWh,$0.14,actual
04:00PM 7 January 2026,1.18 kWh,$0.37,actual
05:00PM 7 January 2026,1.64 kWh,$0.50,actual
06:00PM 7 January 2026,1.12 kWh,$0.36,actual
07:00PM 7 January 2026,2.49 kWh,$0.72,actual
08:00PM 7 January 2026,0.87 kWh,$0.29,actual
09:00PM 7 January 2026,0.93 kWh,$0.21,actual
10:00PM 7 January 2026,0.97 kWh,$0.22,actual
11:00PM 7 January 2026,2.12 kWh,$0.41,actual
12:00AM 8 January 2026,3.59 kWh,$0.66,actual
01:00AM 8 January 2026,2.02 kWh,$0.40,actual
02:00AM 8 January 2026,0.71 kWh,$0.17,actual
03:00AM 8 January 2026,0.63 kWh,$0.16,actual
04:00AM 8 January 2026,0.33 kWh,$0.11,actual
05:00AM 8 January 2026,0.66 kWh,$0.17,actual
06:00AM 8 January 2026,0.32 kWh,$0.11,actual
07:00AM 8 January 2026,0.52 kWh,$0.19,actual
08:00AM 8 January 2026,1.11 kWh,$0.35,actual
09:00AM 8 January 2026,0.81 kWh,$0.27,actual
10:00AM 8 January 2026,0.51 kWh,$0.19,actual
11:00AM 8 January 2026,0.76 kWh,$0.26,actual
12:00PM 8 January 2026,0.40 kWh,$0.16,actual
01:00PM 8 January 2026,0.56 kWh,$0.21,actual
02:00PM 8 January 2026,0.59 kWh,$0.21,actual
03:00PM 8 January 2026,0.72 kWh,$0.25,actual
04:00PM 8 January 2026,0.52 kWh,$0.20,actual
05:00PM 8 January 2026,2.17 kWh,$0.64,actual
06:00PM 8 January 2026,2.21 kWh,$0.65,actual
07:00PM 8 January 2026,1.12 kWh,$0.36,actual
08:00PM 8 January 2026,0.92 kWh,$0.30,actual
09:00PM 8 January 2026,0.84 kWh,$0.20,actual
10:00PM 8 January 2026,1.16 kWh,$0.25,actual
11:00PM 8 January 2026,2.30 kWh,$0.44,actual
12:00AM 9 January 2026,3.74 kWh,$0.69,actual
01:00AM 9 January 2026,3.75 kWh,$0.69,actual
02:00AM 9 January 2026,3.75 kWh,$0.69,actual
03:00AM 9 January 2026,1.06 kWh,$0.23,actual
04:00AM 9 January 2026,0.72 kWh,$0.18,actual
05:00AM 9 January 2026,0.83 kWh,$0.19,actual
06:00AM 9 January 2026,0.72 kWh,$0.18,actual
07:00AM 9 January 2026,0.56 kWh,$0.21,actual
08:00AM 9 January 2026,1.20 kWh,$0.38,actual
09:00AM 9 January 2026,0.73 kWh,$0.25,actual
10:00AM 9 January 2026,0.48 kWh,$0.18,actual
11:00AM 9 January 2026,0.38 kWh,$0.16,actual
12:00PM 9 January 2026,1.91 kWh,$0.57,actual
01:00PM 9 January 2026,2.15 kWh,$0.63,actual
02:00PM 9 January 2026,1.03 kWh,$0.33,actual
03:00PM 9 January 2026,1.44 kWh,$0.44,actual
04:00PM 9 January 2026,0.56 kWh,$0.21,actual
05:00PM 9 January 2026,0.85 kWh,$0.28,actual
06:00PM 9 January 2026,2.48 kWh,$0.72,actual
07:00PM 9 January 2026,1.43 kWh,$0.44,actual
08:00PM 9 January 2026,1.58 kWh,$0.48,actual
09:00PM 9 January 2026,1.30 kWh,$0.27,actual
10:00PM 9 January 2026,1.05 kWh,$0.23,actual
11:00PM 9 January 2026,2.19 kWh,$0.42,actual
12:00AM 10 January 2026,3.55 kWh,$0.65,actual
01:00AM 10 January 2026,2.18 kWh,$0.42,actual
02:00AM 10 January 2026,0.94 kWh,$0.21,actual
03:00AM 10 January 2026,0.73 kWh,$0.18,actual
04:00AM 10 January 2026,0.33 kWh,$0.11,actual
05:00AM 10 January 2026,0.67 kWh,$0.17,actual
06:00AM 10 January 2026,0.42 kWh,$0.13,actual
07:00AM 10 January 2026,0.47 kWh,$0.18,actual
08:00AM 10 January 2026,1.18 kWh,$0.37,actual
09:00AM 10 January 2026,1.01 kWh,$0.33,actual
10:00AM 10 January 2026,1.37 kWh,$0.42,actual
11:00AM 10 January 2026,0.66 kWh,$0.23,actual
12:00PM 10 January 2026,1.44 kWh,$0.44,actual
01:00PM 10 January 2026,1.23 kWh,$0.39,actual
02:00PM 10 January 2026,0.73 kWh,$0.25,actual
03:00PM 10 January 2026,0.72 kWh,$0.25,actual
04:00PM 10 January 2026,0.69 kWh,$0.24,actual
05:00PM 10 January 2026,1.70 kWh,$0.51,actual
06:00PM 10 January 2026,2.48 kWh,$0.72,actual
07:00PM 10 January 2026,2.48 kWh,$0.72,actual
08:00PM 10 January 2026,1.07 kWh,$0.34,actual
09:00PM 10 January 2026,0.84 kWh,$0.20,actual
10:00PM 10 January 2026,0.88 kWh,$0.20,actual
11:00PM 10 January 2026,2.25 kWh,$0.43,actual
12:00AM 11 January 2026,3.50 kWh,$0.64,actual
01:00AM 11 January 2026,3.55 kWh,$0.65,actual
02:00AM 11 January 2026,2.05 kWh,$0.40,actual
03:00AM 11 January 2026,0.72 kWh,$0.18,actual
04:00AM 11 January 2026,0.62 kWh,$0.16,actual
05:00AM 11 January 2026,0.35 kWh,$0.11,actual
06:00AM 11 January 2026,1.02 kWh,$0.23,actual
07:00AM 11 January 2026,0.46 kWh,$0.18,actual
08:00AM 11 January 2026,0.94 kWh,$0.31,actual
09:00AM 11 January 2026,0.82 kWh,$0.28,actual
10:00AM 11 January 2026,0.93 kWh,$0.30,actual
11:00AM 11 January 2026,0.62 kWh,$0.22,actual
12:00PM 11 January 2026,1.90 kWh,$0.56,actual
01:00PM 11 January 2026,3.13 kWh,$0.89,actual
02:00PM 11 January 2026,3.46 kWh,$0.98,actual
03:00PM 11 January 2026,2.00 kWh,$0.59,actual
04:00PM 11 January 2026,1.66 kWh,$0.50,actual
05:00PM 11 January 2026,2.78 kWh,$0.80,actual
06:00PM 11 January 2026,3.35 kWh,$0.96,actual
07:00PM 11 January 2026,2.19 kWh,$0.64,actual
08:00PM 11 January 2026,1.06 kWh,$0.34,actual
09:00PM 11 January 2026,1.47 kWh,$0.30,actual
10:00PM 11 January 2026,1.74 kWh,$0.35,actual
11:00PM 11 January 2026,2.03 kWh,$0.40,actual
12:00AM 12 January 2026,3.55 kWh,$0.65,actual
01:00AM 12 January 2026,3.49 kWh,$0.64,actual
02:00AM 12 January 2026,2.38 kWh,$0.46,actual
03:00AM 12 January 2026,0.79 kWh,$0.19,actual
04:00AM 12 January 2026,0.67 kWh,$0.17,actual
05:00AM 12 January 2026,0.44 kWh,$0.13,actual
06:00AM 12 January 2026,0.73 kWh,$0.18,actual
07:00AM 12 January 2026,0.49 kWh,$0.19,actual
08:00AM 12 January 2026,0.64 kWh,$0.23,actual
09:00AM 12 January 2026,1.20 kWh,$0.38,actual
10:00AM 12 January 2026,0.99 kWh,$0.32,actual
11:00AM 12 January 2026,1.93 kWh,$0.57,actual
12:00PM 12 January 2026,1.02 kWh,$0.33,actual
01:00PM 12 January 2026,0.61 kWh,$0.22,actual
02:00PM 12 January 2026,0.84 kWh,$0.28,actual
03:00PM 12 January 2026,0.48 kWh,$0.18,actual
04:00PM 12 January 2026,0.54 kWh,$0.20,actual
05:00PM 12 January 2026,0.78 kWh,$0.26,actual
06:00PM 12 January 2026,1.16 kWh,$0.37,actual
07:00PM 12 January 2026,1.62 kWh,$0.49,actual
08:00PM 12 January 2026,1.87 kWh,$0.56,actual
09:00PM 12 January 2026,0.96 kWh,$0.22,actual
10:00PM 12 January 2026,0.83 kWh,$0.19,actual
11:00PM 12 January 2026,2.11 kWh,$0.41,actual
12:00AM 13 January 2026,3.63 kWh,$0.67,actual
01:00AM 13 January 2026,2.53 kWh,$0.48,actual
02:00AM 13 January 2026,1.13 kWh,$0.25,actual
03:00AM 13 January 2026,0.86 kWh,$0.20,actual
04:00AM 13 January 2026,0.71 kWh,$0.18,actual
05:00AM 13 January 2026,0.44 kWh,$0.13,actual
06:00AM 13 January 2026,0.73 kWh,$0.18,actual
07:00AM 13 January 2026,0.44 kWh,$0.17,actual
08:00AM 13 January 2026,0.94 kWh,$0.31,actual
09:00AM 13 January 2026,0.97 kWh,$0.32,actual
10:00AM 13 January 2026,0.84 kWh,$0.28,actual
11:00AM 13 January 2026,1.03 kWh,$0.33,actual
12:00PM 13 January 2026,0.91 kWh,$0.30,actual
01:00PM 13 January 2026,0.61 kWh,$0.22,actual
02:00PM 13 January 2026,0.56 kWh,$0.21,actual
03:00PM 13 January 2026,0.57 kWh,$0.21,actual
04:00PM 13 January 2026,0.47 kWh,$0.18,actual
05:00PM 13 January 2026,0.95 kWh,$0.31,actual
06:00PM 13 January 2026,1.31 kWh,$0.41,actual
07:00PM 13 January 2026,1.65 kWh,$0.50,actual
08:00PM 13 January 2026,1.21 kWh,$0.38,actual
09:00PM 13 January 2026,1.88 kWh,$0.37,actual
10:00PM 13 January 2026,1.39 kWh,$0.29,actual
11:00PM 13 January 2026,2.42 kWh,$0.46,actual
12:00AM 14 January 2026,3.96 kWh,$0.72,actual
01:00AM 14 January 2026,3.92 kWh,$0.72,actual
02:00AM 14 January 2026,3.27 kWh,$0.61,actual
03:00AM 14 January 2026,1.42 kWh,$0.30,actual
04:00AM 14 January 2026,0.86 kWh,$0.20,actual
05:00AM 14 January 2026,1.06 kWh,$0.23,actual
06:00AM 14 January 2026,1.09 kWh,$0.24,actual
07:00AM 14 January 2026,0.81 kWh,$0.27,actual
08:00AM 14 January 2026,1.00 kWh,$0.32,actual
09:00AM 14 January 2026,0.91 kWh,$0.30,actual
10:00AM 14 January 2026,1.05 kWh,$0.34,actual
11:00AM 14 January 2026,0.56 kWh,$0.21,actual
12:00PM 14 January 2026,1.14 kWh,$0.36,actual
01:00PM 14 January 2026,0.40 kWh,$0.16,actual
02:00PM 14 January 2026,0.47 kWh,$0.18,actual
03:00PM 14 January 2026,0.60 kWh,$0.22,actual
04:00PM 14 January 2026,1.51 kWh,$0.46,actual
05:00PM 14 January 2026,1.58 kWh,$0.48,actual
06:00PM 14 January 2026,0.87 kWh,$0.29,actual
07:00PM 14 January 2026,1.71 kWh,$0.52,actual
08:00PM 14 January 2026,1.46 kWh,$0.45,actual
09:00PM 14 January 2026,0.86 kWh,$0.20,actual
10:00PM 14 January 2026,1.05 kWh,$0.23,actual
11:00PM 14 January 2026,2.43 kWh,$0.46,actual
12:00AM 15 January 2026,3.72 kWh,$0.68,actual
01:00AM 15 January 2026,3.32 kWh,$0.61,actual
02:00AM 15 January 2026,1.21 kWh,$0.26,actual
03:00AM 15 January 2026,1.26 kWh,$0.27,actual
04:00AM 15 January 2026,0.56 kWh,$0.15,actual
05:00AM 15 January 2026,0.56 kWh,$0.15,actual
06:00AM 15 January 2026,0.97 kWh,$0.22,actual
07:00AM 15 January 2026,0.84 kWh,$0.28,actual
08:00AM 15 January 2026,0.69 kWh,$0.24,actual
09:00AM 15 January 2026,1.33 kWh,$0.41,actual
10:00AM 15 January 2026,1.16 kWh,$0.37,actual
11:00AM 15 January 2026,2.07 kWh,$0.61,actual
12:00PM 15 January 2026,1.59 kWh,$0.48,actual
01:00PM 15 January 2026,0.70 kWh,$0.24,actual
02:00PM 15 January 2026,0.56 kWh,$0.20,actual
03:00PM 15 January 2026,0.69 kWh,$0.24,actual
04:00PM 15 January 2026,1.11 kWh,$0.35,actual
05:00PM 15 January 2026,1.79 kWh,$0.53,actual
06:00PM 15 January 2026,1.56 kWh,$0.47,actual
07:00PM 15 January 2026,2.07 kWh,$0.61,actual
08:00PM 15 January 2026,2.30 kWh,$0.67,actual
09:00PM 15 January 2026,1.12 kWh,$0.24,actual
10:00PM 15 January 2026,1.69 kWh,$0.34,actual
11:00PM 15 January 2026,2.94 kWh,$0.55,actual
12:00AM 16 January 2026,4.47 kWh,$0.81,actual
01:00AM 16 January 2026,4.46 kWh,$0.81,actual
02:00AM 16 January 2026,3.60 kWh,$0.66,actual
03:00AM 16 January 2026,1.58 kWh,$0.32,actual
04:00AM 16 January 2026,1.52 kWh,$0.31,actual
05:00AM 16 January 2026,1.52 kWh,$0.31,actual
06:00AM 16 January 2026,1.76 kWh,$0.35,actual
07:00AM 16 January 2026,1.57 kWh,$0.48,actual
08:00AM 16 January 2026,0.92 kWh,$0.30,actual
09:00AM 16 January 2026,1.21 kWh,$0.38,actual
10:00AM 16 January 2026,0.61 kWh,$0.22,actual
11:00AM 16 January 2026,0.55 kWh,$0.20,actual
12:00PM 16 January 2026,0.67 kWh,$0.24,actual
01:00PM 16 January 2026,0.62 kWh,$0.22,actual
02:00PM 16 January 2026,0.65 kWh,$0.23,actual
03:00PM 16 January 2026,0.46 kWh,$0.18,actual
04:00PM 16 January 2026,0.56 kWh,$0.21,actual
05:00PM 16 January 2026,2.40 kWh,$0.70,actual
06:00PM 16 January 2026,3.40 kWh,$0.97,actual
07:00PM 16 January 2026,1.72 kWh,$0.52,actual
08:00PM 16 January 2026,2.28 kWh,$0.67,actual
09:00PM 16 January 2026,3.04 kWh,$0.57,actual
10:00PM 16 January 2026,1.38 kWh,$0.29,actual
11:00PM 16 January 2026,2.42 kWh,$0.46,actual
12:00AM 17 January 2026,4.01 kWh,$0.73,actual
01:00AM 17 January 2026,4.01 kWh,$0.73,actual
02:00AM 17 January 2026,4.11 kWh,$0.75,actual
03:00AM 17 January 2026,2.21 kWh,$0.43,actual
04:00AM 17 January 2026,1.17 kWh,$0.25,actual
05:00AM 17 January 2026,1.22 kWh,$0.26,actual
06:00AM 17 January 2026,1.59 kWh,$0.32,actual
07:00AM 17 January 2026,1.11 kWh,$0.35,actual
08:00AM 17 January 2026,1.04 kWh,$0.34,actual
09:00AM 17 January 2026,2.21 kWh,$0.65,actual
10:00AM 17 January 2026,2.38 kWh,$0.69,actual
11:00AM 17 January 2026,2.05 kWh,$0.60,actual
12:00PM 17 January 2026,0.37 kWh,$0.15,actual
01:00PM 17 January 2026,1.03 kWh,$0.33,actual
02:00PM 17 January 2026,0.72 kWh,$0.25,actual
03:00PM 17 January 2026,0.84 kWh,$0.28,actual
04:00PM 17 January 2026,1.27 kWh,$0.40,actual
05:00PM 17 January 2026,0.99 kWh,$0.32,actual
06:00PM 17 January 2026,0.55 kWh,$0.20,actual
07:00PM 17 January 2026,1.46 kWh,$0.45,actual
08:00PM 17 January 2026,1.98 kWh,$0.59,actual
09:00PM 17 January 2026,1.64 kWh,$0.33,actual
10:00PM 17 January 2026,1.18 kWh,$0.25,actual
11:00PM 17 January 2026,2.34 kWh,$0.45,actual
12:00AM 18 January 2026,3.92 kWh,$0.71,actual
01:00AM 18 January 2026,3.92 kWh,$0.71,actual
02:00AM 18 January 2026,2.64 kWh,$0.50,actual
03:00AM 18 January 2026,1.59 kWh,$0.32,actual
04:00AM 18 January 2026,1.17 kWh,$0.25,actual
05:00AM 18 January 2026,1.23 kWh,$0.26,actual
06:00AM 18 January 2026,1.65 kWh,$0.33,actual
07:00AM 18 January 2026,1.09 kWh,$0.35,actual
08:00AM 18 January 2026,1.10 kWh,$0.35,actual
09:00AM 18 January 2026,1.16 kWh,$0.37,actual
10:00AM 18 January 2026,0.65 kWh,$0.23,actual
11:00AM 18 January 2026,1.22 kWh,$0.38,actual
12:00PM 18 January 2026,1.45 kWh,$0.44,actual
01:00PM 18 January 2026,0.70 kWh,$0.24,actual
02:00PM 18 January 2026,0.40 kWh,$0.16,actual
03:00PM 18 January 2026,0.49 kWh,$0.19,actual
04:00PM 18 January 2026,1.04 kWh,$0.34,actual
05:00PM 18 January 2026,1.27 kWh,$0.40,actual
06:00PM 18 January 2026,1.42 kWh,$0.44,actual
07:00PM 18 January 2026,1.20 kWh,$0.38,actual
08:00PM 18 January 2026,1.71 kWh,$0.52,actual
09:00PM 18 January 2026,2.66 kWh,$0.50,actual
10:00PM 18 January 2026,1.60 kWh,$0.32,actual
11:00PM 18 January 2026,2.97 kWh,$0.56,actual
12:00AM 19 January 2026,4.61 kWh,$0.83,actual
01:00AM 19 January 2026,4.64 kWh,$0.84,actual
02:00AM 19 January 2026,4.62 kWh,$0.83,actual
03:00AM 19 January 2026,2.67 kWh,$0.50,actual
04:00AM 19 January 2026,2.75 kWh,$0.52,actual
05:00AM 19 January 2026,1.47 kWh,$0.30,actual
06:00AM 19 January 2026,1.94 kWh,$0.38,actual
07:00AM 19 January 2026,1.70 kWh,$0.51,actual
08:00AM 19 January 2026,1.10 kWh,$0.35,actual
09:00AM 19 January 2026,0.80 kWh,$0.27,actual
10:00AM 19 January 2026,1.07 kWh,$0.34,actual
11:00AM 19 January 2026,0.44 kWh,$0.17,actual
12:00PM 19 January 2026,1.80 kWh,$0.54,actual
01:00PM 19 January 2026,0.57 kWh,$0.21,actual
02:00PM 19 January 2026,1.20 kWh,$0.38,actual
03:00PM 19 January 2026,0.43 kWh,$0.17,actual
04:00PM 19 January 2026,0.52 kWh,$0.20,actual
05:00PM 19 January 2026,0.85 kWh,$0.28,actual
06:00PM 19 January 2026,1.74 kWh,$0.52,actual
07:00PM 19 January 2026,1.48 kWh,$0.45,actual
08:00PM 19 January 2026,2.47 kWh,$0.72,actual
09:00PM 19 January 2026,1.28 kWh,$0.27,actual
10:00PM 19 January 2026,1.35 kWh,$0.28,actual
11:00PM 19 January 2026,2.60 kWh,$0.49,actual
12:00AM 20 January 2026,4.26 kWh,$0.77,actual
01:00AM 20 January 2026,3.67 kWh,$0.67,actual
02:00AM 20 January 2026,1.32 kWh,$0.28,actual
03:00AM 20 January 2026,1.13 kWh,$0.25,actual
04:00AM 20 January 2026,1.38 kWh,$0.29,actual
05:00AM 20 January 2026,1.72 kWh,$0.34,actual
06:00AM 20 January 2026,1.10 kWh,$0.24,actual
07:00AM 20 January 2026,1.10 kWh,$0.35,actual
08:00AM 20 January 2026,1.50 kWh,$0.46,actual
09:00AM 20 January 2026,0.47 kWh,$0.18,actual
10:00AM 20 January 2026,0.66 kWh,$0.23,actual
11:00AM 20 January 2026,0.61 kWh,$0.22,actual
12:00PM 20 January 2026,1.67 kWh,$0.50,actual
01:00PM 20 January 2026,0.90 kWh,$0.30,actual
02:00PM 20 January 2026,0.63 kWh,$0.22,actual
03:00PM 20 January 2026,0.58 kWh,$0.21,actual
04:00PM 20 January 2026,0.61 kWh,$0.22,actual
05:00PM 20 January 2026,0.73 kWh,$0.25,actual
06:00PM 20 January 2026,1.40 kWh,$0.43,actual
07:00PM 20 January 2026,1.38 kWh,$0.43,actual
08:00PM 20 January 2026,1.89 kWh,$0.56,actual
09:00PM 20 January 2026,2.41 kWh,$0.46,actual
10:00PM 20 January 2026,1.37 kWh,$0.29,actual
11:00PM 20 January 2026,2.70 kWh,$0.51,actual
12:00AM 21 January 2026,4.22 kWh,$0.77,actual
01:00AM 21 January 2026,4.29 kWh,$0.78,actual
02:00AM 21 January 2026,2.50 kWh,$0.48,actual
03:00AM 21 January 2026,1.17 kWh,$0.25,actual
04:00AM 21 January 2026,1.55 kWh,$0.32,actual
05:00AM 21 January 2026,1.11 kWh,$0.24,actual
06:00AM 21 January 2026,1.38 kWh,$0.29,actual
07:00AM 21 January 2026,1.23 kWh,$0.39,actual
08:00AM 21 January 2026,0.51 kWh,$0.19,actual
09:00AM 21 January 2026,0.79 kWh,$0.27,actual
10:00AM 21 January 2026,2.82 kWh,$0.81,actual
11:00AM 21 January 2026,2.38 kWh,$0.69,actual
12:00PM 21 January 2026,1.23 kWh,$0.38,actual
01:00PM 21 January 2026,0.64 kWh,$0.23,actual
02:00PM 21 January 2026,0.36 kWh,$0.15,actual
03:00PM 21 January 2026,0.67 kWh,$0.24,actual
04:00PM 21 January 2026,1.09 kWh,$0.35,actual
05:00PM 21 January 2026,1.33 kWh,$0.41,actual
06:00PM 21 January 2026,2.76 kWh,$0.79,actual
07:00PM 21 January 2026,3.22 kWh,$0.92,actual
08:00PM 21 January 2026,2.08 kWh,$0.61,actual
09:00PM 21 January 2026,1.91 kWh,$0.38,actual
10:00PM 21 January 2026,1.20 kWh,$0.26,actual
11:00PM 21 January 2026,2.59 kWh,$0.49,actual
12:00AM 22 January 2026,3.92 kWh,$0.71,actual
01:00AM 22 January 2026,3.89 kWh,$0.71,actual
02:00AM 22 January 2026,3.36 kWh,$0.62,actual
03:00AM 22 January 2026,1.07 kWh,$0.24,actual
04:00AM 22 January 2026,0.77 kWh,$0.19,actual
05:00AM 22 January 2026,1.35 kWh,$0.28,actual
06:00AM 22 January 2026,0.86 kWh,$0.20,actual
07:00AM 22 January 2026,0.92 kWh,$0.30,actual
08:00AM 22 January 2026,1.07 kWh,$0.34,actual
09:00AM 22 January 2026,1.37 kWh,$0.42,actual
10:00AM 22 January 2026,2.25 kWh,$0.66,actual
11:00AM 22 January 2026,2.42 kWh,$0.70,actual
12:00PM 22 January 2026,2.97 kWh,$0.85,actual
01:00PM 22 January 2026,1.01 kWh,$0.33,actual
02:00PM 22 January 2026,1.14 kWh,$0.36,actual
03:00PM 22 January 2026,1.08 kWh,$0.35,actual
04:00PM 22 January 2026,0.65 kWh,$0.23,actual
05:00PM 22 January 2026,0.93 kWh,$0.31,actual
06:00PM 22 January 2026,2.63 kWh,$0.76,actual
07:00PM 22 January 2026,1.65 kWh,$0.50,actual
08:00PM 22 January 2026,1.71 kWh,$0.51,actual
09:00PM 22 January 2026,2.47 kWh,$0.47,actual
10:00PM 22 January 2026,1.61 kWh,$0.33,actual
11:00PM 22 January 2026,2.56 kWh,$0.49,actual
12:00AM 23 January 2026,4.00 kWh,$0.73,actual
01:00AM 23 January 2026,4.03 kWh,$0.73,actual
02:00AM 23 January 2026,4.01 kWh,$0.73,actual
03:00AM 23 January 2026,2.40 kWh,$0.46,actual
04:00AM 23 January 2026,1.23 kWh,$0.26,actual
05:00AM 23 January 2026,1.21 kWh,$0.26,actual
06:00AM 23 January 2026,1.24 kWh,$0.26,actual
07:00AM 23 January 2026,1.15 kWh,$0.36,actual
08:00AM 23 January 2026,0.59 kWh,$0.21,actual
09:00AM 23 January 2026,1.51 kWh,$0.46,actual
10:00AM 23 January 2026,0.53 kWh,$0.20,actual
11:00AM 23 January 2026,0.61 kWh,$0.22,actual
12:00PM 23 January 2026,1.49 kWh,$0.45,actual
01:00PM 23 January 2026,0.51 kWh,$0.19,actual
02:00PM 23 January 2026,1.59 kWh,$0.48,actual
03:00PM 23 January 2026,0.53 kWh,$0.20,actual
04:00PM 23 January 2026,0.59 kWh,$0.21,actual
05:00PM 23 January 2026,1.03 kWh,$0.33,actual
06:00PM 23 January 2026,1.77 kWh,$0.53,actual
07:00PM 23 January 2026,4.15 kWh,$1.17,actual
08:00PM 23 January 2026,2.14 kWh,$0.63,actual
09:00PM 23 January 2026,2.10 kWh,$0.41,actual
10:00PM 23 January 2026,1.93 kWh,$0.38,actual
11:00PM 23 January 2026,2.45 kWh,$0.47,actual
12:00AM 24 January 2026,3.88 kWh,$0.71,actual
01:00AM 24 January 2026,3.91 kWh,$0.71,actual
02:00AM 24 January 2026,3.02 kWh,$0.56,actual
03:00AM 24 January 2026,1.14 kWh,$0.25,actual
04:00AM 24 January 2026,1.13 kWh,$0.24,actual
05:00AM 24 January 2026,0.68 kWh,$0.17,actual
06:00AM 24 January 2026,1.35 kWh,$0.28,actual
07:00AM 24 January 2026,0.73 kWh,$0.25,actual
08:00AM 24 January 2026,2.44 kWh,$0.71,actual
09:00AM 24 January 2026,1.51 kWh,$0.46,actual
10:00AM 24 January 2026,1.46 kWh,$0.45,actual
11:00AM 24 January 2026,1.84 kWh,$0.55,actual
12:00PM 24 January 2026,1.56 kWh,$0.47,actual
01:00PM 24 January 2026,0.75 kWh,$0.26,actual
02:00PM 24 January 2026,0.85 kWh,$0.28,actual
03:00PM 24 January 2026,0.98 kWh,$0.32,actual
04:00PM 24 January 2026,0.95 kWh,$0.31,actual
05:00PM 24 January 2026,1.05 kWh,$0.34,actual
06:00PM 24 January 2026,1.89 kWh,$0.56,actual
07:00PM 24 January 2026,1.78 kWh,$0.53,actual
08:00PM 24 January 2026,3.00 kWh,$0.86,actual
09:00PM 24 January 2026,3.33 kWh,$0.61,actual
10:00PM 24 January 2026,1.69 kWh,$0.34,actual
11:00PM 24 January 2026,2.60 kWh,$0.49,actual
12:00AM 25 January 2026,4.03 kWh,$0.73,actual
01:00AM 25 January 2026,3.98 kWh,$0.72,actual
02:00AM 25 January 2026,4.03 kWh,$0.73,actual
03:00AM 25 January 2026,4.05 kWh,$0.74,actual
04:00AM 25 January 2026,2.95 kWh,$0.55,actual
05:00AM 25 January 2026,1.50 kWh,$0.31,actual
06:00AM 25 January 2026,1.28 kWh,$0.27,actual
07:00AM 25 January 2026,1.80 kWh,$0.54,actual
08:00AM 25 January 2026,1.23 kWh,$0.38,actual
09:00AM 25 January 2026,0.94 kWh,$0.31,actual
10:00AM 25 January 2026,0.55 kWh,$0.20,actual
11:00AM 25 January 2026,0.86 kWh,$0.29,actual
12:00PM 25 January 2026,1.10 kWh,$0.35,actual
01:00PM 25 January 2026,2.32 kWh,$0.68,actual
02:00PM 25 January 2026,0.56 kWh,$0.20,actual
03:00PM 25 January 2026,0.52 kWh,$0.20,actual
04:00PM 25 January 2026,0.74 kWh,$0.25,actual
05:00PM 25 January 2026,0.81 kWh,$0.27,actual
06:00PM 25 January 2026,2.01 kWh,$0.60,actual
07:00PM 25 January 2026,2.37 kWh,$0.69,actual
08:00PM 25 January 2026,3.12 kWh,$0.89,actual
09:00PM 25 January 2026,3.46 kWh,$0.64,actual
10:00PM 25 January 2026,1.49 kWh,$0.31,actual
11:00PM 25 January 2026,2.79 kWh,$0.52,actual
12:00AM 26 January 2026,4.19 kWh,$0.76,actual
01:00AM 26 January 2026,4.16 kWh,$0.76,actual
02:00AM 26 January 2026,4.16 kWh,$0.75,actual
03:00AM 26 January 2026,2.97 kWh,$0.56,actual
04:00AM 26 January 2026,1.34 kWh,$0.28,actual
05:00AM 26 January 2026,1.33 kWh,$0.28,actual
06:00AM 26 January 2026,1.16 kWh,$0.25,actual
07:00AM 26 January 2026,1.29 kWh,$0.40,actual
08:00AM 26 January 2026,1.50 kWh,$0.46,actual
09:00AM 26 January 2026,0.93 kWh,$0.30,actual
10:00AM 26 January 2026,1.46 kWh,$0.45,actual
11:00AM 26 January 2026,0.59 kWh,$0.21,actual
12:00PM 26 January 2026,1.05 kWh,$0.34,actual
01:00PM 26 January 2026,0.98 kWh,$0.32,actual
02:00PM 26 January 2026,0.77 kWh,$0.26,actual
03:00PM 26 January 2026,0.54 kWh,$0.20,actual
04:00PM 26 January 2026,0.68 kWh,$0.24,actual
05:00PM 26 January 2026,0.83 kWh,$0.28,actual
06:00PM 26 January 2026,1.47 kWh,$0.45,actual
07:00PM 26 January 2026,2.63 kWh,$0.76,actual
08:00PM 26 January 2026,2.30 kWh,$0.67,actual
09:00PM 26 January 2026,2.77 kWh,$0.52,actual
10:00PM 26 January 2026,1.59 kWh,$0.32,actual
11:00PM 26 January 2026,2.58 kWh,$0.49,actual
12:00AM 27 January 2026,3.94 kWh,$0.72,actual
01:00AM 27 January 2026,3.92 kWh,$0.72,actual
02:00AM 27 January 2026,3.92 kWh,$0.71,actual
03:00AM 27 January 2026,2.38 kWh,$0.46,actual
04:00AM 27 January 2026,1.40 kWh,$0.29,actual
05:00AM 27 January 2026,1.11 kWh,$0.24,actual
06:00AM 27 January 2026,0.94 kWh,$0.21,actual
07:00AM 27 January 2026,1.07 kWh,$0.34,actual
08:00AM 27 January 2026,1.08 kWh,$0.35,actual
09:00AM 27 January 2026,1.77 kWh,$0.53,actual
10:00AM 27 January 2026,1.29 kWh,$0.40,actual
11:00AM 27 January 2026,1.34 kWh,$0.41,actual
12:00PM 27 January 2026,0.75 kWh,$0.26,actual
01:00PM 27 January 2026,1.37 kWh,$0.42,actual
02:00PM 27 January 2026,1.30 kWh,$0.41,actual
03:00PM 27 January 2026,0.96 kWh,$0.31,actual
04:00PM 27 January 2026,0.97 kWh,$0.32,actual
05:00PM 27 January 2026,0.96 kWh,$0.31,actual
06:00PM 27 January 2026,1.38 kWh,$0.43,actual
07:00PM 27 January 2026,1.43 kWh,$0.44,actual
08:00PM 27 January 2026,2.20 kWh,$0.65,actual
09:00PM 27 January 2026,2.47 kWh,$0.47,actual
10:00PM 27 January 2026,1.77 kWh,$0.35,actual
11:00PM 27 January 2026,3.10 kWh,$0.58,actual
12:00AM 28 January 2026,4.57 kWh,$0.82,actual
01:00AM 28 January 2026,4.53 kWh,$0.82,actual
02:00AM 28 January 2026,4.63 kWh,$0.83,actual
03:00AM 28 January 2026,3.41 kWh,$0.63,actual
04:00AM 28 January 2026,1.77 kWh,$0.35,actual
05:00AM 28 January 2026,1.69 kWh,$0.34,actual
06:00AM 28 January 2026,1.41 kWh,$0.29,actual
07:00AM 28 January 2026,1.21 kWh,$0.38,actual
08:00AM 28 January 2026,0.81 kWh,$0.27,actual
09:00AM 28 January 2026,1.12 kWh,$0.36,actual
10:00AM 28 January 2026,1.16 kWh,$0.37,actual
11:00AM 28 January 2026,0.56 kWh,$0.21,actual
12:00PM 28 January 2026,0.76 kWh,$0.26,actual
01:00PM 28 January 2026,1.44 kWh,$0.44,actual
02:00PM 28 January 2026,0.67 kWh,$0.23,actual
03:00PM 28 January 2026,0.70 kWh,$0.24,actual
04:00PM 28 January 2026,0.52 kWh,$0.20,actual
05:00PM 28 January 2026,0.62 kWh,$0.22,actual
06:00PM 28 January 2026,1.25 kWh,$0.39,actual
07:00PM 28 January 2026,1.99 kWh,$0.59,actual
08:00PM 28 January 2026,2.25 kWh,$0.66,actual
09:00PM 28 January 2026,1.82 kWh,$0.36,actual
10:00PM 28 January 2026,1.68 kWh,$0.34,actual
11:00PM 28 January 2026,2.21 kWh,$0.43,actual
12:00AM 29 January 2026,3.60 kWh,$0.66,actual
01:00AM 29 January 2026,3.54 kWh,$0.65,actual
02:00AM 29 January 2026,3.05 kWh,$0.57,actual
03:00AM 29 January 2026,0.74 kWh,$0.18,actual
04:00AM 29 January 2026,0.40 kWh,$0.12,actual
05:00AM 29 January 2026,0.62 kWh,$0.16,actual
06:00AM 29 January 2026,0.66 kWh,$0.17,actual
07:00AM 29 January 2026,0.74 kWh,$0.26,actual
08:00AM 29 January 2026,0.82 kWh,$0.28,actual
09:00AM 29 January 2026,1.14 kWh,$0.36,actual
10:00AM 29 January 2026,1.17 kWh,$0.37,actual
11:00AM 29 January 2026,0.87 kWh,$0.29,actual
12:00PM 29 January 2026,0.82 kWh,$0.28,actual
01:00PM 29 January 2026,0.93 kWh,$0.30,actual
02:00PM 29 January 2026,0.68 kWh,$0.24,actual
03:00PM 29 January 2026,0.41 kWh,$0.16,actual
04:00PM 29 January 2026,0.48 kWh,$0.18,actual
05:00PM 29 January 2026,0.85 kWh,$0.28,actual
06:00PM 29 January 2026,0.75 kWh,$0.26,actual
07:00PM 29 January 2026,1.56 kWh,$0.47,actual
08:00PM 29 January 2026,0.81 kWh,$0.27,actual
09:00PM 29 January 2026,0.79 kWh,$0.19,actual
10:00PM 29 January 2026,0.95 kWh,$0.22,actual
11:00PM 29 January 2026,2.40 kWh,$0.46,actual
12:00AM 30 January 2026,3.82 kWh,$0.70,actual
01:00AM 30 January 2026,3.76 kWh,$0.69,actual
02:00AM 30 January 2026,3.60 kWh,$0.66,actual
03:00AM 30 January 2026,1.37 kWh,$0.29,actual
04:00AM 30 January 2026,0.54 kWh,$0.15,actual
05:00AM 30 January 2026,0.83 kWh,$0.20,actual
06:00AM 30 January 2026,0.79 kWh,$0.19,actual
07:00AM 30 January 2026,1.07 kWh,$0.34,actual
08:00AM 30 January 2026,0.79 kWh,$0.27,actual
09:00AM 30 January 2026,1.09 kWh,$0.35,actual
10:00AM 30 January 2026,0.57 kWh,$0.21,actual
11:00AM 30 January 2026,0.61 kWh,$0.22,actual
12:00PM 30 January 2026,0.88 kWh,$0.29,actual
01:00PM 30 January 2026,1.47 kWh,$0.45,actual
02:00PM 30 January 2026,0.58 kWh,$0.21,actual
03:00PM 30 January 2026,0.37 kWh,$0.16,actual
04:00PM 30 January 2026,0.79 kWh,$0.27,actual
05:00PM 30 January 2026,0.42 kWh,$0.17,actual
06:00PM 30 January 2026,1.30 kWh,$0.41,actual
07:00PM 30 January 2026,1.70 kWh,$0.51,actual
08:00PM 30 January 2026,1.82 kWh,$0.54,actual
09:00PM 30 January 2026,0.60 kWh,$0.16,actual
10:00PM 30 January 2026,0.51 kWh,$0.14,actual
11:00PM 30 January 2026,2.28 kWh,$0.44,actual
12:00AM 31 January 2026,3.79 kWh,$0.69,actual
01:00AM 31 January 2026,3.55 kWh,$0.65,actual
02:00AM 31 January 2026,3.56 kWh,$0.65,actual
03:00AM 31 January 2026,1.30 kWh,$0.27,actual
04:00AM 31 January 2026,0.85 kWh,$0.20,actual
05:00AM 31 January 2026,0.34 kWh,$0.11,actual
06:00AM 31 January 2026,0.64 kWh,$0.16,actual
07:00AM 31 January 2026,0.38 kWh,$0.16,actual
08:00AM 31 January 2026,0.72 kWh,$0.25,actual
09:00AM 31 January 2026,1.67 kWh,$0.50,actual
10:00AM 31 January 2026,1.09 kWh,$0.35,actual
11:00AM 31 January 2026,1.23 kWh,$0.39,actual
12:00PM 31 January 2026,1.32 kWh,$0.41,actual
01:00PM 31 January 2026,1.17 kWh,$0.37,actual
02:00PM 31 January 2026,0.56 kWh,$0.21,actual
03:00PM 31 January 2026,0.63 kWh,$0.22,actual
04:00PM 31 January 2026,0.46 kWh,$0.18,actual
05:00PM 31 January 2026,1.16 kWh,$0.37,actual
06:00PM 31 January 2026,1.96 kWh,$0.58,actual
07:00PM 31 January 2026,1.78 kWh,$0.53,actual
08:00PM 31 January 2026,1.88 kWh,$0.56,actual
09:00PM 31 January 2026,0.87 kWh,$0.20,actual
10:00PM 31 January 2026,0.88 kWh,$0.20,actual
11:00PM 31 January 2026,2.16 kWh,$0.42,actual
12:00AM 1 February 2026,3.65 kWh,$0.67,actual
01:00AM 1 February 2026,3.59 kWh,$0.66,actual
02:00AM 1 February 2026,3.56 kWh,$0.65,actual
03:00AM 1 February 2026,1.05 kWh,$0.23,actual
04:00AM 1 February 2026,0.34 kWh,$0.11,actual
05:00AM 1 February 2026,0.70 kWh,$0.17,actual
06:00AM 1 February 2026,1.23 kWh,$0.26,actual
07:00AM 1 February 2026,0.50 kWh,$0.19,actual
08:00AM 1 February 2026,0.72 kWh,$0.25,actual
09:00AM 1 February 2026,1.66 kWh,$0.50,actual
10:00AM 1 February 2026,0.95 kWh,$0.31,actual
11:00AM 1 February 2026,1.05 kWh,$0.34,actual
12:00PM 1 February 2026,1.66 kWh,$0.50,actual
01:00PM 1 February 2026,0.86 kWh,$0.29,actual
02:00PM 1 February 2026,1.05 kWh,$0.34,actual
03:00PM 1 February 2026,0.46 kWh,$0.18,actual
04:00PM 1 February 2026,0.61 kWh,$0.22,actual
05:00PM 1 February 2026,0.81 kWh,$0.27,actual
06:00PM 1 February 2026,2.14 kWh,$0.63,actual
07:00PM 1 February 2026,1.93 kWh,$0.57,actual
08:00PM 1 February 2026,0.90 kWh,$0.30,actual
09:00PM 1 February 2026,0.81 kWh,$0.19,actual
10:00PM 1 February 2026,1.03 kWh,$0.23,actual
11:00PM 1 February 2026,2.18 kWh,$0.42,actual
12:00AM 2 February 2026,3.52 kWh,$0.65,actual
01:00AM 2 February 2026,3.51 kWh,$0.65,actual
02:00AM 2 February 2026,3.56 kWh,$0.65,actual
03:00AM 2 February 2026,1.54 kWh,$0.31,actual
04:00AM 2 February 2026,1.12 kWh,$0.24,actual
05:00AM 2 February 2026,0.44 kWh,$0.13,actual
06:00AM 2 February 2026,0.62 kWh,$0.16,actual
07:00AM 2 February 2026,0.55 kWh,$0.20,actual
08:00AM 2 February 2026,1.12 kWh,$0.36,actual
09:00AM 2 February 2026,0.87 kWh,$0.29,actual
10:00AM 2 February 2026,0.49 kWh,$0.19,actual
11:00AM 2 February 2026,0.63 kWh,$0.22,actual
12:00PM 2 February 2026,1.05 kWh,$0.34,actual
01:00PM 2 February 2026,0.50 kWh,$0.19,actual
02:00PM 2 February 2026,2.41 kWh,$0.70,actual
03:00PM 2 February 2026,1.74 kWh,$0.52,actual
04:00PM 2 February 2026,0.63 kWh,$0.22,actual
05:00PM 2 February 2026,0.69 kWh,$0.24,actual
06:00PM 2 February 2026,1.05 kWh,$0.34,actual
07:00PM 2 February 2026,1.63 kWh,$0.49,actual
08:00PM 2 February 2026,0.99 kWh,$0.32,actual
09:00PM 2 February 2026,0.83 kWh,$0.20,actual
10:00PM 2 February 2026,1.14 kWh,$0.25,actual
11:00PM 2 February 2026,2.09 kWh,$0.41,actual
12:00AM 3 February 2026,3.56 kWh,$0.65,actual
01:00AM 3 February 2026,3.52 kWh,$0.65,actual
02:00AM 3 February 2026,3.11 kWh,$0.58,actual
03:00AM 3 February 2026,0.58 kWh,$0.15,actual
04:00AM 3 February 2026,0.47 kWh,$0.13,actual
05:00AM 3 February 2026,0.83 kWh,$0.20,actual
06:00AM 3 February 2026,0.36 kWh,$0.12,actual
07:00AM 3 February 2026,1.10 kWh,$0.35,actual
08:00AM 3 February 2026,0.59 kWh,$0.22,actual
09:00AM 3 February 2026,1.02 kWh,$0.33,actual
10:00AM 3 February 2026,0.55 kWh,$0.20,actual
11:00AM 3 February 2026,0.46 kWh,$0.18,actual
12:00PM 3 February 2026,0.32 kWh,$0.14,actual
01:00PM 3 February 2026,1.08 kWh,$0.35,actual
02:00PM 3 February 2026,0.70 kWh,$0.24,actual
03:00PM 3 February 2026,1.59 kWh,$0.48,actual
04:00PM 3 February 2026,2.85 kWh,$0.82,actual
05:00PM 3 February 2026,1.62 kWh,$0.49,actual
06:00PM 3 February 2026,1.83 kWh,$0.55,actual
07:00PM 3 February 2026,3.57 kWh,$1.01,actual
08:00PM 3 February 2026,2.78 kWh,$0.80,actual
09:00PM 3 February 2026,1.45 kWh,$0.30,actual
10:00PM 3 February 2026,1.64 kWh,$0.33,actual
11:00PM 3 February 2026,2.73 kWh,$0.51,actual
12:00AM 4 February 2026,4.06 kWh,$0.74,actual
01:00AM 4 February 2026,3.96 kWh,$0.72,actual
02:00AM 4 February 2026,2.33 kWh,$0.45,actual
03:00AM 4 February 2026,1.18 kWh,$0.25,actual
04:00AM 4 February 2026,0.70 kWh,$0.17,actual
05:00AM 4 February 2026,0.69 kWh,$0.17,actual
06:00AM 4 February 2026,0.75 kWh,$0.18,actual
07:00AM 4 February 2026,2.53 kWh,$0.74,actual
08:00AM 4 February 2026,1.23 kWh,$0.38,actual
09:00AM 4 February 2026,1.11 kWh,$0.35,actual
10:00AM 4 February 2026,0.47 kWh,$0.18,actual
11:00AM 4 February 2026,0.72 kWh,$0.25,actual
12:00PM 4 February 2026,1.69 kWh,$0.51,actual
01:00PM 4 February 2026,0.44 kWh,$0.17,actual
02:00PM 4 February 2026,0.79 kWh,$0.27,actual
03:00PM 4 February 2026,0.66 kWh,$0.23,actual
04:00PM 4 February 2026,0.56 kWh,$0.21,actual
05:00PM 4 February 2026,0.58 kWh,$0.21,actual
06:00PM 4 February 2026,1.93 kWh,$0.57,actual
07:00PM 4 February 2026,1.33 kWh,$0.41,actual
08:00PM 4 February 2026,2.19 kWh,$0.64,actual
09:00PM 4 February 2026,1.05 kWh,$0.23,actual
10:00PM 4 February 2026,0.72 kWh,$0.18,actual
11:00PM 4 February 2026,1.99 kWh,$0.39,actual
12:00AM 5 February 2026,3.85 kWh,$0.70,actual
01:00AM 5 February 2026,3.54 kWh,$0.65,actual
02:00AM 5 February 2026,1.86 kWh,$0.37,actual
03:00AM 5 February 2026,0.82 kWh,$0.19,actual
04:00AM 5 February 2026,0.75 kWh,$0.18,actual
05:00AM 5 February 2026,0.36 kWh,$0.12,actual
06:00AM 5 February 2026,0.95 kWh,$0.22,actual
07:00AM 5 February 2026,1.26 kWh,$0.39,actual
08:00AM 5 February 2026,1.25 kWh,$0.39,actual
09:00AM 5 February 2026,0.76 kWh,$0.26,actual
10:00AM 5 February 2026,0.55 kWh,$0.20,actual
11:00AM 5 February 2026,0.57 kWh,$0.21,actual
12:00PM 5 February 2026,0.98 kWh,$0.32,actual
01:00PM 5 February 2026,0.58 kWh,$0.21,actual
02:00PM 5 February 2026,0.64 kWh,$0.23,actual
03:00PM 5 February 2026,0.64 kWh,$0.23,actual
04:00PM 5 February 2026,0.49 kWh,$0.19,actual
05:00PM 5 February 2026,0.57 kWh,$0.21,actual
06:00PM 5 February 2026,1.13 kWh,$0.36,actual
07:00PM 5 February 2026,3.10 kWh,$0.89,actual
08:00PM 5 February 2026,2.13 kWh,$0.63,actual
09:00PM 5 February 2026,3.02 kWh,$0.56,actual
10:00PM 5 February 2026,1.59 kWh,$0.32,actual
11:00PM 5 February 2026,2.05 kWh,$0.40,actual
12:00AM 6 February 2026,3.53 kWh,$0.65,actual
01:00AM 6 February 2026,3.53 kWh,$0.65,actual
02:00AM 6 February 2026,3.55 kWh,$0.65,actual
03:00AM 6 February 2026,2.62 kWh,$0.50,actual
04:00AM 6 February 2026,0.33 kWh,$0.11,actual
05:00AM 6 February 2026,0.67 kWh,$0.17,actual
06:00AM 6 February 2026,0.34 kWh,$0.11,actual
07:00AM 6 February 2026,0.52 kWh,$0.20,actual
08:00AM 6 February 2026,0.86 kWh,$0.29,actual
09:00AM 6 February 2026,1.39 kWh,$0.43,actual
10:00AM 6 February 2026,0.97 kWh,$0.31,actual
11:00AM 6 February 2026,0.60 kWh,$0.22,actual
12:00PM 6 February 2026,1.51 kWh,$0.46,actual
01:00PM 6 February 2026,0.74 kWh,$0.26,actual
02:00PM 6 February 2026,0.79 kWh,$0.27,actual
03:00PM 6 February 2026,0.47 kWh,$0.18,actual
04:00PM 6 February 2026,0.54 kWh,$0.20,actual
05:00PM 6 February 2026,0.48 kWh,$0.19,actual
06:00PM 6 February 2026,2.20 kWh,$0.65,actual
07:00PM 6 February 2026,2.15 kWh,$0.63,actual
08:00PM 6 February 2026,0.84 kWh,$0.28,actual
09:00PM 6 February 2026,0.70 kWh,$0.17,actual
10:00PM 6 February 2026,0.95 kWh,$0.22,actual
11:00PM 6 February 2026,2.01 kWh,$0.39,actual
12:00AM 7 February 2026,3.53 kWh,$0.65,actual
01:00AM 7 February 2026,3.51 kWh,$0.65,actual
02:00AM 7 February 2026,3.56 kWh,$0.65,actual
03:00AM 7 February 2026,0.76 kWh,$0.18,actual
04:00AM 7 February 2026,0.60 kWh,$0.16,actual
05:00AM 7 February 2026,0.34 kWh,$0.11,actual
06:00AM 7 February 2026,0.64 kWh,$0.16,actual
07:00AM 7 February 2026,0.34 kWh,$0.15,actual
08:00AM 7 February 2026,1.02 kWh,$0.33,actual
09:00AM 7 February 2026,1.59 kWh,$0.48,actual
10:00AM 7 February 2026,0.44 kWh,$0.17,actual
11:00AM 7 February 2026,0.83 kWh,$0.28,actual
12:00PM 7 February 2026,1.53 kWh,$0.47,actual
01:00PM 7 February 2026,1.25 kWh,$0.39,actual
02:00PM 7 February 2026,0.67 kWh,$0.23,actual
03:00PM 7 February 2026,0.46 kWh,$0.18,actual
04:00PM 7 February 2026,0.48 kWh,$0.19,actual
05:00PM 7 February 2026,0.75 kWh,$0.26,actual
06:00PM 7 February 2026,1.71 kWh,$0.51,actual
07:00PM 7 February 2026,1.37 kWh,$0.42,actual
08:00PM 7 February 2026,1.83 kWh,$0.55,actual
09:00PM 7 February 2026,1.67 kWh,$0.34,actual
10:00PM 7 February 2026,0.94 kWh,$0.21,actual
11:00PM 7 February 2026,2.03 kWh,$0.40,actual
12:00AM 8 February 2026,3.56 kWh,$0.65,actual
01:00AM 8 February 2026,3.63 kWh,$0.67,actual
02:00AM 8 February 2026,3.51 kWh,$0.65,actual
03:00AM 8 February 2026,0.86 kWh,$0.20,actual
04:00AM 8 February 2026,0.79 kWh,$0.19,actual
05:00AM 8 February 2026,0.54 kWh,$0.15,actual
06:00AM 8 February 2026,0.59 kWh,$0.15,actual
07:00AM 8 February 2026,0.52 kWh,$0.19,actual
08:00AM 8 February 2026,0.72 kWh,$0.25,actual
09:00AM 8 February 2026,1.24 kWh,$0.39,actual
10:00AM 8 February 2026,0.57 kWh,$0.21,actual
11:00AM 8 February 2026,0.42 kWh,$0.17,actual
12:00PM 8 February 2026,1.79 kWh,$0.54,actual
01:00PM 8 February 2026,0.51 kWh,$0.19,actual
02:00PM 8 February 2026,0.55 kWh,$0.20,actual
03:00PM 8 February 2026,1.87 kWh,$0.56,actual
04:00PM 8 February 2026,1.09 kWh,$0.35,actual
05:00PM 8 February 2026,1.45 kWh,$0.44,actual
06:00PM 8 February 2026,1.82 kWh,$0.54,actual
07:00PM 8 February 2026,1.88 kWh,$0.56,actual
08:00PM 8 February 2026,1.72 kWh,$0.52,actual
09:00PM 8 February 2026,1.06 kWh,$0.23,actual
10:00PM 8 February 2026,0.91 kWh,$0.21,actual
11:00PM 8 February 2026,2.13 kWh,$0.41,actual
12:00AM 9 February 2026,3.54 kWh,$0.65,actual
01:00AM 9 February 2026,3.53 kWh,$0.65,actual
02:00AM 9 February 2026,3.54 kWh,$0.65,actual
03:00AM 9 February 2026,3.58 kWh,$0.66,actual
04:00AM 9 February 2026,1.88 kWh,$0.37,actual
05:00AM 9 February 2026,0.71 kWh,$0.17,actual
06:00AM 9 February 2026,1.44 kWh,$0.30,actual
07:00AM 9 February 2026,1.34 kWh,$0.41,actual
08:00AM 9 February 2026,0.55 kWh,$0.20,actual
09:00AM 9 February 2026,0.42 kWh,$0.17,actual
10:00AM 9 February 2026,0.98 kWh,$0.32,actual
11:00AM 9 February 2026,0.61 kWh,$0.22,actual
12:00PM 9 February 2026,0.50 kWh,$0.19,actual
01:00PM 9 February 2026,0.61 kWh,$0.22,actual
02:00PM 9 February 2026,0.43 kWh,$0.17,actual
03:00PM 9 February 2026,0.41 kWh,$0.17,actual
04:00PM 9 February 2026,0.80 kWh,$0.27,actual
05:00PM 9 February 2026,1.45 kWh,$0.44,actual
06:00PM 9 February 2026,2.15 kWh,$0.63,actual
07:00PM 9 February 2026,1.77 kWh,$0.53,actual
08:00PM 9 February 2026,0.88 kWh,$0.29,actual
09:00PM 9 February 2026,0.88 kWh,$0.20,actual
10:00PM 9 February 2026,1.03 kWh,$0.23,actual
11:00PM 9 February 2026,2.07 kWh,$0.40,actual
12:00AM 10 February 2026,3.63 kWh,$0.67,actual
01:00AM 10 February 2026,3.51 kWh,$0.65,actual
02:00AM 10 February 2026,1.66 kWh,$0.33,actual
03:00AM 10 February 2026,0.84 kWh,$0.20,actual
04:00AM 10 February 2026,0.80 kWh,$0.19,actual
05:00AM 10 February 2026,0.35 kWh,$0.11,actual
06:00AM 10 February 2026,0.87 kWh,$0.20,actual
07:00AM 10 February 2026,1.05 kWh,$0.34,actual
08:00AM 10 February 2026,0.99 kWh,$0.32,actual
09:00AM 10 February 2026,0.59 kWh,$0.21,actual
10:00AM 10 February 2026,0.39 kWh,$0.16,actual
11:00AM 10 February 2026,0.79 kWh,$0.27,actual
12:00PM 10 February 2026,0.50 kWh,$0.19,actual
01:00PM 10 February 2026,1.33 kWh,$0.41,actual
02:00PM 10 February 2026,0.51 kWh,$0.19,actual
03:00PM 10 February 2026,0.42 kWh,$0.17,actual
04:00PM 10 February 2026,0.48 kWh,$0.18,actual
05:00PM 10 February 2026,0.78 kWh,$0.26,actual
06:00PM 10 February 2026,2.08 kWh,$0.61,actual
07:00PM 10 February 2026,1.74 kWh,$0.52,actual
08:00PM 10 February 2026,1.16 kWh,$0.37,actual
09:00PM 10 February 2026,0.77 kWh,$0.18,actual
10:00PM 10 February 2026,0.99 kWh,$0.22,actual
11:00PM 10 February 2026,2.34 kWh,$0.45,actual
12:00AM 11 February 2026,3.54 kWh,$0.65,actual
01:00AM 11 February 2026,3.54 kWh,$0.65,actual
02:00AM 11 February 2026,3.51 kWh,$0.65,actual
03:00AM 11 February 2026,0.69 kWh,$0.17,actual
04:00AM 11 February 2026,0.71 kWh,$0.17,actual
05:00AM 11 February 2026,0.69 kWh,$0.17,actual
06:00AM 11 February 2026,0.89 kWh,$0.21,actual
07:00AM 11 February 2026,1.39 kWh,$0.43,actual
08:00AM 11 February 2026,0.66 kWh,$0.23,actual
09:00AM 11 February 2026,0.33 kWh,$0.14,actual
10:00AM 11 February 2026,0.91 kWh,$0.30,actual
11:00AM 11 February 2026,0.48 kWh,$0.19,actual
12:00PM 11 February 2026,0.42 kWh,$0.17,actual
01:00PM 11 February 2026,1.02 kWh,$0.33,actual
02:00PM 11 February 2026,1.50 kWh,$0.46,actual
03:00PM 11 February 2026,0.56 kWh,$0.21,actual
04:00PM 11 February 2026,1.14 kWh,$0.36,actual
05:00PM 11 February 2026,1.49 kWh,$0.45,actual
06:00PM 11 February 2026,1.22 kWh,$0.38,actual
07:00PM 11 February 2026,1.36 kWh,$0.42,actual
08:00PM 11 February 2026,1.02 kWh,$0.33,actual
09:00PM 11 February 2026,0.80 kWh,$0.19,actual
10:00PM 11 February 2026,1.19 kWh,$0.26,actual
11:00PM 11 February 2026,2.02 kWh,$0.40,actual
12:00AM 12 February 2026,3.56 kWh,$0.65,actual
01:00AM 12 February 2026,3.48 kWh,$0.64,actual
02:00AM 12 February 2026,3.51 kWh,$0.65,actual
03:00AM 12 February 2026,1.54 kWh,$0.32,actual
04:00AM 12 February 2026,1.05 kWh,$0.23,actual
05:00AM 12 February 2026,0.36 kWh,$0.12,actual
06:00AM 12 February 2026,1.05 kWh,$0.23,actual
07:00AM 12 February 2026,1.23 kWh,$0.39,actual
08:00AM 12 February 2026,0.62 kWh,$0.22,actual
09:00AM 12 February 2026,1.02 kWh,$0.33,actual
10:00AM 12 February 2026,0.36 kWh,$0.15,actual
11:00AM 12 February 2026,0.67 kWh,$0.23,actual
12:00PM 12 February 2026,1.67 kWh,$0.50,actual
01:00PM 12 February 2026,0.94 kWh,$0.31,actual
02:00PM 12 February 2026,0.83 kWh,$0.28,actual
03:00PM 12 February 2026,0.40 kWh,$0.16,actual
04:00PM 12 February 2026,0.51 kWh,$0.19,actual
05:00PM 12 February 2026,0.87 kWh,$0.29,actual
06:00PM 12 February 2026,1.48 kWh,$0.45,actual
07:00PM 12 February 2026,1.94 kWh,$0.58,actual
08:00PM 12 February 2026,1.33 kWh,$0.41,actual
09:00PM 12 February 2026,1.43 kWh,$0.30,actual
10:00PM 12 February 2026,1.07 kWh,$0.24,actual
11:00PM 12 February 2026,2.24 kWh,$0.43,actual
12:00AM 13 February 2026,3.59 kWh,$0.66,actual
01:00AM 13 February 2026,3.52 kWh,$0.65,actual
02:00AM 13 February 2026,3.53 kWh,$0.65,actual
03:00AM 13 February 2026,1.02 kWh,$0.23,actual
04:00AM 13 February 2026,0.75 kWh,$0.18,actual
05:00AM 13 February 2026,0.49 kWh,$0.14,actual
06:00AM 13 February 2026,0.84 kWh,$0.20,actual
07:00AM 13 February 2026,1.57 kWh,$0.48,actual
08:00AM 13 February 2026,0.64 kWh,$0.23,actual
09:00AM 13 February 2026,0.56 kWh,$0.21,actual
10:00AM 13 February 2026,0.83 kWh,$0.28,actual
11:00AM 13 February 2026,0.57 kWh,$0.21,actual
12:00PM 13 February 2026,1.26 kWh,$0.39,actual
01:00PM 13 February 2026,0.53 kWh,$0.20,actual
02:00PM 13 February 2026,1.41 kWh,$0.43,actual
03:00PM 13 February 2026,0.40 kWh,$0.16,actual
04:00PM 13 February 2026,0.41 kWh,$0.16,actual
05:00PM 13 February 2026,0.54 kWh,$0.20,actual
06:00PM 13 February 2026,1.83 kWh,$0.55,actual
07:00PM 13 February 2026,1.92 kWh,$0.57,actual
08:00PM 13 February 2026,1.50 kWh,$0.46,actual
09:00PM 13 February 2026,1.43 kWh,$0.30,actual
10:00PM 13 February 2026,1.03 kWh,$0.23,actual
11:00PM 13 February 2026,2.25 kWh,$0.43,actual
12:00AM 14 February 2026,3.53 kWh,$0.65,actual
01:00AM 14 February 2026,3.59 kWh,$0.66,actual
02:00AM 14 February 2026,3.54 kWh,$0.65,actual
03:00AM 14 February 2026,1.28 kWh,$0.27,actual
04:00AM 14 February 2026,0.33 kWh,$0.11,actual
05:00AM 14 February 2026,0.65 kWh,$0.17,actual
06:00AM 14 February 2026,0.46 kWh,$0.13,actual
07:00AM 14 February 2026,0.82 kWh,$0.28,actual
08:00AM 14 February 2026,0.54 kWh,$0.20,actual
09:00AM 14 February 2026,1.43 kWh,$0.44,actual
10:00AM 14 February 2026,1.75 kWh,$0.53,actual
11:00AM 14 February 2026,0.60 kWh,$0.22,actual
12:00PM 14 February 2026,1.26 kWh,$0.39,actual
01:00PM 14 February 2026,1.50 kWh,$0.46,actual
02:00PM 14 February 2026,0.60 kWh,$0.22,actual
03:00PM 14 February 2026,0.46 kWh,$0.18,actual
04:00PM 14 February 2026,1.35 kWh,$0.42,actual
05:00PM 14 February 2026,1.71 kWh,$0.52,actual
06:00PM 14 February 2026,1.16 kWh,$0.37,actual
07:00PM 14 February 2026,1.19 kWh,$0.37,actual
08:00PM 14 February 2026,1.03 kWh,$0.33,actual
09:00PM 14 February 2026,0.82 kWh,$0.19,actual
10:00PM 14 February 2026,1.01 kWh,$0.23,actual
11:00PM 14 February 2026,2.30 kWh,$0.44,actual
12:00AM 15 February 2026,3.58 kWh,$0.66,actual
01:00AM 15 February 2026,3.48 kWh,$0.64,actual
02:00AM 15 February 2026,3.54 kWh,$0.65,actual
03:00AM 15 February 2026,2.13 kWh,$0.41,actual
04:00AM 15 February 2026,0.95 kWh,$0.22,actual
05:00AM 15 February 2026,0.39 kWh,$0.12,actual
06:00AM 15 February 2026,0.87 kWh,$0.20,actual
07:00AM 15 February 2026,0.67 kWh,$0.23,actual
08:00AM 15 February 2026,0.94 kWh,$0.31,actual
09:00AM 15 February 2026,1.52 kWh,$0.46,actual
10:00AM 15 February 2026,0.96 kWh,$0.31,actual
11:00AM 15 February 2026,0.64 kWh,$0.23,actual
12:00PM 15 February 2026,0.60 kWh,$0.22,actual
01:00PM 15 February 2026,1.53 kWh,$0.46,actual
02:00PM 15 February 2026,0.46 kWh,$0.18,actual
03:00PM 15 February 2026,0.52 kWh,$0.19,actual
04:00PM 15 February 2026,0.39 kWh,$0.16,actual
05:00PM 15 February 2026,1.01 kWh,$0.33,actual
06:00PM 15 February 2026,1.01 kWh,$0.33,actual
07:00PM 15 February 2026,2.35 kWh,$0.69,actual
08:00PM 15 February 2026,2.83 kWh,$0.81,actual
09:00PM 15 February 2026,3.04 kWh,$0.57,actual
10:00PM 15 February 2026,1.64 kWh,$0.33,actual
11:00PM 15 February 2026,2.17 kWh,$0.42,actual
12:00AM 16 February 2026,3.58 kWh,$0.66,actual
01:00AM 16 February 2026,3.55 kWh,$0.65,actual
02:00AM 16 February 2026,3.60 kWh,$0.66,actual
03:00AM 16 February 2026,2.47 kWh,$0.47,actual
04:00AM 16 February 2026,0.31 kWh,$0.11,actual
05:00AM 16 February 2026,0.64 kWh,$0.16,actual
06:00AM 16 February 2026,0.83 kWh,$0.20,actual
07:00AM 16 February 2026,1.57 kWh,$0.48,actual
08:00AM 16 February 2026,1.05 kWh,$0.34,actual
09:00AM 16 February 2026,1.26 kWh,$0.39,actual
10:00AM 16 February 2026,0.56 kWh,$0.20,actual
11:00AM 16 February 2026,0.84 kWh,$0.28,actual
12:00PM 16 February 2026,0.48 kWh,$0.18,actual
01:00PM 16 February 2026,0.64 kWh,$0.23,actual
02:00PM 16 February 2026,0.66 kWh,$0.23,actual
03:00PM 16 February 2026,1.81 kWh,$0.54,actual
04:00PM 16 February 2026,2.74 kWh,$0.79,actual
05:00PM 16 February 2026,2.02 kWh,$0.60,actual
06:00PM 16 February 2026,3.04 kWh,$0.87,actual
07:00PM 16 February 2026,2.47 kWh,$0.72,actual
08:00PM 16 February 2026,3.37 kWh,$0.96,actual
09:00PM 16 February 2026,3.96 kWh,$0.72,actual
10:00PM 16 February 2026,2.26 kWh,$0.44,actual
11:00PM 16 February 2026,2.15 kWh,$0.42,actual
12:00AM 17 February 2026,3.57 kWh,$0.66,actual
01:00AM 17 February 2026,3.52 kWh,$0.65,actual
02:00AM 17 February 2026,3.53 kWh,$0.65,actual
03:00AM 17 February 2026,3.23 kWh,$0.60,actual
04:00AM 17 February 2026,0.92 kWh,$0.21,actual
05:00AM 17 February 2026,0.45 kWh,$0.13,actual
06:00AM 17 February 2026,1.83 kWh,$0.36,actual
07:00AM 17 February 2026,2.33 kWh,$0.68,actual
08:00AM 17 February 2026,0.81 kWh,$0.27,actual
09:00AM 17 February 2026,0.42 kWh,$0.17,actual
10:00AM 17 February 2026,0.33 kWh,$0.14,actual
11:00AM 17 February 2026,0.35 kWh,$0.15,actual
12:00PM 17 February 2026,0.75 kWh,$0.26,actual
01:00PM 17 February 2026,0.38 kWh,$0.16,actual
02:00PM 17 February 2026,1.11 kWh,$0.35,actual
03:00PM 17 February 2026,0.64 kWh,$0.23,actual
04:00PM 17 February 2026,0.73 kWh,$0.25,actual
05:00PM 17 February 2026,1.26 kWh,$0.39,actual
06:00PM 17 February 2026,1.93 kWh,$0.57,actual
07:00PM 17 February 2026,2.87 kWh,$0.83,actual
08:00PM 17 February 2026,2.50 kWh,$0.73,actual
09:00PM 17 February 2026,2.22 kWh,$0.43,actual
10:00PM 17 February 2026,2.05 kWh,$0.40,actual
11:00PM 17 February 2026,2.03 kWh,$0.40,actual
12:00AM 18 February 2026,3.58 kWh,$0.66,actual
01:00AM 18 February 2026,3.53 kWh,$0.65,actual
02:00AM 18 February 2026,3.49 kWh,$0.64,actual
03:00AM 18 February 2026,3.54 kWh,$0.65,actual
04:00AM 18 February 2026,1.52 kWh,$0.31,actual
05:00AM 18 February 2026,1.21 kWh,$0.26,actual
06:00AM 18 February 2026,0.96 kWh,$0.22,actual
07:00AM 18 February 2026,1.24 kWh,$0.39,actual
08:00AM 18 February 2026,0.61 kWh,$0.22,actual
09:00AM 18 February 2026,1.29 kWh,$0.40,actual
10:00AM 18 February 2026,1.27 kWh,$0.40,actual
11:00AM 18 February 2026,0.64 kWh,$0.23,actual
12:00PM 18 February 2026,0.88 kWh,$0.29,actual
01:00PM 18 February 2026,0.56 kWh,$0.21,actual
02:00PM 18 February 2026,0.76 kWh,$0.26,actual
03:00PM 18 February 2026,0.70 kWh,$0.24,actual
04:00PM 18 February 2026,0.58 kWh,$0.21,actual
05:00PM 18 February 2026,0.92 kWh,$0.30,actual
06:00PM 18 February 2026,1.79 kWh,$0.53,actual
07:00PM 18 February 2026,2.08 kWh,$0.61,actual
08:00PM 18 February 2026,2.67 kWh,$0.77,actual
09:00PM 18 February 2026,0.91 kWh,$0.21,actual
10:00PM 18 February 2026,1.20 kWh,$0.26,actual
11:00PM 18 February 2026,2.13 kWh,$0.41,actual
12:00AM 19 February 2026,3.52 kWh,$0.65,actual
01:00AM 19 February 2026,3.53 kWh,$0.65,actual
02:00AM 19 February 2026,3.61 kWh,$0.66,actual
03:00AM 19 February 2026,1.49 kWh,$0.31,actual
04:00AM 19 February 2026,1.25 kWh,$0.27,actual
05:00AM 19 February 2026,0.34 kWh,$0.11,actual
06:00AM 19 February 2026,0.87 kWh,$0.20,actual
07:00AM 19 February 2026,1.07 kWh,$0.34,actual
08:00AM 19 February 2026,1.91 kWh,$0.57,actual
09:00AM 19 February 2026,0.42 kWh,$0.17,actual
10:00AM 19 February 2026,0.37 kWh,$0.15,actual
11:00AM 19 February 2026,0.43 kWh,$0.17,actual
12:00PM 19 February 2026,0.86 kWh,$0.29,actual
01:00PM 19 February 2026,0.39 kWh,$0.16,actual
02:00PM 19 February 2026,0.40 kWh,$0.16,actual
03:00PM 19 February 2026,0.43 kWh,$0.17,actual
04:00PM 19 February 2026,0.60 kWh,$0.22,actual
05:00PM 19 February 2026,1.34 kWh,$0.42,actual
06:00PM 19 February 2026,1.93 kWh,$0.57,actual
07:00PM 19 February 2026,1.65 kWh,$0.50,actual
08:00PM 19 February 2026,0.98 kWh,$0.32,actual
09:00PM 19 February 2026,0.87 kWh,$0.20,actual
10:00PM 19 February 2026,1.02 kWh,$0.23,actual
11:00PM 19 February 2026,2.24 kWh,$0.43,actual
12:00AM 20 February 2026,3.61 kWh,$0.66,actual
01:00AM 20 February 2026,3.67 kWh,$0.67,actual
02:00AM 20 February 2026,3.58 kWh,$0.66,actual
03:00AM 20 February 2026,1.99 kWh,$0.39,actual
04:00AM 20 February 2026,0.74 kWh,$0.18,actual
05:00AM 20 February 2026,0.74 kWh,$0.18,actual
06:00AM 20 February 2026,0.77 kWh,$0.19,actual
07:00AM 20 February 2026,1.32 kWh,$0.41,actual
08:00AM 20 February 2026,1.76 kWh,$0.53,actual
09:00AM 20 February 2026,0.89 kWh,$0.29,actual
10:00AM 20 February 2026,0.53 kWh,$0.20,actual
11:00AM 20 February 2026,0.86 kWh,$0.29,actual
12:00PM 20 February 2026,0.56 kWh,$0.21,actual
01:00PM 20 February 2026,0.50 kWh,$0.19,actual
02:00PM 20 February 2026,0.53 kWh,$0.20,actual
03:00PM 20 February 2026,0.41 kWh,$0.17,actual
04:00PM 20 February 2026,0.58 kWh,$0.21,actual
05:00PM 20 February 2026,0.76 kWh,$0.26,actual
06:00PM 20 February 2026,1.22 kWh,$0.38,actual
07:00PM 20 February 2026,2.38 kWh,$0.69,actual
08:00PM 20 February 2026,1.83 kWh,$0.55,actual
09:00PM 20 February 2026,1.62 kWh,$0.33,actual
10:00PM 20 February 2026,1.71 kWh,$0.34,actual
11:00PM 20 February 2026,2.26 kWh,$0.44,actual
12:00AM 21 February 2026,3.61 kWh,$0.66,actual
01:00AM 21 February 2026,3.57 kWh,$0.66,actual
02:00AM 21 February 2026,3.58 kWh,$0.66,actual
03:00AM 21 February 2026,2.42 kWh,$0.46,actual
04:00AM 21 February 2026,1.16 kWh,$0.25,actual
05:00AM 21 February 2026,0.36 kWh,$0.12,actual
06:00AM 21 February 2026,0.62 kWh,$0.16,actual
07:00AM 21 February 2026,0.61 kWh,$0.22,actual
08:00AM 21 February 2026,1.56 kWh,$0.47,actual
09:00AM 21 February 2026,1.21 kWh,$0.38,actual
10:00AM 21 February 2026,1.21 kWh,$0.38,actual
11:00AM 21 February 2026,0.55 kWh,$0.20,actual
12:00PM 21 February 2026,1.85 kWh,$0.55,actual
01:00PM 21 February 2026,0.71 kWh,$0.25,actual
02:00PM 21 February 2026,0.66 kWh,$0.23,actual
03:00PM 21 February 2026,0.69 kWh,$0.24,actual
04:00PM 21 February 2026,0.48 kWh,$0.18,actual
05:00PM 21 February 2026,0.52 kWh,$0.20,actual
06:00PM 21 February 2026,1.46 kWh,$0.45,actual
07:00PM 21 February 2026,1.52 kWh,$0.46,actual
08:00PM 21 February 2026,2.70 kWh,$0.78,actual
09:00PM 21 February 2026,1.17 kWh,$0.25,actual
10:00PM 21 February 2026,0.83 kWh,$0.19,actual
11:00PM 21 February 2026,2.64 kWh,$0.50,actual
12:00AM 22 February 2026,3.60 kWh,$0.66,actual
01:00AM 22 February 2026,3.55 kWh,$0.65,actual
02:00AM 22 February 2026,3.58 kWh,$0.66,actual
03:00AM 22 February 2026,0.74 kWh,$0.18,actual
04:00AM 22 February 2026,0.77 kWh,$0.19,actual
05:00AM 22 February 2026,0.42 kWh,$0.13,actual
06:00AM 22 February 2026,1.60 kWh,$0.33,actual
07:00AM 22 February 2026,1.13 kWh,$0.36,actual
08:00AM 22 February 2026,1.25 kWh,$0.39,actual
09:00AM 22 February 2026,0.86 kWh,$0.29,actual
10:00AM 22 February 2026,1.00 kWh,$0.32,actual
11:00AM 22 February 2026,0.75 kWh,$0.26,actual
12:00PM 22 February 2026,0.55 kWh,$0.20,actual
01:00PM 22 February 2026,0.39 kWh,$0.16,actual
02:00PM 22 February 2026,0.43 kWh,$0.17,actual
03:00PM 22 February 2026,0.47 kWh,$0.18,actual
04:00PM 22 February 2026,0.49 kWh,$0.19,actual
05:00PM 22 February 2026,0.76 kWh,$0.26,actual
06:00PM 22 February 2026,1.57 kWh,$0.48,actual
07:00PM 22 February 2026,1.87 kWh,$0.56,actual
08:00PM 22 February 2026,1.02 kWh,$0.33,actual
09:00PM 22 February 2026,1.90 kWh,$0.38,actual
10:00PM 22 February 2026,2.07 kWh,$0.40,actual
11:00PM 22 February 2026,2.23 kWh,$0.43,actual
12:00AM 23 February 2026,3.62 kWh,$0.66,actual
01:00AM 23 February 2026,3.59 kWh,$0.66,actual
02:00AM 23 February 2026,3.55 kWh,$0.65,actual
03:00AM 23 February 2026,3.58 kWh,$0.66,actual
04:00AM 23 February 2026,1.44 kWh,$0.30,actual
05:00AM 23 February 2026,0.89 kWh,$0.20,actual
06:00AM 23 February 2026,1.17 kWh,$0.25,actual
07:00AM 23 February 2026,2.55 kWh,$0.74,actual
08:00AM 23 February 2026,0.68 kWh,$0.24,actual
09:00AM 23 February 2026,0.81 kWh,$0.27,actual
10:00AM 23 February 2026,0.69 kWh,$0.24,actual
11:00AM 23 February 2026,0.58 kWh,$0.21,actual
12:00PM 23 February 2026,0.86 kWh,$0.29,actual
01:00PM 23 February 2026,0.57 kWh,$0.21,actual
02:00PM 23 February 2026,0.83 kWh,$0.28,actual
03:00PM 23 February 2026,1.20 kWh,$0.38,actual
04:00PM 23 February 2026,0.64 kWh,$0.23,actual
05:00PM 23 February 2026,1.57 kWh,$0.48,actual
06:00PM 23 February 2026,1.40 kWh,$0.43,actual
07:00PM 23 February 2026,1.50 kWh,$0.46,actual
08:00PM 23 February 2026,2.41 kWh,$0.70,actual
09:00PM 23 February 2026,1.36 kWh,$0.28,actual
10:00PM 23 February 2026,1.07 kWh,$0.24,actual
11:00PM 23 February 2026,2.19 kWh,$0.42,actual
12:00AM 24 February 2026,3.69 kWh,$0.68,actual
01:00AM 24 February 2026,3.60 kWh,$0.66,actual
02:00AM 24 February 2026,3.59 kWh,$0.66,actual
03:00AM 24 February 2026,3.55 kWh,$0.65,actual
04:00AM 24 February 2026,0.70 kWh,$0.17,actual
05:00AM 24 February 2026,0.81 kWh,$0.19,actual
06:00AM 24 February 2026,1.05 kWh,$0.23,actual
07:00AM 24 February 2026,1.86 kWh,$0.56,actual
08:00AM 24 February 2026,2.06 kWh,$0.61,actual
09:00AM 24 February 2026,0.69 kWh,$0.24,actual
10:00AM 24 February 2026,0.70 kWh,$0.24,actual
11:00AM 24 February 2026,0.64 kWh,$0.23,actual
12:00PM 24 February 2026,0.91 kWh,$0.30,actual
01:00PM 24 February 2026,0.58 kWh,$0.21,actual
02:00PM 24 February 2026,0.74 kWh,$0.25,actual
03:00PM 24 February 2026,0.78 kWh,$0.27,actual
04:00PM 24 February 2026,0.71 kWh,$0.25,actual
05:00PM 24 February 2026,0.69 kWh,$0.24,actual
06:00PM 24 February 2026,1.45 kWh,$0.45,actual
07:00PM 24 February 2026,1.85 kWh,$0.55,actual
08:00PM 24 February 2026,1.81 kWh,$0.54,actual
09:00PM 24 February 2026,1.45 kWh,$0.30,actual
10:00PM 24 February 2026,1.42 kWh,$0.29,actual
11:00PM 24 February 2026,2.92 kWh,$0.55,actual
12:00AM 25 February 2026,4.34 kWh,$0.78,actual
01:00AM 25 February 2026,4.29 kWh,$0.78,actual
02:00AM 25 February 2026,4.26 kWh,$0.77,actual
03:00AM 25 February 2026,1.97 kWh,$0.39,actual
04:00AM 25 February 2026,1.16 kWh,$0.25,actual
05:00AM 25 February 2026,1.78 kWh,$0.36,actual
06:00AM 25 February 2026,1.09 kWh,$0.24,actual
07:00AM 25 February 2026,0.99 kWh,$0.32,actual
08:00AM 25 February 2026,1.27 kWh,$0.40,actual
09:00AM 25 February 2026,0.73 kWh,$0.25,actual
10:00AM 25 February 2026,0.91 kWh,$0.30,actual
11:00AM 25 February 2026,0.84 kWh,$0.28,actual
12:00PM 25 February 2026,0.81 kWh,$0.27,actual
01:00PM 25 February 2026,0.65 kWh,$0.23,actual
02:00PM 25 February 2026,0.56 kWh,$0.21,actual
03:00PM 25 February 2026,0.50 kWh,$0.19,actual
04:00PM 25 February 2026,0.51 kWh,$0.19,actual
05:00PM 25 February 2026,0.95 kWh,$0.31,actual
06:00PM 25 February 2026,2.71 kWh,$0.78,actual
07:00PM 25 February 2026,1.50 kWh,$0.46,actual
08:00PM 25 February 2026,2.29 kWh,$0.67,actual
09:00PM 25 February 2026,0.95 kWh,$0.22,actual
10:00PM 25 February 2026,1.33 kWh,$0.28,actual
11:00PM 25 February 2026,2.79 kWh,$0.53,actual
12:00AM 26 February 2026,4.09 kWh,$0.74,actual
01:00AM 26 February 2026,4.08 kWh,$0.74,actual
02:00AM 26 February 2026,4.05 kWh,$0.74,actual
03:00AM 26 February 2026,2.10 kWh,$0.41,actual
04:00AM 26 February 2026,1.36 kWh,$0.28,actual
05:00AM 26 February 2026,1.25 kWh,$0.27,actual
06:00AM 26 February 2026,0.90 kWh,$0.21,actual
07:00AM 26 February 2026,1.06 kWh,$0.34,actual
08:00AM 26 February 2026,1.66 kWh,$0.50,actual
09:00AM 26 February 2026,0.51 kWh,$0.19,actual
10:00AM 26 February 2026,1.01 kWh,$0.33,actual
11:00AM 26 February 2026,0.78 kWh,$0.26,actual
12:00PM 26 February 2026,1.49 kWh,$0.45,actual
01:00PM 26 February 2026,1.68 kWh,$0.51,actual
02:00PM 26 February 2026,3.27 kWh,$0.93,actual
03:00PM 26 February 2026,2.05 kWh,$0.61,actual
04:00PM 26 February 2026,2.53 kWh,$0.73,actual
05:00PM 26 February 2026,3.37 kWh,$0.96,actual
06:00PM 26 February 2026,3.12 kWh,$0.89,actual
07:00PM 26 February 2026,2.63 kWh,$0.76,actual
08:00PM 26 February 2026,2.95 kWh,$0.85,actual
09:00PM 26 February 2026,2.06 kWh,$0.40,actual
10:00PM 26 February 2026,1.80 kWh,$0.36,actual
11:00PM 26 February 2026,2.54 kWh,$0.48,actual
12:00AM 27 February 2026,3.85 kWh,$0.70,actual
01:00AM 27 February 2026,3.87 kWh,$0.71,actual
02:00AM 27 February 2026,4.01 kWh,$0.73,actual
03:00AM 27 February 2026,4.01 kWh,$0.73,actual
04:00AM 27 February 2026,2.04 kWh,$0.40,actual
05:00AM 27 February 2026,1.35 kWh,$0.28,actual
06:00AM 27 February 2026,1.82 kWh,$0.36,actual
07:00AM 27 February 2026,1.79 kWh,$0.53,actual
08:00AM 27 February 2026,1.52 kWh,$0.46,actual
09:00AM 27 February 2026,0.52 kWh,$0.20,actual
10:00AM 27 February 2026,0.81 kWh,$0.27,actual
11:00AM 27 February 2026,0.65 kWh,$0.23,actual
12:00PM 27 February 2026,1.02 kWh,$0.33,actual
01:00PM 27 February 2026,1.24 kWh,$0.39,actual
02:00PM 27 February 2026,0.64 kWh,$0.23,actual
03:00PM 27 February 2026,0.48 kWh,$0.18,actual
04:00PM 27 February 2026,0.53 kWh,$0.20,actual
05:00PM 27 February 2026,0.66 kWh,$0.23,actual
06:00PM 27 February 2026,1.46 kWh,$0.45,actual
07:00PM 27 February 2026,2.81 kWh,$0.81,actual
08:00PM 27 February 2026,2.65 kWh,$0.77,actual
09:00PM 27 February 2026,2.83 kWh,$0.53,actual
10:00PM 27 February 2026,1.37 kWh,$0.29,actual
11:00PM 27 February 2026,2.56 kWh,$0.49,actual
12:00AM 28 February 2026,3.86 kWh,$0.70,actual
01:00AM 28 February 2026,3.90 kWh,$0.71,actual
02:00AM 28 February 2026,3.98 kWh,$0.73,actual
03:00AM 28 February 2026,4.06 kWh,$0.74,actual
04:00AM 28 February 2026,2.97 kWh,$0.56,actual
05:00AM 28 February 2026,0.95 kWh,$0.22,actual
06:00AM 28 February 2026,1.81 kWh,$0.36,actual
07:00AM 28 February 2026,3.04 kWh,$0.87,actual
08:00AM 28 February 2026,1.36 kWh,$0.42,actual
09:00AM 28 February 2026,0.47 kWh,$0.18,actual
10:00AM 28 February 2026,0.75 kWh,$0.26,actual
11:00AM 28 February 2026,0.97 kWh,$0.32,actual
12:00PM 28 February 2026,1.42 kWh,$0.44,actual
01:00PM 28 February 2026,0.57 kWh,$0.21,actual
02:00PM 28 February 2026,0.53 kWh,$0.20,actual
03:00PM 28 February 2026,0.38 kWh,$0.16,actual
04:00PM 28 February 2026,0.46 kWh,$0.18,actual
05:00PM 28 February 2026,0.69 kWh,$0.24,actual
06:00PM 28 February 2026,1.50 kWh,$0.46,actual
07:00PM 28 February 2026,1.41 kWh,$0.43,actual
08:00PM 28 February 2026,2.30 kWh,$0.67,actual
09:00PM 28 February 2026,1.96 kWh,$0.39,actual
10:00PM 28 February 2026,1.73 kWh,$0.35,actual
11:00PM 28 February 2026,2.64 kWh,$0.50,actual
12:00AM 1 March 2026,4.03 kWh,$0.73,actual
01:00AM 1 March 2026,4.10 kWh,$0.75,actual
02:00AM 1 March 2026,4.00 kWh,$0.73,actual
03:00AM 1 March 2026,3.97 kWh,$0.72,actual
04:00AM 1 March 2026,2.09 kWh,$0.41,actual
05:00AM 1 March 2026,1.11 kWh,$0.24,actual
06:00AM 1 March 2026,1.01 kWh,$0.23,actual
07:00AM 1 March 2026,1.10 kWh,$0.35,actual
08:00AM 1 March 2026,1.58 kWh,$0.48,actual
09:00AM 1 March 2026,1.60 kWh,$0.48,actual
10:00AM 1 March 2026,0.70 kWh,$0.24,actual
11:00AM 1 March 2026,1.71 kWh,$0.52,actual
12:00PM 1 March 2026,1.38 kWh,$0.43,actual
01:00PM 1 March 2026,0.58 kWh,$0.21,actual
02:00PM 1 March 2026,0.73 kWh,$0.25,actual
03:00PM 1 March 2026,0.62 kWh,$0.22,actual
04:00PM 1 March 2026,1.83 kWh,$0.55,actual
05:00PM 1 March 2026,3.60 kWh,$1.02,actual
06:00PM 1 March 2026,4.33 kWh,$1.22,actual
07:00PM 1 March 2026,2.75 kWh,$0.79,actual
08:00PM 1 March 2026,3.29 kWh,$0.94,actual
09:00PM 1 March 2026,2.23 kWh,$0.43,actual
10:00PM 1 March 2026,2.20 kWh,$0.42,actual
11:00PM 1 March 2026,2.83 kWh,$0.53,actual
12:00AM 2 March 2026,4.08 kWh,$0.74,actual
01:00AM 2 March 2026,4.12 kWh,$0.75,actual
02:00AM 2 March 2026,4.12 kWh,$0.75,actual
03:00AM 2 March 2026,4.08 kWh,$0.74,actual
04:00AM 2 March 2026,3.28 kWh,$0.61,actual
05:00AM 2 March 2026,1.61 kWh,$0.33,actual
06:00AM 2 March 2026,2.68 kWh,$0.51,actual
07:00AM 2 March 2026,3.27 kWh,$0.93,actual
08:00AM 2 March 2026,1.01 kWh,$0.33,actual
09:00AM 2 March 2026,0.47 kWh,$0.18,actual
10:00AM 2 March 2026,0.51 kWh,$0.19,actual
11:00AM 2 March 2026,0.86 kWh,$0.29,actual
12:00PM 2 March 2026,0.82 kWh,$0.28,actual
01:00PM 2 March 2026,0.32 kWh,$0.14,actual
02:00PM 2 March 2026,0.38 kWh,$0.16,actual
03:00PM 2 March 2026,1.01 kWh,$0.33,actual
04:00PM 2 March 2026,0.37 kWh,$0.15,actual
05:00PM 2 March 2026,0.86 kWh,$0.29,actual
06:00PM 2 March 2026,2.10 kWh,$0.62,actual
07:00PM 2 March 2026,3.71 kWh,$1.05,actual
08:00PM 2 March 2026,3.55 kWh,$1.01,actual
09:00PM 2 March 2026,3.10 kWh,$0.58,actual
10:00PM 2 March 2026,2.19 kWh,$0.42,actual
11:00PM 2 March 2026,2.79 kWh,$0.53,actual
12:00AM 3 March 2026,4.08 kWh,$0.74,actual
01:00AM 3 March 2026,4.06 kWh,$0.74,actual
02:00AM 3 March 2026,4.21 kWh,$0.76,actual
03:00AM 3 March 2026,4.35 kWh,$0.79,actual
04:00AM 3 March 2026,2.96 kWh,$0.55,actual
05:00AM 3 March 2026,2.17 kWh,$0.42,actual
06:00AM 3 March 2026,1.57 kWh,$0.32,actual
07:00AM 3 March 2026,2.67 kWh,$0.77,actual
08:00AM 3 March 2026,2.86 kWh,$0.82,actual
09:00AM 3 March 2026,1.39 kWh,$0.43,actual
10:00AM 3 March 2026,0.33 kWh,$0.14,actual
11:00AM 3 March 2026,0.67 kWh,$0.23,actual
12:00PM 3 March 2026,2.68 kWh,$0.77,actual
01:00PM 3 March 2026,1.28 kWh,$0.40,actual
02:00PM 3 March 2026,0.94 kWh,$0.31,actual
03:00PM 3 March 2026,1.18 kWh,$0.37,actual
04:00PM 3 March 2026,2.49 kWh,$0.72,actual
05:00PM 3 March 2026,1.26 kWh,$0.39,actual
06:00PM 3 March 2026,1.76 kWh,$0.53,actual
07:00PM 3 March 2026,2.16 kWh,$0.64,actual
08:00PM 3 March 2026,3.79 kWh,$1.07,actual
09:00PM 3 March 2026,2.29 kWh,$0.44,actual
10:00PM 3 March 2026,2.75 kWh,$0.52,actual
11:00PM 3 March 2026,3.17 kWh,$0.59,actual
12:00AM 4 March 2026,4.06 kWh,$0.74,actual
01:00AM 4 March 2026,4.02 kWh,$0.73,actual
02:00AM 4 March 2026,4.05 kWh,$0.74,actual
03:00AM 4 March 2026,4.11 kWh,$0.75,actual
04:00AM 4 March 2026,4.10 kWh,$0.74,actual
05:00AM 4 March 2026,1.66 kWh,$0.33,actual
06:00AM 4 March 2026,1.19 kWh,$0.26,actual
07:00AM 4 March 2026,3.86 kWh,$1.09,actual
08:00AM 4 March 2026,2.19 kWh,$0.64,actual
09:00AM 4 March 2026,1.39 kWh,$0.43,actual
10:00AM 4 March 2026,0.54 kWh,$0.20,actual
11:00AM 4 March 2026,0.35 kWh,$0.15,actual
12:00PM 4 March 2026,1.36 kWh,$0.42,actual
01:00PM 4 March 2026,1.33 kWh,$0.41,actual
02:00PM 4 March 2026,0.47 kWh,$0.18,actual
03:00PM 4 March 2026,0.35 kWh,$0.15,actual
04:00PM 4 March 2026,0.37 kWh,$0.16,actual
05:00PM 4 March 2026,0.87 kWh,$0.29,actual
06:00PM 4 March 2026,1.59 kWh,$0.48,actual
07:00PM 4 March 2026,1.66 kWh,$0.50,actual
08:00PM 4 March 2026,2.28 kWh,$0.67,actual
09:00PM 4 March 2026,3.14 kWh,$0.58,actual
10:00PM 4 March 2026,2.34 kWh,$0.45,actual
11:00PM 4 March 2026,2.72 kWh,$0.51,actual
12:00AM 5 March 2026,4.18 kWh,$0.76,actual
01:00AM 5 March 2026,3.95 kWh,$0.72,actual
02:00AM 5 March 2026,3.99 kWh,$0.73,actual
03:00AM 5 March 2026,2.98 kWh,$0.56,actual
04:00AM 5 March 2026,1.79 kWh,$0.36,actual
05:00AM 5 March 2026,0.73 kWh,$0.18,actual
06:00AM 5 March 2026,1.19 kWh,$0.26,actual
07:00AM 5 March 2026,2.19 kWh,$0.64,actual
08:00AM 5 March 2026,1.42 kWh,$0.44,actual
09:00AM 5 March 2026,0.35 kWh,$0.15,actual
10:00AM 5 March 2026,0.32 kWh,$0.14,actual
11:00AM 5 March 2026,0.32 kWh,$0.14,actual
12:00PM 5 March 2026,0.33 kWh,$0.14,actual
01:00PM 5 March 2026,0.33 kWh,$0.14,actual
02:00PM 5 March 2026,1.09 kWh,$0.35,actual
03:00PM 5 March 2026,0.58 kWh,$0.21,actual
04:00PM 5 March 2026,0.48 kWh,$0.18,actual
05:00PM 5 March 2026,0.48 kWh,$0.18,actual
06:00PM 5 March 2026,1.24 kWh,$0.39,actual
07:00PM 5 March 2026,1.84 kWh,$0.55,actual
08:00PM 5 March 2026,2.42 kWh,$0.70,actual
09:00PM 5 March 2026,2.17 kWh,$0.42,actual
10:00PM 5 March 2026,1.48 kWh,$0.31,actual
11:00PM 5 March 2026,2.20 kWh,$0.43,actual
12:00AM 6 March 2026,3.61 kWh,$0.66,actual
01:00AM 6 March 2026,3.56 kWh,$0.65,actual
02:00AM 6 March 2026,3.62 kWh,$0.66,actual
03:00AM 6 March 2026,3.69 kWh,$0.68,actual
04:00AM 6 March 2026,1.72 kWh,$0.34,actual
05:00AM 6 March 2026,0.94 kWh,$0.21,actual
06:00AM 6 March 2026,1.86 kWh,$0.37,actual
07:00AM 6 March 2026,1.14 kWh,$0.36,actual
08:00AM 6 March 2026,1.07 kWh,$0.34,actual
09:00AM 6 March 2026,0.51 kWh,$0.19,actual
10:00AM 6 March 2026,0.93 kWh,$0.31,actual
11:00AM 6 March 2026,0.40 kWh,$0.16,actual
12:00PM 6 March 2026,1.20 kWh,$0.38,actual
01:00PM 6 March 2026,0.44 kWh,$0.17,actual
02:00PM 6 March 2026,0.40 kWh,$0.16,actual
03:00PM 6 March 2026,0.37 kWh,$0.16,actual
04:00PM 6 March 2026,1.30 kWh,$0.40,actual
05:00PM 6 March 2026,0.91 kWh,$0.30,actual
06:00PM 6 March 2026,1.63 kWh,$0.49,actual
07:00PM 6 March 2026,1.45 kWh,$0.44,actual
08:00PM 6 March 2026,2.12 kWh,$0.63,actual
09:00PM 6 March 2026,2.09 kWh,$0.41,actual
10:00PM 6 March 2026,1.32 kWh,$0.28,actual
11:00PM 6 March 2026,2.74 kWh,$0.52,actual
12:00AM 7 March 2026,4.15 kWh,$0.75,actual
01:00AM 7 March 2026,4.19 kWh,$0.76,actual
02:00AM 7 March 2026,4.23 kWh,$0.77,actual
03:00AM 7 March 2026,1.22 kWh,$0.26,actual
04:00AM 7 March 2026,1.54 kWh,$0.32,actual
05:00AM 7 March 2026,1.04 kWh,$0.23,actual
06:00AM 7 March 2026,1.29 kWh,$0.27,actual
07:00AM 7 March 2026,0.86 kWh,$0.29,actual
08:00AM 7 March 2026,0.56 kWh,$0.21,actual
09:00AM 7 March 2026,1.29 kWh,$0.40,actual
10:00AM 7 March 2026,0.90 kWh,$0.30,actual
11:00AM 7 March 2026,1.68 kWh,$0.51,actual
12:00PM 7 March 2026,1.56 kWh,$0.47,actual
01:00PM 7 March 2026,1.19 kWh,$0.38,actual
02:00PM 7 March 2026,1.18 kWh,$0.37,actual
03:00PM 7 March 2026,1.34 kWh,$0.42,actual
04:00PM 7 March 2026,1.25 kWh,$0.39,actual
05:00PM 7 March 2026,1.57 kWh,$0.48,actual
06:00PM 7 March 2026,0.98 kWh,$0.32,actual
07:00PM 7 March 2026,1.43 kWh,$0.44,actual
08:00PM 7 March 2026,2.93 kWh,$0.84,actual
09:00PM 7 March 2026,2.03 kWh,$0.40,actual
10:00PM 7 March 2026,1.41 kWh,$0.29,actual
11:00PM 7 March 2026,2.56 kWh,$0.49,actual
12:00AM 8 March 2026,3.94 kWh,$0.72,actual
01:00AM 8 March 2026,3.85 kWh,$0.70,actual
02:00AM 8 March 2026,3.84 kWh,$0.70,actual
03:00AM 8 March 2026,1.61 kWh,$0.33,actual
04:00AM 8 March 2026,1.11 kWh,$0.24,actual
05:00AM 8 March 2026,1.17 kWh,$0.25,actual
06:00AM 8 March 2026,0.83 kWh,$0.19,actual
07:00AM 8 March 2026,0.87 kWh,$0.29,actual
08:00AM 8 March 2026,0.75 kWh,$0.26,actual
09:00AM 8 March 2026,0.87 kWh,$0.29,actual
10:00AM 8 March 2026,1.29 kWh,$0.40,actual
11:00AM 8 March 2026,0.57 kWh,$0.21,actual
12:00PM 8 March 2026,1.85 kWh,$0.55,actual
01:00PM 8 March 2026,0.71 kWh,$0.25,actual
02:00PM 8 March 2026,0.58 kWh,$0.21,actual
03:00PM 8 March 2026,0.48 kWh,$0.18,actual
04:00PM 8 March 2026,0.51 kWh,$0.19,actual
05:00PM 8 March 2026,1.60 kWh,$0.49,actual
06:00PM 8 March 2026,1.46 kWh,$0.45,actual
07:00PM 8 March 2026,1.35 kWh,$0.42,actual
08:00PM 8 March 2026,2.40 kWh,$0.70,actual
09:00PM 8 March 2026,2.37 kWh,$0.45,actual
10:00PM 8 March 2026,1.49 kWh,$0.31,actual
11:00PM 8 March 2026,2.82 kWh,$0.53,actual
12:00AM 9 March 2026,4.23 kWh,$0.77,actual
01:00AM 9 March 2026,4.20 kWh,$0.76,actual
02:00AM 9 March 2026,4.22 kWh,$0.77,actual
03:00AM 9 March 2026,2.87 kWh,$0.54,actual
04:00AM 9 March 2026,2.43 kWh,$0.46,actual
05:00AM 9 March 2026,1.13 kWh,$0.25,actual
06:00AM 9 March 2026,1.55 kWh,$0.32,actual
07:00AM 9 March 2026,1.52 kWh,$0.46,actual
08:00AM 9 March 2026,0.79 kWh,$0.27,actual
09:00AM 9 March 2026,0.56 kWh,$0.20,actual
10:00AM 9 March 2026,0.78 kWh,$0.26,actual
11:00AM 9 March 2026,1.04 kWh,$0.33,actual
12:00PM 9 March 2026,0.53 kWh,$0.20,actual
01:00PM 9 March 2026,0.39 kWh,$0.16,actual
02:00PM 9 March 2026,2.01 kWh,$0.60,actual
03:00PM 9 March 2026,2.08 kWh,$0.61,actual
04:00PM 9 March 2026,2.77 kWh,$0.80,actual
05:00PM 9 March 2026,3.48 kWh,$0.99,actual
06:00PM 9 March 2026,3.72 kWh,$1.05,actual
07:00PM 9 March 2026,2.31 kWh,$0.68,actual
08:00PM 9 March 2026,3.01 kWh,$0.86,actual
09:00PM 9 March 2026,2.82 kWh,$0.53,actual
10:00PM 9 March 2026,2.43 kWh,$0.46,actual
11:00PM 9 March 2026,2.65 kWh,$0.50,actual
12:00AM 10 March 2026,4.06 kWh,$0.74,actual
01:00AM 10 March 2026,4.09 kWh,$0.74,actual
02:00AM 10 March 2026,3.45 kWh,$0.64,actual
03:00AM 10 March 2026,1.41 kWh,$0.29,actual
04:00AM 10 March 2026,1.11 kWh,$0.24,actual
05:00AM 10 March 2026,1.38 kWh,$0.29,actual
06:00AM 10 March 2026,1.53 kWh,$0.31,actual
07:00AM 10 March 2026,2.02 kWh,$0.60,actual
08:00AM 10 March 2026,1.43 kWh,$0.44,actual
09:00AM 10 March 2026,1.33 kWh,$0.41,actual
10:00AM 10 March 2026,0.36 kWh,$0.15,actual
11:00AM 10 March 2026,0.31 kWh,$0.14,actual
12:00PM 10 March 2026,0.96 kWh,$0.31,actual
01:00PM 10 March 2026,0.41 kWh,$0.17,actual
02:00PM 10 March 2026,0.50 kWh,$0.19,actual
03:00PM 10 March 2026,0.38 kWh,$0.16,actual
04:00PM 10 March 2026,1.36 kWh,$0.42,actual
05:00PM 10 March 2026,1.57 kWh,$0.48,actual
06:00PM 10 March 2026,2.64 kWh,$0.76,actual
07:00PM 10 March 2026,2.27 kWh,$0.66,actual
08:00PM 10 March 2026,3.48 kWh,$0.99,actual
09:00PM 10 March 2026,2.50 kWh,$0.48,actual
10:00PM 10 March 2026,1.63 kWh,$0.33,actual
11:00PM 10 March 2026,2.33 kWh,$0.45,actual
12:00AM 11 March 2026,3.93 kWh,$0.72,actual
01:00AM 11 March 2026,3.88 kWh,$0.71,actual
02:00AM 11 March 2026,3.84 kWh,$0.70,actual
03:00AM 11 March 2026,3.61 kWh,$0.66,actual
04:00AM 11 March 2026,0.99 kWh,$0.22,actual
05:00AM 11 March 2026,1.03 kWh,$0.23,actual
06:00AM 11 March 2026,0.91 kWh,$0.21,actual
07:00AM 11 March 2026,1.47 kWh,$0.45,actual
08:00AM 11 March 2026,1.29 kWh,$0.40,actual
09:00AM 11 March 2026,0.61 kWh,$0.22,actual
10:00AM 11 March 2026,0.69 kWh,$0.24,actual
11:00AM 11 March 2026,0.44 kWh,$0.17,actual
12:00PM 11 March 2026,0.37 kWh,$0.16,actual
01:00PM 11 March 2026,0.35 kWh,$0.15,actual
02:00PM 11 March 2026,2.18 kWh,$0.64,actual
03:00PM 11 March 2026,0.77 kWh,$0.26,actual
04:00PM 11 March 2026,0.55 kWh,$0.20,actual
05:00PM 11 March 2026,0.84 kWh,$0.28,actual
06:00PM 11 March 2026,1.38 kWh,$0.43,actual
07:00PM 11 March 2026,1.38 kWh,$0.42,actual
08:00PM 11 March 2026,2.63 kWh,$0.76,actual
09:00PM 11 March 2026,2.71 kWh,$0.51,actual
10:00PM 11 March 2026,1.83 kWh,$0.36,actual
11:00PM 11 March 2026,2.72 kWh,$0.51,actual
12:00AM 12 March 2026,4.27 kWh,$0.77,actual
01:00AM 12 March 2026,4.33 kWh,$0.78,actual
02:00AM 12 March 2026,3.60 kWh,$0.66,actual
03:00AM 12 March 2026,1.54 kWh,$0.31,actual
04:00AM 12 March 2026,1.44 kWh,$0.30,actual
05:00AM 12 March 2026,1.07 kWh,$0.24,actual
06:00AM 12 March 2026,1.42 kWh,$0.29,actual
07:00AM 12 March 2026,1.46 kWh,$0.45,actual
08:00AM 12 March 2026,1.47 kWh,$0.45,actual
09:00AM 12 March 2026,0.70 kWh,$0.24,actual
10:00AM 12 March 2026,0.82 kWh,$0.28,actual
11:00AM 12 March 2026,0.43 kWh,$0.17,actual
12:00PM 12 March 2026,0.69 kWh,$0.24,actual
01:00PM 12 March 2026,0.40 kWh,$0.16,actual
02:00PM 12 March 2026,0.53 kWh,$0.20,actual
03:00PM 12 March 2026,0.47 kWh,$0.18,actual
04:00PM 12 March 2026,0.40 kWh,$0.16,actual
05:00PM 12 March 2026,0.39 kWh,$0.16,actual
06:00PM 12 March 2026,0.53 kWh,$0.20,actual
07:00PM 12 March 2026,1.42 kWh,$0.44,actual
08:00PM 12 March 2026,2.09 kWh,$0.62,actual
09:00PM 12 March 2026,1.27 kWh,$0.27,actual
10:00PM 12 March 2026,1.17 kWh,$0.25,actual
11:00PM 12 March 2026,2.58 kWh,$0.49,actual
12:00AM 13 March 2026,4.02 kWh,$0.73,actual
01:00AM 13 March 2026,3.95 kWh,$0.72,actual
02:00AM 13 March 2026,1.86 kWh,$0.37,actual
03:00AM 13 March 2026,1.03 kWh,$0.23,actual
04:00AM 13 March 2026,0.75 kWh,$0.18,actual
05:00AM 13 March 2026,1.08 kWh,$0.24,actual
06:00AM 13 March 2026,0.79 kWh,$0.19,actual
07:00AM 13 March 2026,0.84 kWh,$0.28,actual
08:00AM 13 March 2026,0.82 kWh,$0.28,actual
09:00AM 13 March 2026,1.05 kWh,$0.34,actual
10:00AM 13 March 2026,1.57 kWh,$0.48,actual
11:00AM 13 March 2026,0.44 kWh,$0.17,actual
12:00PM 13 March 2026,0.59 kWh,$0.21,actual
01:00PM 13 March 2026,1.80 kWh,$0.54,actual
02:00PM 13 March 2026,0.66 kWh,$0.23,actual
03:00PM 13 March 2026,0.43 kWh,$0.17,actual
04:00PM 13 March 2026,0.62 kWh,$0.22,actual
05:00PM 13 March 2026,1.72 kWh,$0.52,actual
06:00PM 13 March 2026,2.13 kWh,$0.63,actual
07:00PM 13 March 2026,2.25 kWh,$0.66,actual
08:00PM 13 March 2026,2.34 kWh,$0.68,actual
09:00PM 13 March 2026,0.82 kWh,$0.19,actual
10:00PM 13 March 2026,1.52 kWh,$0.31,actual
11:00PM 13 March 2026,2.71 kWh,$0.51,actual
12:00AM 14 March 2026,4.05 kWh,$0.74,actual
01:00AM 14 March 2026,4.09 kWh,$0.74,actual
02:00AM 14 March 2026,4.25 kWh,$0.77,actual
03:00AM 14 March 2026,3.19 kWh,$0.59,actual
04:00AM 14 March 2026,1.68 kWh,$0.34,actual
05:00AM 14 March 2026,1.07 kWh,$0.24,actual
06:00AM 14 March 2026,1.40 kWh,$0.29,actual
07:00AM 14 March 2026,0.88 kWh,$0.29,actual
08:00AM 14 March 2026,0.63 kWh,$0.22,actual
09:00AM 14 March 2026,1.31 kWh,$0.41,actual
10:00AM 14 March 2026,0.87 kWh,$0.29,actual
11:00AM 14 March 2026,1.08 kWh,$0.35,actual
12:00PM 14 March 2026,1.00 kWh,$0.32,actual
01:00PM 14 March 2026,0.66 kWh,$0.23,actual
02:00PM 14 March 2026,0.77 kWh,$0.26,actual
03:00PM 14 March 2026,0.69 kWh,$0.24,actual
04:00PM 14 March 2026,0.63 kWh,$0.22,actual
05:00PM 14 March 2026,1.39 kWh,$0.43,actual
06:00PM 14 March 2026,1.57 kWh,$0.48,actual
07:00PM 14 March 2026,1.00 kWh,$0.32,actual
08:00PM 14 March 2026,2.19 kWh,$0.64,actual
09:00PM 14 March 2026,1.37 kWh,$0.29,actual
10:00PM 14 March 2026,1.75 kWh,$0.35,actual
11:00PM 14 March 2026,2.56 kWh,$0.49,actual
12:00AM 15 March 2026,3.97 kWh,$0.72,actual
01:00AM 15 March 2026,3.90 kWh,$0.71,actual
02:00AM 15 March 2026,3.93 kWh,$0.72,actual
03:00AM 15 March 2026,2.25 kWh,$0.43,actual
04:00AM 15 March 2026,1.19 kWh,$0.26,actual
05:00AM 15 March 2026,0.79 kWh,$0.19,actual
06:00AM 15 March 2026,1.42 kWh,$0.29,actual
07:00AM 15 March 2026,1.14 kWh,$0.36,actual
08:00AM 15 March 2026,0.61 kWh,$0.22,actual
09:00AM 15 March 2026,0.99 kWh,$0.32,actual
10:00AM 15 March 2026,1.10 kWh,$0.35,actual
11:00AM 15 March 2026,0.48 kWh,$0.18,actual
12:00PM 15 March 2026,1.07 kWh,$0.34,actual
01:00PM 15 March 2026,0.69 kWh,$0.24,actual
02:00PM 15 March 2026,0.54 kWh,$0.20,actual
03:00PM 15 March 2026,1.54 kWh,$0.47,actual
04:00PM 15 March 2026,0.91 kWh,$0.30,actual
05:00PM 15 March 2026,0.82 kWh,$0.28,actual
06:00PM 15 March 2026,1.65 kWh,$0.50,actual
07:00PM 15 March 2026,1.57 kWh,$0.48,actual
08:00PM 15 March 2026,1.43 kWh,$0.44,actual
09:00PM 15 March 2026,1.67 kWh,$0.34,actual
10:00PM 15 March 2026,1.22 kWh,$0.26,actual
11:00PM 15 March 2026,2.69 kWh,$0.51,actual
12:00AM 16 March 2026,4.05 kWh,$0.74,actual
01:00AM 16 March 2026,4.04 kWh,$0.73,actual
02:00AM 16 March 2026,4.02 kWh,$0.73,actual
03:00AM 16 March 2026,4.08 kWh,$0.74,actual
04:00AM 16 March 2026,1.24 kWh,$0.26,actual
05:00AM 16 March 2026,1.05 kWh,$0.23,actual
06:00AM 16 March 2026,1.65 kWh,$0.33,actual
07:00AM 16 March 2026,2.09 kWh,$0.62,actual
08:00AM 16 March 2026,0.72 kWh,$0.25,actual
09:00AM 16 March 2026,0.43 kWh,$0.17,actual
10:00AM 16 March 2026,0.46 kWh,$0.18,actual
11:00AM 16 March 2026,1.02 kWh,$0.33,actual
12:00PM 16 March 2026,0.48 kWh,$0.18,actual
01:00PM 16 March 2026,0.36 kWh,$0.15,actual
02:00PM 16 March 2026,0.50 kWh,$0.19,actual
03:00PM 16 March 2026,0.56 kWh,$0.21,actual
04:00PM 16 March 2026,0.41 kWh,$0.16,actual
05:00PM 16 March 2026,0.49 kWh,$0.19,actual
06:00PM 16 March 2026,1.50 kWh,$0.46,actual
07:00PM 16 March 2026,1.68 kWh,$0.51,actual
08:00PM 16 March 2026,2.29 kWh,$0.67,actual
09:00PM 16 March 2026,1.08 kWh,$0.24,actual
10:00PM 16 March 2026,1.57 kWh,$0.32,actual
11:00PM 16 March 2026,2.69 kWh,$0.51,actual
12:00AM 17 March 2026,4.25 kWh,$0.77,actual
01:00AM 17 March 2026,4.32 kWh,$0.78,actual
02:00AM 17 March 2026,2.27 kWh,$0.44,actual
03:00AM 17 March 2026,1.84 kWh,$0.37,actual
04:00AM 17 March 2026,1.10 kWh,$0.24,actual
05:00AM 17 March 2026,1.28 kWh,$0.27,actual
06:00AM 17 March 2026,1.19 kWh,$0.26,actual
07:00AM 17 March 2026,1.55 kWh,$0.47,actual
08:00AM 17 March 2026,1.47 kWh,$0.45,actual
09:00AM 17 March 2026,0.50 kWh,$0.19,actual
10:00AM 17 March 2026,0.99 kWh,$0.32,actual
11:00AM 17 March 2026,0.40 kWh,$0.16,actual
12:00PM 17 March 2026,0.61 kWh,$0.22,actual
01:00PM 17 March 2026,0.80 kWh,$0.27,actual
02:00PM 17 March 2026,0.64 kWh,$0.23,actual
03:00PM 17 March 2026,0.61 kWh,$0.22,actual
04:00PM 17 March 2026,0.47 kWh,$0.18,actual
05:00PM 17 March 2026,0.84 kWh,$0.28,actual
06:00PM 17 March 2026,1.23 kWh,$0.39,actual
07:00PM 17 March 2026,1.56 kWh,$0.47,actual
08:00PM 17 March 2026,1.97 kWh,$0.58,actual
09:00PM 17 March 2026,1.84 kWh,$0.37,actual
10:00PM 17 March 2026,1.35 kWh,$0.28,actual
11:00PM 17 March 2026,2.57 kWh,$0.49,actual
12:00AM 18 March 2026,4.14 kWh,$0.75,actual
01:00AM 18 March 2026,4.13 kWh,$0.75,actual
02:00AM 18 March 2026,4.08 kWh,$0.74,actual
03:00AM 18 March 2026,3.81 kWh,$0.70,actual
04:00AM 18 March 2026,1.25 kWh,$0.27,actual
05:00AM 18 March 2026,1.06 kWh,$0.23,actual
06:00AM 18 March 2026,1.20 kWh,$0.26,actual
07:00AM 18 March 2026,1.83 kWh,$0.55,actual
08:00AM 18 March 2026,1.45 kWh,$0.44,actual
09:00AM 18 March 2026,0.33 kWh,$0.14,actual
10:00AM 18 March 2026,0.66 kWh,$0.23,actual
11:00AM 18 March 2026,0.53 kWh,$0.20,actual
12:00PM 18 March 2026,0.48 kWh,$0.18,actual
01:00PM 18 March 2026,0.45 kWh,$0.18,actual
02:00PM 18 March 2026,0.47 kWh,$0.18,actual
03:00PM 18 March 2026,0.64 kWh,$0.23,actual
04:00PM 18 March 2026,0.52 kWh,$0.19,actual
05:00PM 18 March 2026,0.69 kWh,$0.24,actual
06:00PM 18 March 2026,1.80 kWh,$0.54,actual
07:00PM 18 March 2026,1.74 kWh,$0.52,actual
08:00PM 18 March 2026,2.48 kWh,$0.72,actual
09:00PM 18 March 2026,1.59 kWh,$0.32,actual
10:00PM 18 March 2026,1.54 kWh,$0.31,actual
11:00PM 18 March 2026,2.61 kWh,$0.50,actual
12:00AM 19 March 2026,4.19 kWh,$0.76,actual
01:00AM 19 March 2026,4.23 kWh,$0.77,actual
02:00AM 19 March 2026,4.21 kWh,$0.76,actual
03:00AM 19 March 2026,3.29 kWh,$0.61,actual
04:00AM 19 March 2026,1.67 kWh,$0.34,actual
05:00AM 19 March 2026,1.41 kWh,$0.29,actual
06:00AM 19 March 2026,1.07 kWh,$0.23,actual
07:00AM 19 March 2026,1.74 kWh,$0.52,actual
08:00AM 19 March 2026,1.17 kWh,$0.37,actual
09:00AM 19 March 2026,0.79 kWh,$0.27,actual
10:00AM 19 March 2026,0.46 kWh,$0.18,actual
11:00AM 19 March 2026,0.59 kWh,$0.21,actual
12:00PM 19 March 2026,0.99 kWh,$0.32,actual
01:00PM 19 March 2026,0.75 kWh,$0.26,actual
02:00PM 19 March 2026,0.45 kWh,$0.18,actual
03:00PM 19 March 2026,0.45 kWh,$0.18,actual
04:00PM 19 March 2026,0.37 kWh,$0.15,actual
05:00PM 19 March 2026,0.67 kWh,$0.24,actual
06:00PM 19 March 2026,1.19 kWh,$0.37,actual
07:00PM 19 March 2026,1.81 kWh,$0.54,actual
08:00PM 19 March 2026,1.88 kWh,$0.56,actual
09:00PM 19 March 2026,0.94 kWh,$0.21,actual
10:00PM 19 March 2026,1.64 kWh,$0.33,actual
11:00PM 19 March 2026,3.06 kWh,$0.57,actual
12:00AM 20 March 2026,4.21 kWh,$0.76,actual
01:00AM 20 March 2026,4.25 kWh,$0.77,actual
02:00AM 20 March 2026,4.24 kWh,$0.77,actual
03:00AM 20 March 2026,1.41 kWh,$0.29,actual
04:00AM 20 March 2026,1.86 kWh,$0.37,actual
05:00AM 20 March 2026,1.18 kWh,$0.25,actual
06:00AM 20 March 2026,1.44 kWh,$0.30,actual
07:00AM 20 March 2026,1.58 kWh,$0.48,actual
08:00AM 20 March 2026,0.92 kWh,$0.30,actual
09:00AM 20 March 2026,0.81 kWh,$0.27,actual
10:00AM 20 March 2026,0.41 kWh,$0.17,actual
11:00AM 20 March 2026,0.49 kWh,$0.19,actual
12:00PM 20 March 2026,0.65 kWh,$0.23,actual
01:00PM 20 March 2026,1.80 kWh,$0.54,actual
02:00PM 20 March 2026,0.72 kWh,$0.25,actual
03:00PM 20 March 2026,0.47 kWh,$0.18,actual
04:00PM 20 March 2026,0.52 kWh,$0.20,actual
05:00PM 20 March 2026,0.84 kWh,$0.28,actual
06:00PM 20 March 2026,1.84 kWh,$0.55,actual
07:00PM 20 March 2026,2.57 kWh,$0.75,actual
08:00PM 20 March 2026,2.58 kWh,$0.75,actual
09:00PM 20 March 2026,1.33 kWh,$0.28,actual
10:00PM 20 March 2026,1.78 kWh,$0.36,actual
11:00PM 20 March 2026,3.16 kWh,$0.59,actual
12:00AM 21 March 2026,4.53 kWh,$0.82,actual
01:00AM 21 March 2026,4.47 kWh,$0.81,actual
02:00AM 21 March 2026,4.50 kWh,$0.81,actual
03:00AM 21 March 2026,2.54 kWh,$0.48,actual
04:00AM 21 March 2026,1.69 kWh,$0.34,actual
05:00AM 21 March 2026,1.64 kWh,$0.33,actual
06:00AM 21 March 2026,1.31 kWh,$0.28,actual
07:00AM 21 March 2026,0.89 kWh,$0.29,actual
08:00AM 21 March 2026,0.91 kWh,$0.30,actual
09:00AM 21 March 2026,1.24 kWh,$0.39,actual
10:00AM 21 March 2026,1.37 kWh,$0.42,actual
11:00AM 21 March 2026,3.25 kWh,$0.93,actual
12:00PM 21 March 2026,0.69 kWh,$0.24,actual
01:00PM 21 March 2026,0.60 kWh,$0.22,actual
02:00PM 21 March 2026,0.72 kWh,$0.25,actual
03:00PM 21 March 2026,0.55 kWh,$0.20,actual
04:00PM 21 March 2026,1.13 kWh,$0.36,actual
05:00PM 21 March 2026,1.01 kWh,$0.33,actual
06:00PM 21 March 2026,2.11 kWh,$0.62,actual
07:00PM 21 March 2026,1.78 kWh,$0.53,actual
08:00PM 21 March 2026,1.79 kWh,$0.54,actual
09:00PM 21 March 2026,1.33 kWh,$0.28,actual
10:00PM 21 March 2026,2.15 kWh,$0.42,actual
11:00PM 21 March 2026,3.05 kWh,$0.57,actual
12:00AM 22 March 2026,4.23 kWh,$0.77,actual
01:00AM 22 March 2026,4.20 kWh,$0.76,actual
02:00AM 22 March 2026,4.22 kWh,$0.77,actual
03:00AM 22 March 2026,4.19 kWh,$0.76,actual
04:00AM 22 March 2026,1.46 kWh,$0.30,actual
05:00AM 22 March 2026,1.30 kWh,$0.27,actual
06:00AM 22 March 2026,0.99 kWh,$0.22,actual
07:00AM 22 March 2026,1.24 kWh,$0.39,actual
08:00AM 22 March 2026,2.04 kWh,$0.60,actual
09:00AM 22 March 2026,0.63 kWh,$0.23,actual
10:00AM 22 March 2026,0.65 kWh,$0.23,actual
11:00AM 22 March 2026,0.87 kWh,$0.29,actual
12:00PM 22 March 2026,1.76 kWh,$0.53,actual
01:00PM 22 March 2026,1.44 kWh,$0.44,actual
02:00PM 22 March 2026,0.95 kWh,$0.31,actual
03:00PM 22 March 2026,0.50 kWh,$0.19,actual
04:00PM 22 March 2026,0.49 kWh,$0.19,actual
05:00PM 22 March 2026,1.48 kWh,$0.45,actual
06:00PM 22 March 2026,2.29 kWh,$0.67,actual
07:00PM 22 March 2026,1.90 kWh,$0.56,actual
08:00PM 22 March 2026,2.15 kWh,$0.63,actual
09:00PM 22 March 2026,2.13 kWh,$0.41,actual
10:00PM 22 March 2026,1.61 kWh,$0.33,actual
11:00PM 22 March 2026,2.53 kWh,$0.48,actual
12:00AM 23 March 2026,4.07 kWh,$0.74,actual
01:00AM 23 March 2026,4.05 kWh,$0.74,actual
02:00AM 23 March 2026,4.03 kWh,$0.73,actual
03:00AM 23 March 2026,2.52 kWh,$0.48,actual
04:00AM 23 March 2026,1.29 kWh,$0.27,actual
05:00AM 23 March 2026,1.18 kWh,$0.25,actual
06:00AM 23 March 2026,1.26 kWh,$0.27,actual
07:00AM 23 March 2026,2.69 kWh,$0.78,actual
08:00AM 23 March 2026,0.97 kWh,$0.32,actual
09:00AM 23 March 2026,0.74 kWh,$0.25,actual
10:00AM 23 March 2026,0.80 kWh,$0.27,actual
11:00AM 23 March 2026,0.51 kWh,$0.19,actual
12:00PM 23 March 2026,1.57 kWh,$0.48,actual
01:00PM 23 March 2026,0.51 kWh,$0.19,actual
02:00PM 23 March 2026,1.86 kWh,$0.55,actual
03:00PM 23 March 2026,0.83 kWh,$0.28,actual
04:00PM 23 March 2026,1.16 kWh,$0.37,actual
05:00PM 23 March 2026,1.00 kWh,$0.32,actual
06:00PM 23 March 2026,2.02 kWh,$0.60,actual
07:00PM 23 March 2026,1.44 kWh,$0.44,actual
08:00PM 23 March 2026,1.53 kWh,$0.47,actual
09:00PM 23 March 2026,2.37 kWh,$0.45,actual
10:00PM 23 March 2026,1.57 kWh,$0.32,actual
11:00PM 23 March 2026,2.55 kWh,$0.48,actual
12:00AM 24 March 2026,4.03 kWh,$0.73,actual
01:00AM 24 March 2026,4.03 kWh,$0.73,actual
02:00AM 24 March 2026,4.00 kWh,$0.73,actual
03:00AM 24 March 2026,4.03 kWh,$0.73,actual
04:00AM 24 March 2026,1.37 kWh,$0.29,actual
05:00AM 24 March 2026,1.44 kWh,$0.30,actual
06:00AM 24 March 2026,0.96 kWh,$0.22,actual
07:00AM 24 March 2026,1.81 kWh,$0.54,actual
08:00AM 24 March 2026,2.34 kWh,$0.68,actual
09:00AM 24 March 2026,0.95 kWh,$0.31,actual
10:00AM 24 March 2026,0.52 kWh,$0.20,actual
11:00AM 24 March 2026,0.67 kWh,$0.24,actual
12:00PM 24 March 2026,2.61 kWh,$0.76,actual
01:00PM 24 March 2026,0.92 kWh,$0.30,actual
02:00PM 24 March 2026,0.88 kWh,$0.29,actual
03:00PM 24 March 2026,1.79 kWh,$0.54,actual
04:00PM 24 March 2026,0.78 kWh,$0.27,actual
05:00PM 24 March 2026,0.62 kWh,$0.22,actual
06:00PM 24 March 2026,2.23 kWh,$0.65,actual
07:00PM 24 March 2026,1.59 kWh,$0.48,actual
08:00PM 24 March 2026,1.82 kWh,$0.54,actual
09:00PM 24 March 2026,2.35 kWh,$0.45,actual
10:00PM 24 March 2026,1.65 kWh,$0.33,actual
11:00PM 24 March 2026,2.84 kWh,$0.53,actual
12:00AM 25 March 2026,4.31 kWh,$0.78,actual
01:00AM 25 March 2026,4.28 kWh,$0.77,actual
02:00AM 25 March 2026,4.31 kWh,$0.78,actual
03:00AM 25 March 2026,1.27 kWh,$0.27,actual
04:00AM 25 March 2026,1.38 kWh,$0.29,actual
05:00AM 25 March 2026,1.13 kWh,$0.25,actual
06:00AM 25 March 2026,1.59 kWh,$0.32,actual
07:00AM 25 March 2026,1.89 kWh,$0.56,actual
08:00AM 25 March 2026,1.36 kWh,$0.42,actual
09:00AM 25 March 2026,0.56 kWh,$0.20,actual
10:00AM 25 March 2026,0.41 kWh,$0.16,actual
11:00AM 25 March 2026,0.55 kWh,$0.20,actual
12:00PM 25 March 2026,0.45 kWh,$0.18,actual
01:00PM 25 March 2026,0.89 kWh,$0.29,actual
02:00PM 25 March 2026,0.62 kWh,$0.22,actual
03:00PM 25 March 2026,0.70 kWh,$0.24,actual
04:00PM 25 March 2026,0.61 kWh,$0.22,actual
05:00PM 25 March 2026,0.96 kWh,$0.31,actual
06:00PM 25 March 2026,2.88 kWh,$0.83,actual
07:00PM 25 March 2026,2.28 kWh,$0.67,actual
08:00PM 25 March 2026,1.93 kWh,$0.57,actual
09:00PM 25 March 2026,1.02 kWh,$0.23,actual
10:00PM 25 March 2026,1.77 kWh,$0.35,actual
11:00PM 25 March 2026,2.93 kWh,$0.55,actual
12:00AM 26 March 2026,4.32 kWh,$0.78,actual
01:00AM 26 March 2026,4.42 kWh,$0.80,actual
02:00AM 26 March 2026,4.37 kWh,$0.79,actual
03:00AM 26 March 2026,3.28 kWh,$0.61,actual
04:00AM 26 March 2026,1.40 kWh,$0.29,actual
05:00AM 26 March 2026,1.66 kWh,$0.33,actual
06:00AM 26 March 2026,1.19 kWh,$0.25,actual
07:00AM 26 March 2026,1.40 kWh,$0.43,actual
08:00AM 26 March 2026,1.51 kWh,$0.46,actual
09:00AM 26 March 2026,0.87 kWh,$0.29,actual
10:00AM 26 March 2026,0.45 kWh,$0.18,actual
11:00AM 26 March 2026,0.35 kWh,$0.15,actual
12:00PM 26 March 2026,0.33 kWh,$0.14,actual
01:00PM 26 March 2026,0.76 kWh,$0.26,actual
02:00PM 26 March 2026,0.67 kWh,$0.24,actual
03:00PM 26 March 2026,0.47 kWh,$0.18,actual
04:00PM 26 March 2026,1.48 kWh,$0.45,actual
05:00PM 26 March 2026,1.03 kWh,$0.33,actual
06:00PM 26 March 2026,1.40 kWh,$0.43,actual
07:00PM 26 March 2026,2.10 kWh,$0.62,actual
08:00PM 26 March 2026,2.68 kWh,$0.77,actual
09:00PM 26 March 2026,2.66 kWh,$0.50,actual
10:00PM 26 March 2026,2.12 kWh,$0.41,actual
11:00PM 26 March 2026,2.79 kWh,$0.53,actual
12:00AM 27 March 2026,4.19 kWh,$0.76,actual
01:00AM 27 March 2026,4.17 kWh,$0.76,actual
02:00AM 27 March 2026,2.75 kWh,$0.52,actual
03:00AM 27 March 2026,2.17 kWh,$0.42,actual
04:00AM 27 March 2026,0.94 kWh,$0.21,actual
05:00AM 27 March 2026,0.96 kWh,$0.22,actual
06:00AM 27 March 2026,1.25 kWh,$0.27,actual
07:00AM 27 March 2026,1.69 kWh,$0.51,actual
08:00AM 27 March 2026,1.26 kWh,$0.39,actual
09:00AM 27 March 2026,0.63 kWh,$0.22,actual
10:00AM 27 March 2026,0.43 kWh,$0.17,actual
11:00AM 27 March 2026,0.82 kWh,$0.28,actual
12:00PM 27 March 2026,0.77 kWh,$0.26,actual
01:00PM 27 March 2026,0.43 kWh,$0.17,actual
02:00PM 27 March 2026,1.47 kWh,$0.45,actual
03:00PM 27 March 2026,0.44 kWh,$0.17,actual
04:00PM 27 March 2026,0.75 kWh,$0.26,actual
05:00PM 27 March 2026,1.17 kWh,$0.37,actual
06:00PM 27 March 2026,3.47 kWh,$0.99,powerShout
07:00PM 27 March 2026,2.07 kWh,$0.61,actual
08:00PM 27 March 2026,2.28 kWh,$0.67,actual
09:00PM 27 March 2026,2.50 kWh,$0.48,actual
10:00PM 27 March 2026,1.90 kWh,$0.38,actual
11:00PM 27 March 2026,2.94 kWh,$0.55,actual
12:00AM 28 March 2026,4.50 kWh,$0.81,actual
01:00AM 28 March 2026,4.25 kWh,$0.77,actual
02:00AM 28 March 2026,4.17 kWh,$0.76,actual
03:00AM 28 March 2026,4.16 kWh,$0.75,actual
04:00AM 28 March 2026,1.16 kWh,$0.25,actual
05:00AM 28 March 2026,1.28 kWh,$0.27,actual
06:00AM 28 March 2026,1.25 kWh,$0.27,actual
07:00AM 28 March 2026,1.16 kWh,$0.37,actual
08:00AM 28 March 2026,0.58 kWh,$0.21,actual
09:00AM 28 March 2026,1.41 kWh,$0.43,actual
10:00AM 28 March 2026,1.25 kWh,$0.39,actual
11:00AM 28 March 2026,1.09 kWh,$0.35,actual
12:00PM 28 March 2026,1.12 kWh,$0.36,actual
01:00PM 28 March 2026,0.72 kWh,$0.25,actual
02:00PM 28 March 2026,0.41 kWh,$0.17,actual
03:00PM 28 March 2026,0.44 kWh,$0.17,actual
04:00PM 28 March 2026,0.49 kWh,$0.19,actual
05:00PM 28 March 2026,1.07 kWh,$0.34,actual
06:00PM 28 March 2026,1.96 kWh,$0.58,powerShout
07:00PM 28 March 2026,1.61 kWh,$0.49,actual
08:00PM 28 March 2026,2.09 kWh,$0.62,actual
09:00PM 28 March 2026,2.13 kWh,$0.41,actual
10:00PM 28 March 2026,1.81 kWh,$0.36,actual
11:00PM 28 March 2026,2.85 kWh,$0.54,actual
12:00AM 29 March 2026,4.17 kWh,$0.76,actual
01:00AM 29 March 2026,4.22 kWh,$0.76,actual
02:00AM 29 March 2026,4.14 kWh,$0.75,actual
03:00AM 29 March 2026,3.03 kWh,$0.57,actual
04:00AM 29 March 2026,1.30 kWh,$0.27,actual
05:00AM 29 March 2026,1.33 kWh,$0.28,actual
06:00AM 29 March 2026,2.10 kWh,$0.41,actual
07:00AM 29 March 2026,1.36 kWh,$0.42,actual
08:00AM 29 March 2026,1.26 kWh,$0.39,actual
09:00AM 29 March 2026,1.49 kWh,$0.45,actual
10:00AM 29 March 2026,0.53 kWh,$0.20,actual
11:00AM 29 March 2026,0.61 kWh,$0.22,actual
12:00PM 29 March 2026,1.20 kWh,$0.38,actual
01:00PM 29 March 2026,0.91 kWh,$0.30,actual
02:00PM 29 March 2026,0.90 kWh,$0.30,actual
03:00PM 29 March 2026,0.76 kWh,$0.26,actual
04:00PM 29 March 2026,1.17 kWh,$0.37,actual
05:00PM 29 March 2026,1.93 kWh,$0.57,actual
06:00PM 29 March 2026,2.96 kWh,$0.85,powerShout
07:00PM 29 March 2026,3.30 kWh,$0.94,actual
08:00PM 29 March 2026,2.75 kWh,$0.79,actual
09:00PM 29 March 2026,1.67 kWh,$0.34,actual
10:00PM 29 March 2026,1.81 kWh,$0.36,actual
11:00PM 29 March 2026,2.90 kWh,$0.54,actual
12:00AM 30 March 2026,4.19 kWh,$0.76,actual
01:00AM 30 March 2026,3.99 kWh,$0.73,actual
02:00AM 30 March 2026,3.94 kWh,$0.72,actual
03:00AM 30 March 2026,1.70 kWh,$0.34,actual
04:00AM 30 March 2026,1.09 kWh,$0.24,actual
05:00AM 30 March 2026,1.68 kWh,$0.34,actual
06:00AM 30 March 2026,1.39 kWh,$0.29,actual
07:00AM 30 March 2026,1.47 kWh,$0.45,actual
08:00AM 30 March 2026,0.66 kWh,$0.23,actual
09:00AM 30 March 2026,0.53 kWh,$0.20,actual
10:00AM 30 March 2026,0.79 kWh,$0.27,actual
11:00AM 30 March 2026,0.99 kWh,$0.32,actual
12:00PM 30 March 2026,1.01 kWh,$0.33,actual
01:00PM 30 March 2026,1.07 kWh,$0.34,actual
02:00PM 30 March 2026,2.05 kWh,$0.60,actual
03:00PM 30 March 2026,0.92 kWh,$0.30,actual
04:00PM 30 March 2026,1.13 kWh,$0.36,actual
05:00PM 30 March 2026,1.17 kWh,$0.37,actual
06:00PM 30 March 2026,2.22 kWh,$0.65,powerShout
07:00PM 30 March 2026,2.70 kWh,$0.78,actual
08:00PM 30 March 2026,2.28 kWh,$0.67,actual
09:00PM 30 March 2026,2.84 kWh,$0.53,actual
10:00PM 30 March 2026,2.05 kWh,$0.40,actual
11:00PM 30 March 2026,3.24 kWh,$0.60,actual
12:00AM 31 March 2026,4.58 kWh,$0.83,actual
01:00AM 31 March 2026,4.47 kWh,$0.81,actual
02:00AM 31 March 2026,4.51 kWh,$0.81,actual
03:00AM 31 March 2026,3.70 kWh,$0.68,actual
04:00AM 31 March 2026,1.68 kWh,$0.34,actual
05:00AM 31 March 2026,1.59 kWh,$0.32,actual
06:00AM 31 March 2026,1.31 kWh,$0.28,actual
07:00AM 31 March 2026,1.81 kWh,$0.54,actual
08:00AM 31 March 2026,1.03 kWh,$0.33,actual
09:00AM 31 March 2026,1.42 kWh,$0.44,actual
10:00AM 31 March 2026,0.76 kWh,$0.26,actual
11:00AM 31 March 2026,1.16 kWh,$0.37,actual
12:00PM 31 March 2026,0.78 kWh,$0.26,actual
01:00PM 31 March 2026,1.67 kWh,$0.50,actual
02:00PM 31 March 2026,0.81 kWh,$0.27,actual
03:00PM 31 March 2026,0.77 kWh,$0.26,actual
04:00PM 31 March 2026,1.56 kWh,$0.47,actual
05:00PM 31 March 2026,1.66 kWh,$0.50,actual
06:00PM 31 March 2026,2.46 kWh,$0.72,powerShout
07:00PM 31 March 2026,2.47 kWh,$0.72,actual
08:00PM 31 March 2026,2.48 kWh,$0.72,actual
09:00PM 31 March 2026,2.58 kWh,$0.49,actual
10:00PM 31 March 2026,2.23 kWh,$0.43,actual
11:00PM 31 March 2026,3.04 kWh,$0.57,actual
12:00AM 1 April 2026,4.48 kWh,$0.81,actual
01:00AM 1 April 2026,4.52 kWh,$0.82,actual
02:00AM 1 April 2026,4.53 kWh,$0.82,actual
03:00AM 1 April 2026,4.56 kWh,$0.82,actual
04:00AM 1 April 2026,2.65 kWh,$0.50,actual
05:00AM 1 April 2026,2.14 kWh,$0.41,actual
06:00AM 1 April 2026,1.84 kWh,$0.36,actual
07:00AM 1 April 2026,3.19 kWh,$0.91,actual
08:00AM 1 April 2026,2.00 kWh,$0.59,actual
09:00AM 1 April 2026,0.51 kWh,$0.19,actual
10:00AM 1 April 2026,0.87 kWh,$0.29,actual
11:00AM 1 April 2026,1.52 kWh,$0.46,actual
12:00PM 1 April 2026,1.46 kWh,$0.45,actual
01:00PM 1 April 2026,0.55 kWh,$0.20,actual
02:00PM 1 April 2026,2.09 kWh,$0.62,actual
03:00PM 1 April 2026,1.69 kWh,$0.51,actual
04:00PM 1 April 2026,0.98 kWh,$0.32,actual
05:00PM 1 April 2026,1.19 kWh,$0.38,actual
06:00PM 1 April 2026,1.70 kWh,$0.51,actual
07:00PM 1 April 2026,2.43 kWh,$0.71,actual
08:00PM 1 April 2026,2.14 kWh,$0.63,actual
09:00PM 1 April 2026,2.62 kWh,$0.50,actual
10:00PM 1 April 2026,2.12 kWh,$0.41,actual
11:00PM 1 April 2026,3.50 kWh,$0.64,actual
12:00AM 2 April 2026,4.53 kWh,$0.82,actual
01:00AM 2 April 2026,4.29 kWh,$0.78,actual
02:00AM 2 April 2026,4.29 kWh,$0.78,actual
03:00AM 2 April 2026,4.26 kWh,$0.77,actual
04:00AM 2 April 2026,2.18 kWh,$0.42,actual
05:00AM 2 April 2026,1.11 kWh,$0.24,actual
06:00AM 2 April 2026,2.28 kWh,$0.44,actual
07:00AM 2 April 2026,1.84 kWh,$0.55,actual
08:00AM 2 April 2026,1.14 kWh,$0.36,actual
09:00AM 2 April 2026,0.87 kWh,$0.29,actual
10:00AM 2 April 2026,0.95 kWh,$0.31,actual
11:00AM 2 April 2026,0.64 kWh,$0.23,actual
12:00PM 2 April 2026,0.75 kWh,$0.26,actual
01:00PM 2 April 2026,0.82 kWh,$0.28,actual
02:00PM 2 April 2026,0.49 kWh,$0.19,actual
03:00PM 2 April 2026,0.76 kWh,$0.26,actual
04:00PM 2 April 2026,0.57 kWh,$0.21,actual
05:00PM 2 April 2026,0.80 kWh,$0.27,actual
06:00PM 2 April 2026,0.76 kWh,$0.26,actual
07:00PM 2 April 2026,2.19 kWh,$0.64,actual
08:00PM 2 April 2026,2.07 kWh,$0.61,actual
09:00PM 2 April 2026,2.24 kWh,$0.43,actual
10:00PM 2 April 2026,1.72 kWh,$0.34,actual
11:00PM 2 April 2026,2.96 kWh,$0.55,actual
12:00AM 3 April 2026,4.27 kWh,$0.77,actual
01:00AM 3 April 2026,4.16 kWh,$0.76,actual
02:00AM 3 April 2026,4.16 kWh,$0.76,actual
03:00AM 3 April 2026,1.10 kWh,$0.24,actual
04:00AM 3 April 2026,1.07 kWh,$0.24,actual
05:00AM 3 April 2026,1.30 kWh,$0.27,actual
06:00AM 3 April 2026,1.19 kWh,$0.25,actual
07:00AM 3 April 2026,0.95 kWh,$0.31,actual
08:00AM 3 April 2026,1.07 kWh,$0.34,actual
09:00AM 3 April 2026,1.62 kWh,$0.49,actual
10:00AM 3 April 2026,0.87 kWh,$0.29,actual
11:00AM 3 April 2026,1.91 kWh,$0.57,actual
12:00PM 3 April 2026,1.34 kWh,$0.41,actual
01:00PM 3 April 2026,0.52 kWh,$0.19,actual
02:00PM 3 April 2026,0.39 kWh,$0.16,actual
03:00PM 3 April 2026,0.43 kWh,$0.17,actual
04:00PM 3 April 2026,0.64 kWh,$0.23,actual
05:00PM 3 April 2026,1.31 kWh,$0.41,actual
06:00PM 3 April 2026,1.32 kWh,$0.41,actual
07:00PM 3 April 2026,1.86 kWh,$0.55,actual
08:00PM 3 April 2026,1.60 kWh,$0.49,actual
09:00PM 3 April 2026,1.75 kWh,$0.35,actual
10:00PM 3 April 2026,1.78 kWh,$0.36,actual
11:00PM 3 April 2026,2.90 kWh,$0.54,actual
12:00AM 4 April 2026,4.00 kWh,$0.73,actual
01:00AM 4 April 2026,4.00 kWh,$0.73,actual
02:00AM 4 April 2026,3.99 kWh,$0.73,actual
03:00AM 4 April 2026,2.00 kWh,$0.39,actual
04:00AM 4 April 2026,1.20 kWh,$0.26,actual
05:00AM 4 April 2026,1.35 kWh,$0.28,actual
06:00AM 4 April 2026,0.72 kWh,$0.18,actual
07:00AM 4 April 2026,0.88 kWh,$0.29,actual
08:00AM 4 April 2026,0.65 kWh,$0.23,actual
09:00AM 4 April 2026,1.69 kWh,$0.51,actual
10:00AM 4 April 2026,1.43 kWh,$0.44,actual
11:00AM 4 April 2026,0.58 kWh,$0.21,actual
12:00PM 4 April 2026,0.77 kWh,$0.26,actual
01:00PM 4 April 2026,1.83 kWh,$0.55,actual
02:00PM 4 April 2026,1.03 kWh,$0.33,actual
03:00PM 4 April 2026,0.46 kWh,$0.18,actual
04:00PM 4 April 2026,1.02 kWh,$0.33,actual
05:00PM 4 April 2026,1.17 kWh,$0.37,actual
06:00PM 4 April 2026,1.74 kWh,$0.52,actual
07:00PM 4 April 2026,1.78 kWh,$0.53,actual
08:00PM 4 April 2026,2.06 kWh,$0.61,actual
09:00PM 4 April 2026,2.80 kWh,$0.53,actual
10:00PM 4 April 2026,1.86 kWh,$0.37,actual
11:00PM 4 April 2026,2.79 kWh,$0.53,actual
12:00AM 5 April 2026,4.43 kWh,$0.80,actual
01:00AM 5 April 2026,4.31 kWh,$0.78,actual
02:00AM 5 April 2026,4.34 kWh,$0.78,actual
02:00AM 5 April 2026,4.34 kWh,$0.78,actual
03:00AM 5 April 2026,3.03 kWh,$0.56,actual
04:00AM 5 April 2026,2.08 kWh,$0.40,actual
05:00AM 5 April 2026,1.14 kWh,$0.25,actual
06:00AM 5 April 2026,1.44 kWh,$0.30,actual
07:00AM 5 April 2026,1.34 kWh,$0.41,actual
08:00AM 5 April 2026,1.57 kWh,$0.47,actual
09:00AM 5 April 2026,3.32 kWh,$0.94,actual
10:00AM 5 April 2026,1.81 kWh,$0.54,actual
11:00AM 5 April 2026,1.81 kWh,$0.54,actual
12:00PM 5 April 2026,2.38 kWh,$0.69,actual
01:00PM 5 April 2026,0.92 kWh,$0.30,actual
02:00PM 5 April 2026,1.03 kWh,$0.33,actual
03:00PM 5 April 2026,1.73 kWh,$0.52,actual
04:00PM 5 April 2026,0.48 kWh,$0.18,actual
05:00PM 5 April 2026,0.82 kWh,$0.27,actual
06:00PM 5 April 2026,0.65 kWh,$0.23,actual
07:00PM 5 April 2026,1.67 kWh,$0.50,actual
08:00PM 5 April 2026,4.48 kWh,$1.26,actual
09:00PM 5 April 2026,2.95 kWh,$0.55,actual
10:00PM 5 April 2026,2.53 kWh,$0.48,actual
11:00PM 5 April 2026,3.03 kWh,$0.56,actual
12:00AM 6 April 2026,4.37 kWh,$0.79,actual
01:00AM 6 April 2026,4.36 kWh,$0.79,actual
02:00AM 6 April 2026,4.24 kWh,$0.77,actual
03:00AM 6 April 2026,1.63 kWh,$0.33,actual
04:00AM 6 April 2026,1.12 kWh,$0.24,actual
05:00AM 6 April 2026,1.61 kWh,$0.33,actual
06:00AM 6 April 2026,1.15 kWh,$0.25,actual
07:00AM 6 April 2026,1.02 kWh,$0.33,actual
08:00AM 6 April 2026,1.26 kWh,$0.39,actual
09:00AM 6 April 2026,0.72 kWh,$0.25,actual
10:00AM 6 April 2026,1.09 kWh,$0.35,actual
11:00AM 6 April 2026,0.81 kWh,$0.27,actual
12:00PM 6 April 2026,0.75 kWh,$0.26,actual
01:00PM 6 April 2026,0.94 kWh,$0.31,actual
02:00PM 6 April 2026,0.63 kWh,$0.22,actual
03:00PM 6 April 2026,0.85 kWh,$0.28,actual
04:00PM 6 April 2026,2.28 kWh,$0.67,actual
05:00PM 6 April 2026,2.04 kWh,$0.60,actual
06:00PM 6 April 2026,2.84 kWh,$0.82,actual
07:00PM 6 April 2026,3.04 kWh,$0.87,actual
08:00PM 6 April 2026,1.63 kWh,$0.49,actual
09:00PM 6 April 2026,1.22 kWh,$0.26,actual
10:00PM 6 April 2026,1.63 kWh,$0.33,actual
11:00PM 6 April 2026,2.77 kWh,$0.52,actual
12:00AM 7 April 2026,4.33 kWh,$0.78,actual
01:00AM 7 April 2026,4.33 kWh,$0.78,actual
02:00AM 7 April 2026,4.15 kWh,$0.75,actual
03:00AM 7 April 2026,1.07 kWh,$0.24,actual
04:00AM 7 April 2026,1.42 kWh,$0.29,actual
05:00AM 7 April 2026,1.38 kWh,$0.29,actual
06:00AM 7 April 2026,1.10 kWh,$0.24,actual
07:00AM 7 April 2026,1.08 kWh,$0.34,actual
08:00AM 7 April 2026,1.11 kWh,$0.35,actual
09:00AM 7 April 2026,2.17 kWh,$0.64,actual
10:00AM 7 April 2026,0.97 kWh,$0.32,actual
11:00AM 7 April 2026,0.80 kWh,$0.27,actual
12:00PM 7 April 2026,0.72 kWh,$0.25,actual
01:00PM 7 April 2026,1.50 kWh,$0.46,actual
02:00PM 7 April 2026,0.56 kWh,$0.21,actual
03:00PM 7 April 2026,0.95 kWh,$0.31,actual
04:00PM 7 April 2026,1.02 kWh,$0.33,actual
05:00PM 7 April 2026,1.87 kWh,$0.56,actual
06:00PM 7 April 2026,3.04 kWh,$0.87,actual
07:00PM 7 April 2026,2.13 kWh,$0.63,actual
08:00PM 7 April 2026,0.99 kWh,$0.32,actual
09:00PM 7 April 2026,2.40 kWh,$0.46,actual
10:00PM 7 April 2026,1.70 kWh,$0.34,actual
11:00PM 7 April 2026,2.96 kWh,$0.55,actual
12:00AM 8 April 2026,4.54 kWh,$0.82,actual
01:00AM 8 April 2026,4.43 kWh,$0.80,actual
02:00AM 8 April 2026,4.42 kWh,$0.80,actual
03:00AM 8 April 2026,3.35 kWh,$0.62,actual
04:00AM 8 April 2026,1.86 kWh,$0.37,actual
05:00AM 8 April 2026,1.79 kWh,$0.36,actual
06:00AM 8 April 2026,1.30 kWh,$0.27,actual
07:00AM 8 April 2026,1.46 kWh,$0.45,actual
08:00AM 8 April 2026,1.55 kWh,$0.47,actual
09:00AM 8 April 2026,1.41 kWh,$0.43,actual
10:00AM 8 April 2026,0.87 kWh,$0.29,actual
11:00AM 8 April 2026,0.88 kWh,$0.29,actual
12:00PM 8 April 2026,1.01 kWh,$0.33,actual
01:00PM 8 April 2026,0.74 kWh,$0.25,actual
02:00PM 8 April 2026,0.81 kWh,$0.27,actual
03:00PM 8 April 2026,0.59 kWh,$0.22,actual
04:00PM 8 April 2026,1.06 kWh,$0.34,actual
05:00PM 8 April 2026,1.44 kWh,$0.44,actual
06:00PM 8 April 2026,1.52 kWh,$0.46,actual
07:00PM 8 April 2026,2.10 kWh,$0.62,actual
08:00PM 8 April 2026,1.78 kWh,$0.53,actual
09:00PM 8 April 2026,1.84 kWh,$0.36,actual
10:00PM 8 April 2026,1.54 kWh,$0.31,actual
11:00PM 8 April 2026,2.53 kWh,$0.48,actual
12:00AM 9 April 2026,3.99 kWh,$0.73,actual
01:00AM 9 April 2026,3.91 kWh,$0.71,actual
02:00AM 9 April 2026,3.87 kWh,$0.71,actual
03:00AM 9 April 2026,3.88 kWh,$0.71,actual
04:00AM 9 April 2026,3.60 kWh,$0.66,actual
05:00AM 9 April 2026,0.72 kWh,$0.18,actual
06:00AM 9 April 2026,1.13 kWh,$0.25,actual
07:00AM 9 April 2026,0.90 kWh,$0.30,actual
08:00AM 9 April 2026,1.57 kWh,$0.48,actual
09:00AM 9 April 2026,1.44 kWh,$0.44,actual
10:00AM 9 April 2026,0.82 kWh,$0.28,actual
11:00AM 9 April 2026,0.58 kWh,$0.21,actual
12:00PM 9 April 2026,1.01 kWh,$0.33,actual
01:00PM 9 April 2026,1.36 kWh,$0.42,actual
02:00PM 9 April 2026,1.51 kWh,$0.46,actual
03:00PM 9 April 2026,0.59 kWh,$0.21,actual
04:00PM 9 April 2026,0.60 kWh,$0.22,actual
05:00PM 9 April 2026,1.33 kWh,$0.41,actual
06:00PM 9 April 2026,1.35 kWh,$0.42,actual
07:00PM 9 April 2026,1.74 kWh,$0.52,actual
08:00PM 9 April 2026,2.33 kWh,$0.68,actual
09:00PM 9 April 2026,1.79 kWh,$0.36,actual
10:00PM 9 April 2026,2.12 kWh,$0.41,actual
11:00PM 9 April 2026,2.66 kWh,$0.50,actual
12:00AM 10 April 2026,4.04 kWh,$0.74,actual
01:00AM 10 April 2026,3.98 kWh,$0.73,actual
02:00AM 10 April 2026,3.42 kWh,$0.63,actual
03:00AM 10 April 2026,1.39 kWh,$0.29,actual
04:00AM 10 April 2026,1.25 kWh,$0.27,actual
05:00AM 10 April 2026,1.15 kWh,$0.25,actual
06:00AM 10 April 2026,1.10 kWh,$0.24,actual
07:00AM 10 April 2026,0.82 kWh,$0.27,actual
08:00AM 10 April 2026,2.08 kWh,$0.61,actual
09:00AM 10 April 2026,1.46 kWh,$0.45,actual
10:00AM 10 April 2026,1.06 kWh,$0.34,actual
11:00AM 10 April 2026,0.64 kWh,$0.23,actual
12:00PM 10 April 2026,1.01 kWh,$0.33,actual
01:00PM 10 April 2026,0.84 kWh,$0.28,actual
02:00PM 10 April 2026,0.70 kWh,$0.24,actual
03:00PM 10 April 2026,0.49 kWh,$0.19,actual
04:00PM 10 April 2026,0.57 kWh,$0.21,actual
05:00PM 10 April 2026,1.26 kWh,$0.39,actual
06:00PM 10 April 2026,2.07 kWh,$0.61,actual
07:00PM 10 April 2026,2.80 kWh,$0.81,actual
08:00PM 10 April 2026,2.38 kWh,$0.69,actual
09:00PM 10 April 2026,2.78 kWh,$0.52,actual
10:00PM 10 April 2026,2.01 kWh,$0.39,actual
11:00PM 10 April 2026,2.69 kWh,$0.51,actual
12:00AM 11 April 2026,3.93 kWh,$0.72,actual
01:00AM 11 April 2026,3.86 kWh,$0.70,actual
02:00AM 11 April 2026,3.88 kWh,$0.71,actual
03:00AM 11 April 2026,3.90 kWh,$0.71,actual
04:00AM 11 April 2026,1.15 kWh,$0.25,actual
05:00AM 11 April 2026,0.92 kWh,$0.21,actual
06:00AM 11 April 2026,0.91 kWh,$0.21,actual
07:00AM 11 April 2026,0.97 kWh,$0.32,actual
08:00AM 11 April 2026,1.35 kWh,$0.42,actual
09:00AM 11 April 2026,0.95 kWh,$0.31,actual
10:00AM 11 April 2026,1.96 kWh,$0.58,actual
11:00AM 11 April 2026,1.34 kWh,$0.42,actual
12:00PM 11 April 2026,0.68 kWh,$0.24,actual
01:00PM 11 April 2026,0.65 kWh,$0.23,actual
02:00PM 11 April 2026,0.64 kWh,$0.23,actual
03:00PM 11 April 2026,0.74 kWh,$0.25,actual
04:00PM 11 April 2026,0.57 kWh,$0.21,actual
05:00PM 11 April 2026,1.49 kWh,$0.45,actual
06:00PM 11 April 2026,1.34 kWh,$0.42,actual
07:00PM 11 April 2026,1.45 kWh,$0.44,actual
08:00PM 11 April 2026,2.39 kWh,$0.70,actual
09:00PM 11 April 2026,1.91 kWh,$0.38,actual
10:00PM 11 April 2026,1.53 kWh,$0.31,actual
11:00PM 11 April 2026,2.28 kWh,$0.44,actual
12:00AM 12 April 2026,3.83 kWh,$0.70,actual
01:00AM 12 April 2026,3.80 kWh,$0.70,actual
02:00AM 12 April 2026,3.86 kWh,$0.70,actual
03:00AM 12 April 2026,3.95 kWh,$0.72,actual
04:00AM 12 April 2026,3.04 kWh,$0.57,actual
05:00AM 12 April 2026,0.62 kWh,$0.16,actual
06:00AM 12 April 2026,1.69 kWh,$0.34,actual
07:00AM 12 April 2026,0.84 kWh,$0.28,actual
08:00AM 12 April 2026,0.58 kWh,$0.21,actual
09:00AM 12 April 2026,1.41 kWh,$0.43,actual
10:00AM 12 April 2026,1.21 kWh,$0.38,actual
11:00AM 12 April 2026,1.15 kWh,$0.36,actual
12:00PM 12 April 2026,0.69 kWh,$0.24,actual
01:00PM 12 April 2026,0.72 kWh,$0.25,actual
02:00PM 12 April 2026,0.85 kWh,$0.28,actual
03:00PM 12 April 2026,0.72 kWh,$0.25,actual
04:00PM 12 April 2026,2.22 kWh,$0.65,actual
05:00PM 12 April 2026,2.30 kWh,$0.67,actual
06:00PM 12 April 2026,3.03 kWh,$0.87,actual
07:00PM 12 April 2026,1.76 kWh,$0.53,actual
08:00PM 12 April 2026,1.75 kWh,$0.53,actual
09:00PM 12 April 2026,2.63 kWh,$0.50,actual
10:00PM 12 April 2026,1.54 kWh,$0.31,actual
11:00PM 12 April 2026,2.62 kWh,$0.50,actual
12:00AM 13 April 2026,3.99 kWh,$0.73,actual
01:00AM 13 April 2026,4.02 kWh,$0.73,actual
02:00AM 13 April 2026,4.01 kWh,$0.73,actual
03:00AM 13 April 2026,3.98 kWh,$0.73,actual
04:00AM 13 April 2026,1.32 kWh,$0.28,actual
05:00AM 13 April 2026,1.16 kWh,$0.25,actual
06:00AM 13 April 2026,1.48 kWh,$0.30,actual
07:00AM 13 April 2026,1.30 kWh,$0.41,actual
08:00AM 13 April 2026,1.42 kWh,$0.44,actual
09:00AM 13 April 2026,0.53 kWh,$0.20,actual
10:00AM 13 April 2026,0.45 kWh,$0.18,actual
11:00AM 13 April 2026,0.69 kWh,$0.24,actual
12:00PM 13 April 2026,0.97 kWh,$0.32,actual
01:00PM 13 April 2026,0.50 kWh,$0.19,actual
02:00PM 13 April 2026,0.82 kWh,$0.28,actual
03:00PM 13 April 2026,0.86 kWh,$0.29,actual
04:00PM 13 April 2026,0.89 kWh,$0.29,actual
05:00PM 13 April 2026,1.56 kWh,$0.47,actual
06:00PM 13 April 2026,2.05 kWh,$0.61,actual
07:00PM 13 April 2026,2.94 kWh,$0.84,actual
08:00PM 13 April 2026,2.29 kWh,$0.67,actual
09:00PM 13 April 2026,3.15 kWh,$0.59,actual
10:00PM 13 April 2026,2.63 kWh,$0.50,actual
11:00PM 13 April 2026,3.35 kWh,$0.62,actual
12:00AM 14 April 2026,4.46 kWh,$0.80,actual
01:00AM 14 April 2026,4.32 kWh,$0.78,actual
02:00AM 14 April 2026,4.32 kWh,$0.78,actual
03:00AM 14 April 2026,4.40 kWh,$0.80,actual
04:00AM 14 April 2026,2.20 kWh,$0.43,actual
05:00AM 14 April 2026,1.73 kWh,$0.35,actual
06:00AM 14 April 2026,1.53 kWh,$0.31,actual
07:00AM 14 April 2026,1.22 kWh,$0.38,actual
08:00AM 14 April 2026,2.16 kWh,$0.63,actual
09:00AM 14 April 2026,1.24 kWh,$0.39,actual
10:00AM 14 April 2026,0.48 kWh,$0.19,actual
11:00AM 14 April 2026,0.63 kWh,$0.22,actual
12:00PM 14 April 2026,0.53 kWh,$0.20,actual
01:00PM 14 April 2026,0.92 kWh,$0.30,actual
02:00PM 14 April 2026,0.50 kWh,$0.19,actual
03:00PM 14 April 2026,0.82 kWh,$0.28,actual
04:00PM 14 April 2026,1.25 kWh,$0.39,actual
05:00PM 14 April 2026,1.45 kWh,$0.44,actual
06:00PM 14 April 2026,3.61 kWh,$1.02,actual
07:00PM 14 April 2026,2.48 kWh,$0.72,actual
08:00PM 14 April 2026,3.19 kWh,$0.91,actual
09:00PM 14 April 2026,2.27 kWh,$0.44,actual
10:00PM 14 April 2026,2.52 kWh,$0.48,actual
11:00PM 14 April 2026,3.34 kWh,$0.62,actual
12:00AM 15 April 2026,4.77 kWh,$0.86,actual
01:00AM 15 April 2026,5.08 kWh,$0.91,actual
02:00AM 15 April 2026,5.00 kWh,$0.90,actual
03:00AM 15 April 2026,4.27 kWh,$0.77,actual
04:00AM 15 April 2026,1.23 kWh,$0.26,actual
05:00AM 15 April 2026,1.48 kWh,$0.30,actual
06:00AM 15 April 2026,1.21 kWh,$0.26,actual
07:00AM 15 April 2026,1.92 kWh,$0.57,actual
08:00AM 15 April 2026,2.31 kWh,$0.68,actual
09:00AM 15 April 2026,1.95 kWh,$0.58,actual
10:00AM 15 April 2026,1.47 kWh,$0.45,actual
11:00AM 15 April 2026,1.67 kWh,$0.50,actual
12:00PM 15 April 2026,1.64 kWh,$0.50,actual
01:00PM 15 April 2026,1.15 kWh,$0.36,actual
02:00PM 15 April 2026,1.06 kWh,$0.34,actual
03:00PM 15 April 2026,0.68 kWh,$0.24,actual
04:00PM 15 April 2026,1.26 kWh,$0.39,actual
05:00PM 15 April 2026,1.33 kWh,$0.41,actual
06:00PM 15 April 2026,2.50 kWh,$0.72,actual
07:00PM 15 April 2026,3.01 kWh,$0.86,actual
08:00PM 15 April 2026,1.66 kWh,$0.50,actual
09:00PM 15 April 2026,3.16 kWh,$0.59,actual
10:00PM 15 April 2026,2.73 kWh,$0.52,actual
11:00PM 15 April 2026,3.18 kWh,$0.59,actual
12:00AM 16 April 2026,4.42 kWh,$0.80,actual
01:00AM 16 April 2026,4.45 kWh,$0.80,actual
02:00AM 16 April 2026,4.39 kWh,$0.79,actual
03:00AM 16 April 2026,4.41 kWh,$0.80,actual
04:00AM 16 April 2026,3.42 kWh,$0.63,actual
05:00AM 16 April 2026,1.71 kWh,$0.34,actual
06:00AM 16 April 2026,1.61 kWh,$0.33,actual
07:00AM 16 April 2026,1.92 kWh,$0.57,actual
08:00AM 16 April 2026,2.36 kWh,$0.69,actual
09:00AM 16 April 2026,1.74 kWh,$0.52,actual
10:00AM 16 April 2026,1.61 kWh,$0.49,actual
11:00AM 16 April 2026,0.91 kWh,$0.30,actual
12:00PM 16 April 2026,1.35 kWh,$0.42,actual
01:00PM 16 April 2026,0.94 kWh,$0.31,actual
02:00PM 16 April 2026,0.75 kWh,$0.26,actual
03:00PM 16 April 2026,0.79 kWh,$0.27,actual
04:00PM 16 April 2026,0.90 kWh,$0.30,actual
05:00PM 16 April 2026,0.94 kWh,$0.31,actual
06:00PM 16 April 2026,2.05 kWh,$0.61,actual
07:00PM 16 April 2026,2.07 kWh,$0.61,actual
08:00PM 16 April 2026,1.52 kWh,$0.46,actual
09:00PM 16 April 2026,3.38 kWh,$0.62,actual
10:00PM 16 April 2026,3.64 kWh,$0.67,actual
11:00PM 16 April 2026,3.22 kWh,$0.60,actual
12:00AM 17 April 2026,4.63 kWh,$0.83,actual
01:00AM 17 April 2026,4.63 kWh,$0.83,actual
02:00AM 17 April 2026,4.55 kWh,$0.82,actual
03:00AM 17 April 2026,4.09 kWh,$0.74,actual
04:00AM 17 April 2026,1.60 kWh,$0.33,actual
05:00AM 17 April 2026,1.54 kWh,$0.31,actual
06:00AM 17 April 2026,1.63 kWh,$0.33,actual
07:00AM 17 April 2026,1.60 kWh,$0.49,actual
08:00AM 17 April 2026,2.17 kWh,$0.64,actual
09:00AM 17 April 2026,1.48 kWh,$0.45,actual
10:00AM 17 April 2026,0.61 kWh,$0.22,actual
11:00AM 17 April 2026,1.63 kWh,$0.49,actual
12:00PM 17 April 2026,0.92 kWh,$0.30,actual
01:00PM 17 April 2026,2.64 kWh,$0.76,actual
02:00PM 17 April 2026,1.05 kWh,$0.34,actual
03:00PM 17 April 2026,0.67 kWh,$0.24,actual
04:00PM 17 April 2026,0.77 kWh,$0.26,actual
05:00PM 17 April 2026,2.26 kWh,$0.66,actual
06:00PM 17 April 2026,2.29 kWh,$0.67,actual
07:00PM 17 April 2026,2.47 kWh,$0.72,actual
08:00PM 17 April 2026,1.61 kWh,$0.49,actual
09:00PM 17 April 2026,2.31 kWh,$0.44,actual
10:00PM 17 April 2026,2.03 kWh,$0.40,actual
11:00PM 17 April 2026,3.27 kWh,$0.61,actual
12:00AM 18 April 2026,4.43 kWh,$0.80,actual
01:00AM 18 April 2026,4.44 kWh,$0.80,actual
02:00AM 18 April 2026,3.61 kWh,$0.66,actual
03:00AM 18 April 2026,1.35 kWh,$0.28,actual
04:00AM 18 April 2026,1.41 kWh,$0.29,actual
05:00AM 18 April 2026,1.15 kWh,$0.25,actual
06:00AM 18 April 2026,1.64 kWh,$0.33,actual
07:00AM 18 April 2026,0.88 kWh,$0.29,actual
08:00AM 18 April 2026,0.58 kWh,$0.21,actual
09:00AM 18 April 2026,0.99 kWh,$0.32,actual
10:00AM 18 April 2026,1.54 kWh,$0.47,actual
11:00AM 18 April 2026,1.48 kWh,$0.45,actual
12:00PM 18 April 2026,1.47 kWh,$0.45,actual
01:00PM 18 April 2026,0.54 kWh,$0.20,actual
02:00PM 18 April 2026,0.47 kWh,$0.18,actual
03:00PM 18 April 2026,0.52 kWh,$0.19,actual
04:00PM 18 April 2026,0.89 kWh,$0.29,actual
05:00PM 18 April 2026,1.38 kWh,$0.43,actual
06:00PM 18 April 2026,1.81 kWh,$0.54,actual
07:00PM 18 April 2026,2.05 kWh,$0.60,actual
08:00PM 18 April 2026,1.54 kWh,$0.47,actual
09:00PM 18 April 2026,2.02 kWh,$0.40,actual
10:00PM 18 April 2026,1.79 kWh,$0.36,actual
11:00PM 18 April 2026,3.09 kWh,$0.58,actual
12:00AM 19 April 2026,4.45 kWh,$0.80,actual
01:00AM 19 April 2026,4.43 kWh,$0.80,actual
02:00AM 19 April 2026,4.49 kWh,$0.81,actual
03:00AM 19 April 2026,4.47 kWh,$0.81,actual
04:00AM 19 April 2026,1.59 kWh,$0.32,actual
05:00AM 19 April 2026,1.69 kWh,$0.34,actual
06:00AM 19 April 2026,2.13 kWh,$0.41,actual
07:00AM 19 April 2026,2.33 kWh,$0.68,actual
08:00AM 19 April 2026,2.07 kWh,$0.61,actual
09:00AM 19 April 2026,1.86 kWh,$0.55,actual
10:00AM 19 April 2026,1.18 kWh,$0.37,actual
11:00AM 19 April 2026,0.58 kWh,$0.21,actual
12:00PM 19 April 2026,1.23 kWh,$0.39,actual
01:00PM 19 April 2026,0.87 kWh,$0.29,actual
02:00PM 19 April 2026,0.60 kWh,$0.22,actual
03:00PM 19 April 2026,0.48 kWh,$0.18,actual
04:00PM 19 April 2026,0.65 kWh,$0.23,actual
05:00PM 19 April 2026,0.94 kWh,$0.31,actual
06:00PM 19 April 2026,2.74 kWh,$0.79,actual
07:00PM 19 April 2026,2.54 kWh,$0.74,actual
08:00PM 19 April 2026,3.06 kWh,$0.88,actual
09:00PM 19 April 2026,3.58 kWh,$0.66,actual
10:00PM 19 April 2026,3.41 kWh,$0.63,actual
11:00PM 19 April 2026,3.79 kWh,$0.69,actual
12:00AM 20 April 2026,4.83 kWh,$0.87,actual
01:00AM 20 April 2026,4.60 kWh,$0.83,actual
02:00AM 20 April 2026,4.43 kWh,$0.80,actual
03:00AM 20 April 2026,4.49 kWh,$0.81,actual
04:00AM 20 April 2026,2.84 kWh,$0.53,actual
05:00AM 20 April 2026,1.62 kWh,$0.33,actual
06:00AM 20 April 2026,2.62 kWh,$0.50,actual
07:00AM 20 April 2026,1.99 kWh,$0.59,actual
08:00AM 20 April 2026,0.67 kWh,$0.23,actual
09:00AM 20 April 2026,0.66 kWh,$0.23,actual
10:00AM 20 April 2026,0.75 kWh,$0.26,actual
11:00AM 20 April 2026,1.15 kWh,$0.36,actual
12:00PM 20 April 2026,0.55 kWh,$0.20,actual
01:00PM 20 April 2026,0.38 kWh,$0.16,actual
02:00PM 20 April 2026,1.55 kWh,$0.47,actual
03:00PM 20 April 2026,1.81 kWh,$0.54,actual
04:00PM 20 April 2026,3.85 kWh,$1.09,actual
05:00PM 20 April 2026,3.73 kWh,$1.06,actual
06:00PM 20 April 2026,4.05 kWh,$1.14,actual
07:00PM 20 April 2026,2.86 kWh,$0.82,actual
08:00PM 20 April 2026,2.71 kWh,$0.78,actual
09:00PM 20 April 2026,3.46 kWh,$0.64,actual
10:00PM 20 April 2026,3.03 kWh,$0.57,actual
11:00PM 20 April 2026,3.94 kWh,$0.72,actual
12:00AM 21 April 2026,4.72 kWh,$0.85,actual
01:00AM 21 April 2026,4.57 kWh,$0.82,actual
02:00AM 21 April 2026,5.39 kWh,$0.96,actual
03:00AM 21 April 2026,4.55 kWh,$0.82,actual
04:00AM 21 April 2026,1.34 kWh,$0.28,actual
05:00AM 21 April 2026,1.71 kWh,$0.34,actual
06:00AM 21 April 2026,1.88 kWh,$0.37,actual
07:00AM 21 April 2026,2.77 kWh,$0.80,actual
08:00AM 21 April 2026,3.30 kWh,$0.94,actual
09:00AM 21 April 2026,1.54 kWh,$0.47,actual
10:00AM 21 April 2026,1.66 kWh,$0.50,actual
11:00AM 21 April 2026,1.16 kWh,$0.37,actual
12:00PM 21 April 2026,1.65 kWh,$0.50,actual
01:00PM 21 April 2026,1.48 kWh,$0.45,actual
02:00PM 21 April 2026,1.10 kWh,$0.35,actual
03:00PM 21 April 2026,0.50 kWh,$0.19,actual
04:00PM 21 April 2026,1.82 kWh,$0.54,actual
05:00PM 21 April 2026,3.88 kWh,$1.10,actual
06:00PM 21 April 2026,5.68 kWh,$1.58,actual
07:00PM 21 April 2026,4.80 kWh,$1.34,actual
08:00PM 21 April 2026,3.34 kWh,$0.95,actual
09:00PM 21 April 2026,3.34 kWh,$0.62,actual
10:00PM 21 April 2026,3.41 kWh,$0.63,actual
11:00PM 21 April 2026,3.69 kWh,$0.68,actual
12:00AM 22 April 2026,4.99 kWh,$0.89,actual
01:00AM 22 April 2026,4.56 kWh,$0.82,actual
02:00AM 22 April 2026,4.56 kWh,$0.82,actual
03:00AM 22 April 2026,4.19 kWh,$0.76,actual
04:00AM 22 April 2026,3.07 kWh,$0.57,actual
05:00AM 22 April 2026,2.47 kWh,$0.47,actual
06:00AM 22 April 2026,3.25 kWh,$0.60,actual
07:00AM 22 April 2026,2.89 kWh,$0.83,actual
08:00AM 22 April 2026,1.86 kWh,$0.55,actual
09:00AM 22 April 2026,1.25 kWh,$0.39,actual
10:00AM 22 April 2026,1.50 kWh,$0.46,actual
11:00AM 22 April 2026,0.98 kWh,$0.32,actual
12:00PM 22 April 2026,1.18 kWh,$0.37,actual
01:00PM 22 April 2026,1.64 kWh,$0.50,actual
02:00PM 22 April 2026,1.73 kWh,$0.52,actual
03:00PM 22 April 2026,1.54 kWh,$0.47,actual
04:00PM 22 April 2026,3.22 kWh,$0.92,actual
05:00PM 22 April 2026,2.58 kWh,$0.75,actual
06:00PM 22 April 2026,5.42 kWh,$1.51,actual
07:00PM 22 April 2026,2.80 kWh,$0.81,actual
08:00PM 22 April 2026,2.75 kWh,$0.79,actual
09:00PM 22 April 2026,2.70 kWh,$0.51,actual
10:00PM 22 April 2026,2.98 kWh,$0.56,actual
11:00PM 22 April 2026,3.72 kWh,$0.68,actual
12:00AM 23 April 2026,4.55 kWh,$0.82,actual
01:00AM 23 April 2026,4.49 kWh,$0.81,actual
02:00AM 23 April 2026,4.52 kWh,$0.82,actual
03:00AM 23 April 2026,4.45 kWh,$0.80,actual
04:00AM 23 April 2026,1.86 kWh,$0.37,actual
05:00AM 23 April 2026,1.60 kWh,$0.33,actual
06:00AM 23 April 2026,2.01 kWh,$0.39,actual
07:00AM 23 April 2026,4.43 kWh,$1.24,actual
08:00AM 23 April 2026,2.88 kWh,$0.83,actual
09:00AM 23 April 2026,2.80 kWh,$0.81,actual
10:00AM 23 April 2026,1.11 kWh,$0.35,actual
11:00AM 23 April 2026,1.58 kWh,$0.48,actual
12:00PM 23 April 2026,1.28 kWh,$0.40,actual
01:00PM 23 April 2026,0.48 kWh,$0.19,actual
02:00PM 23 April 2026,0.70 kWh,$0.24,actual
03:00PM 23 April 2026,0.64 kWh,$0.23,actual
04:00PM 23 April 2026,1.07 kWh,$0.34,actual
05:00PM 23 April 2026,1.46 kWh,$0.45,actual
06:00PM 23 April 2026,2.05 kWh,$0.60,actual
07:00PM 23 April 2026,2.66 kWh,$0.77,actual
08:00PM 23 April 2026,1.93 kWh,$0.57,actual
09:00PM 23 April 2026,3.40 kWh,$0.63,actual
10:00PM 23 April 2026,3.35 kWh,$0.62,actual
11:00PM 23 April 2026,3.94 kWh,$0.72,actual
12:00AM 24 April 2026,5.01 kWh,$0.90,actual
01:00AM 24 April 2026,5.05 kWh,$0.90,actual
02:00AM 24 April 2026,5.08 kWh,$0.91,actual
03:00AM 24 April 2026,2.82 kWh,$0.53,actual
04:00AM 24 April 2026,2.47 kWh,$0.47,actual
05:00AM 24 April 2026,2.44 kWh,$0.47,actual
06:00AM 24 April 2026,4.10 kWh,$0.74,actual
07:00AM 24 April 2026,3.74 kWh,$1.06,actual
08:00AM 24 April 2026,1.75 kWh,$0.52,actual
09:00AM 24 April 2026,2.04 kWh,$0.60,actual
10:00AM 24 April 2026,1.72 kWh,$0.52,actual
11:00AM 24 April 2026,2.32 kWh,$0.68,actual
12:00PM 24 April 2026,1.32 kWh,$0.41,actual
01:00PM 24 April 2026,0.94 kWh,$0.31,actual
02:00PM 24 April 2026,1.50 kWh,$0.46,actual
03:00PM 24 April 2026,0.63 kWh,$0.23,actual
04:00PM 24 April 2026,1.25 kWh,$0.39,actual
05:00PM 24 April 2026,3.37 kWh,$0.96,actual
06:00PM 24 April 2026,4.45 kWh,$1.25,actual
07:00PM 24 April 2026,3.26 kWh,$0.93,actual
08:00PM 24 April 2026,1.96 kWh,$0.58,actual
09:00PM 24 April 2026,3.27 kWh,$0.61,actual
10:00PM 24 April 2026,3.38 kWh,$0.62,actual
11:00PM 24 April 2026,4.31 kWh,$0.78,actual
12:00AM 25 April 2026,4.62 kWh,$0.83,actual
01:00AM 25 April 2026,4.69 kWh,$0.84,actual
02:00AM 25 April 2026,4.29 kWh,$0.78,actual
03:00AM 25 April 2026,4.56 kWh,$0.82,actual
04:00AM 25 April 2026,3.24 kWh,$0.60,actual
05:00AM 25 April 2026,1.99 kWh,$0.39,actual
06:00AM 25 April 2026,1.60 kWh,$0.32,actual
07:00AM 25 April 2026,2.07 kWh,$0.61,actual
08:00AM 25 April 2026,3.02 kWh,$0.87,actual
09:00AM 25 April 2026,2.22 kWh,$0.65,actual
10:00AM 25 April 2026,1.72 kWh,$0.52,actual
11:00AM 25 April 2026,1.39 kWh,$0.43,actual
12:00PM 25 April 2026,1.51 kWh,$0.46,actual
01:00PM 25 April 2026,0.82 kWh,$0.28,actual
02:00PM 25 April 2026,0.68 kWh,$0.24,actual
03:00PM 25 April 2026,0.77 kWh,$0.26,actual
04:00PM 25 April 2026,0.75 kWh,$0.26,actual
05:00PM 25 April 2026,1.66 kWh,$0.50,actual
06:00PM 25 April 2026,1.68 kWh,$0.51,actual
07:00PM 25 April 2026,2.15 kWh,$0.63,actual
08:00PM 25 April 2026,1.54 kWh,$0.47,actual
09:00PM 25 April 2026,3.00 kWh,$0.56,actual
10:00PM 25 April 2026,3.44 kWh,$0.63,actual
11:00PM 25 April 2026,3.65 kWh,$0.67,actual
12:00AM 26 April 2026,4.41 kWh,$0.80,actual
01:00AM 26 April 2026,4.19 kWh,$0.76,actual
02:00AM 26 April 2026,4.15 kWh,$0.75,actual
03:00AM 26 April 2026,4.24 kWh,$0.77,actual
04:00AM 26 April 2026,2.95 kWh,$0.55,actual
05:00AM 26 April 2026,1.37 kWh,$0.29,actual
06:00AM 26 April 2026,2.07 kWh,$0.40,actual
07:00AM 26 April 2026,1.69 kWh,$0.51,actual
08:00AM 26 April 2026,2.05 kWh,$0.61,actual
09:00AM 26 April 2026,1.13 kWh,$0.36,actual
10:00AM 26 April 2026,1.15 kWh,$0.36,actual
11:00AM 26 April 2026,3.00 kWh,$0.86,actual
12:00PM 26 April 2026,1.57 kWh,$0.48,actual
01:00PM 26 April 2026,1.19 kWh,$0.37,actual
02:00PM 26 April 2026,1.31 kWh,$0.41,actual
03:00PM 26 April 2026,0.81 kWh,$0.27,actual
04:00PM 26 April 2026,0.97 kWh,$0.32,actual
05:00PM 26 April 2026,1.81 kWh,$0.54,actual
06:00PM 26 April 2026,2.34 kWh,$0.68,actual
07:00PM 26 April 2026,2.47 kWh,$0.72,actual
08:00PM 26 April 2026,1.27 kWh,$0.40,actual
09:00PM 26 April 2026,2.44 kWh,$0.47,actual
10:00PM 26 April 2026,2.09 kWh,$0.41,actual
11:00PM 26 April 2026,3.23 kWh,$0.60,actual
12:00AM 27 April 2026,4.32 kWh,$0.78,actual
01:00AM 27 April 2026,4.36 kWh,$0.79,actual
02:00AM 27 April 2026,4.33 kWh,$0.78,actual
03:00AM 27 April 2026,4.36 kWh,$0.79,actual
04:00AM 27 April 2026,2.44 kWh,$0.47,actual
05:00AM 27 April 2026,1.55 kWh,$0.32,actual
06:00AM 27 April 2026,1.22 kWh,$0.26,actual
07:00AM 27 April 2026,1.52 kWh,$0.46,actual
08:00AM 27 April 2026,2.08 kWh,$0.61,actual
09:00AM 27 April 2026,1.44 kWh,$0.44,actual
10:00AM 27 April 2026,1.75 kWh,$0.53,actual
11:00AM 27 April 2026,1.14 kWh,$0.36,actual
12:00PM 27 April 2026,0.69 kWh,$0.24,actual
01:00PM 27 April 2026,1.30 kWh,$0.40,actual
02:00PM 27 April 2026,0.69 kWh,$0.24,actual
03:00PM 27 April 2026,0.58 kWh,$0.21,actual
04:00PM 27 April 2026,0.88 kWh,$0.29,actual
05:00PM 27 April 2026,1.22 kWh,$0.38,actual
06:00PM 27 April 2026,2.26 kWh,$0.66,actual
07:00PM 27 April 2026,2.95 kWh,$0.85,actual
08:00PM 27 April 2026,1.84 kWh,$0.55,actual
09:00PM 27 April 2026,3.52 kWh,$0.65,actual
10:00PM 27 April 2026,2.73 kWh,$0.52,actual
11:00PM 27 April 2026,3.16 kWh,$0.59,actual
12:00AM 28 April 2026,4.44 kWh,$0.80,actual
01:00AM 28 April 2026,4.45 kWh,$0.80,actual
02:00AM 28 April 2026,4.39 kWh,$0.79,actual
03:00AM 28 April 2026,4.29 kWh,$0.78,actual
04:00AM 28 April 2026,1.83 kWh,$0.36,actual
05:00AM 28 April 2026,3.27 kWh,$0.60,actual
06:00AM 28 April 2026,1.83 kWh,$0.36,actual
07:00AM 28 April 2026,3.58 kWh,$1.01,actual
08:00AM 28 April 2026,0.71 kWh,$0.25,actual
09:00AM 28 April 2026,0.54 kWh,$0.20,actual
10:00AM 28 April 2026,0.53 kWh,$0.20,actual
11:00AM 28 April 2026,1.22 kWh,$0.38,actual
12:00PM 28 April 2026,1.69 kWh,$0.51,actual
01:00PM 28 April 2026,1.95 kWh,$0.58,actual
02:00PM 28 April 2026,1.82 kWh,$0.54,actual
03:00PM 28 April 2026,1.31 kWh,$0.41,actual
04:00PM 28 April 2026,1.20 kWh,$0.38,actual
05:00PM 28 April 2026,1.08 kWh,$0.34,actual
06:00PM 28 April 2026,2.45 kWh,$0.71,actual
07:00PM 28 April 2026,2.50 kWh,$0.73,actual
08:00PM 28 April 2026,1.27 kWh,$0.40,actual
09:00PM 28 April 2026,2.82 kWh,$0.53,actual
10:00PM 28 April 2026,2.92 kWh,$0.55,actual
11:00PM 28 April 2026,3.48 kWh,$0.64,actual
12:00AM 29 April 2026,4.70 kWh,$0.85,actual
01:00AM 29 April 2026,4.74 kWh,$0.85,actual
02:00AM 29 April 2026,4.70 kWh,$0.85,actual
03:00AM 29 April 2026,2.17 kWh,$0.42,actual
04:00AM 29 April 2026,1.82 kWh,$0.36,actual
05:00AM 29 April 2026,1.56 kWh,$0.32,actual
06:00AM 29 April 2026,3.14 kWh,$0.58,actual
07:00AM 29 April 2026,2.52 kWh,$0.73,actual
08:00AM 29 April 2026,0.94 kWh,$0.31,actual
09:00AM 29 April 2026,1.23 kWh,$0.39,actual
10:00AM 29 April 2026,1.38 kWh,$0.42,actual
11:00AM 29 April 2026,1.82 kWh,$0.54,actual
12:00PM 29 April 2026,1.08 kWh,$0.35,actual
01:00PM 29 April 2026,0.96 kWh,$0.31,actual
02:00PM 29 April 2026,0.65 kWh,$0.23,actual
03:00PM 29 April 2026,0.75 kWh,$0.26,actual
04:00PM 29 April 2026,0.94 kWh,$0.31,actual
05:00PM 29 April 2026,1.57 kWh,$0.48,actual
06:00PM 29 April 2026,2.90 kWh,$0.83,actual
07:00PM 29 April 2026,2.73 kWh,$0.79,actual
08:00PM 29 April 2026,1.22 kWh,$0.38,actual
09:00PM 29 April 2026,2.77 kWh,$0.52,actual
10:00PM 29 April 2026,2.70 kWh,$0.51,actual
11:00PM 29 April 2026,3.42 kWh,$0.63,actual
12:00AM 30 April 2026,4.68 kWh,$0.84,actual
01:00AM 30 April 2026,4.56 kWh,$0.82,actual
02:00AM 30 April 2026,3.87 kWh,$0.71,actual
03:00AM 30 April 2026,2.33 kWh,$0.45,actual
04:00AM 30 April 2026,1.94 kWh,$0.38,actual
05:00AM 30 April 2026,1.48 kWh,$0.30,actual
06:00AM 30 April 2026,1.96 kWh,$0.39,actual
07:00AM 30 April 2026,2.28 kWh,$0.67,actual
08:00AM 30 April 2026,2.05 kWh,$0.60,actual
09:00AM 30 April 2026,0.87 kWh,$0.29,actual
10:00AM 30 April 2026,1.86 kWh,$0.56,actual
11:00AM 30 April 2026,0.60 kWh,$0.22,actual
12:00PM 30 April 2026,0.44 kWh,$0.17,actual
01:00PM 30 April 2026,0.45 kWh,$0.18,actual
02:00PM 30 April 2026,1.19 kWh,$0.38,actual
03:00PM 30 April 2026,0.83 kWh,$0.28,actual
04:00PM 30 April 2026,1.06 kWh,$0.34,actual
05:00PM 30 April 2026,0.95 kWh,$0.31,actual
06:00PM 30 April 2026,1.66 kWh,$0.50,actual
07:00PM 30 April 2026,2.79 kWh,$0.81,actual
08:00PM 30 April 2026,2.13 kWh,$0.63,actual
09:00PM 30 April 2026,3.64 kWh,$0.67,actual
10:00PM 30 April 2026,2.67 kWh,$0.50,actual
11:00PM 30 April 2026,3.82 kWh,$0.70,actual
12:00AM 1 May 2026,4.63 kWh,$0.83,actual
01:00AM 1 May 2026,4.33 kWh,$0.78,actual
02:00AM 1 May 2026,4.27 kWh,$0.77,actual
03:00AM 1 May 2026,4.28 kWh,$0.78,actual
04:00AM 1 May 2026,1.71 kWh,$0.34,actual
05:00AM 1 May 2026,1.44 kWh,$0.30,actual
06:00AM 1 May 2026,1.95 kWh,$0.38,actual
07:00AM 1 May 2026,1.98 kWh,$0.59,actual
08:00AM 1 May 2026,1.06 kWh,$0.34,actual
09:00AM 1 May 2026,0.96 kWh,$0.31,actual
10:00AM 1 May 2026,0.56 kWh,$0.21,actual
11:00AM 1 May 2026,0.84 kWh,$0.28,actual
12:00PM 1 May 2026,0.40 kWh,$0.16,actual
01:00PM 1 May 2026,0.62 kWh,$0.22,actual
02:00PM 1 May 2026,1.04 kWh,$0.33,actual
03:00PM 1 May 2026,0.58 kWh,$0.21,actual
04:00PM 1 May 2026,0.74 kWh,$0.25,actual
05:00PM 1 May 2026,1.71 kWh,$0.52,actual
06:00PM 1 May 2026,3.50 kWh,$0.99,actual
07:00PM 1 May 2026,1.63 kWh,$0.49,actual
08:00PM 1 May 2026,1.47 kWh,$0.45,actual
09:00PM 1 May 2026,3.30 kWh,$0.61,actual
10:00PM 1 May 2026,2.11 kWh,$0.41,actual
11:00PM 1 May 2026,3.33 kWh,$0.62,actual
12:00AM 2 May 2026,4.17 kWh,$0.76,actual
01:00AM 2 May 2026,4.21 kWh,$0.76,actual
02:00AM 2 May 2026,4.51 kWh,$0.81,actual
03:00AM 2 May 2026,4.02 kWh,$0.73,actual
04:00AM 2 May 2026,2.66 kWh,$0.50,actual
05:00AM 2 May 2026,1.57 kWh,$0.32,actual
06:00AM 2 May 2026,1.57 kWh,$0.32,actual
07:00AM 2 May 2026,2.24 kWh,$0.66,actual
08:00AM 2 May 2026,1.98 kWh,$0.59,actual
09:00AM 2 May 2026,1.88 kWh,$0.56,actual
10:00AM 2 May 2026,1.95 kWh,$0.58,actual
11:00AM 2 May 2026,1.79 kWh,$0.54,actual
12:00PM 2 May 2026,0.74 kWh,$0.25,actual
01:00PM 2 May 2026,0.79 kWh,$0.27,actual
02:00PM 2 May 2026,0.75 kWh,$0.26,actual
03:00PM 2 May 2026,0.65 kWh,$0.23,actual
04:00PM 2 May 2026,0.89 kWh,$0.29,actual
05:00PM 2 May 2026,1.50 kWh,$0.46,actual
06:00PM 2 May 2026,2.22 kWh,$0.65,actual
07:00PM 2 May 2026,3.23 kWh,$0.92,actual
08:00PM 2 May 2026,3.07 kWh,$0.88,actual
09:00PM 2 May 2026,3.43 kWh,$0.63,actual
10:00PM 2 May 2026,4.39 kWh,$0.79,actual
11:00PM 2 May 2026,3.87 kWh,$0.71,actual
12:00AM 3 May 2026,5.14 kWh,$0.92,actual
01:00AM 3 May 2026,4.53 kWh,$0.82,actual
02:00AM 3 May 2026,4.53 kWh,$0.82,actual
03:00AM 3 May 2026,3.52 kWh,$0.65,actual
04:00AM 3 May 2026,2.17 kWh,$0.42,actual
05:00AM 3 May 2026,1.34 kWh,$0.28,actual
06:00AM 3 May 2026,2.77 kWh,$0.52,actual
07:00AM 3 May 2026,2.17 kWh,$0.64,actual
08:00AM 3 May 2026,1.69 kWh,$0.51,actual
09:00AM 3 May 2026,1.72 kWh,$0.52,actual
10:00AM 3 May 2026,1.04 kWh,$0.34,actual
11:00AM 3 May 2026,0.87 kWh,$0.29,actual
12:00PM 3 May 2026,0.72 kWh,$0.25,actual
01:00PM 3 May 2026,1.07 kWh,$0.34,actual
02:00PM 3 May 2026,0.72 kWh,$0.25,actual
03:00PM 3 May 2026,0.66 kWh,$0.23,actual
04:00PM 3 May 2026,0.74 kWh,$0.25,actual
05:00PM 3 May 2026,1.70 kWh,$0.51,actual
06:00PM 3 May 2026,2.95 kWh,$0.85,actual
07:00PM 3 May 2026,3.21 kWh,$0.92,actual
08:00PM 3 May 2026,1.94 kWh,$0.58,actual
09:00PM 3 May 2026,3.52 kWh,$0.65,actual
10:00PM 3 May 2026,2.36 kWh,$0.45,actual
11:00PM 3 May 2026,3.81 kWh,$0.70,actual
12:00AM 4 May 2026,4.57 kWh,$0.82,actual
01:00AM 4 May 2026,4.59 kWh,$0.83,actual
02:00AM 4 May 2026,4.62 kWh,$0.83,actual
03:00AM 4 May 2026,2.63 kWh,$0.50,actual
04:00AM 4 May 2026,2.44 kWh,$0.47,actual
05:00AM 4 May 2026,1.34 kWh,$0.28,actual
06:00AM 4 May 2026,2.96 kWh,$0.55,actual
07:00AM 4 May 2026,2.12 kWh,$0.62,actual
08:00AM 4 May 2026,0.54 kWh,$0.20,actual
09:00AM 4 May 2026,0.75 kWh,$0.26,actual
10:00AM 4 May 2026,1.41 kWh,$0.43,actual
11:00AM 4 May 2026,2.16 kWh,$0.64,actual
12:00PM 4 May 2026,1.30 kWh,$0.41,actual
01:00PM 4 May 2026,0.45 kWh,$0.18,actual
02:00PM 4 May 2026,1.51 kWh,$0.46,actual
03:00PM 4 May 2026,2.45 kWh,$0.71,actual
04:00PM 4 May 2026,2.66 kWh,$0.77,actual
05:00PM 4 May 2026,3.48 kWh,$0.99,actual
06:00PM 4 May 2026,4.33 kWh,$1.22,actual
07:00PM 4 May 2026,2.96 kWh,$0.85,actual
08:00PM 4 May 2026,2.66 kWh,$0.77,actual
09:00PM 4 May 2026,3.97 kWh,$0.72,actual
10:00PM 4 May 2026,3.59 kWh,$0.66,actual
11:00PM 4 May 2026,3.66 kWh,$0.67,actual
12:00AM 5 May 2026,4.61 kWh,$0.83,actual
01:00AM 5 May 2026,4.61 kWh,$0.83,actual
02:00AM 5 May 2026,4.14 kWh,$0.75,actual
03:00AM 5 May 2026,2.05 kWh,$0.40,actual
04:00AM 5 May 2026,1.83 kWh,$0.36,actual
05:00AM 5 May 2026,2.11 kWh,$0.41,actual
06:00AM 5 May 2026,1.80 kWh,$0.36,actual
07:00AM 5 May 2026,2.28 kWh,$0.67,actual
08:00AM 5 May 2026,2.02 kWh,$0.60,actual
09:00AM 5 May 2026,2.28 kWh,$0.67,actual
10:00AM 5 May 2026,0.57 kWh,$0.21,actual
11:00AM 5 May 2026,0.48 kWh,$0.18,actual
12:00PM 5 May 2026,1.07 kWh,$0.34,actual
01:00PM 5 May 2026,1.24 kWh,$0.39,actual
02:00PM 5 May 2026,1.27 kWh,$0.40,actual
03:00PM 5 May 2026,1.39 kWh,$0.43,actual
04:00PM 5 May 2026,2.42 kWh,$0.71,actual
05:00PM 5 May 2026,2.65 kWh,$0.77,actual
06:00PM 5 May 2026,4.71 kWh,$1.32,actual
07:00PM 5 May 2026,4.63 kWh,$1.30,actual
08:00PM 5 May 2026,2.15 kWh,$0.63,actual
09:00PM 5 May 2026,3.57 kWh,$0.66,actual
10:00PM 5 May 2026,2.69 kWh,$0.51,actual
11:00PM 5 May 2026,3.31 kWh,$0.61,actual
12:00AM 6 May 2026,4.66 kWh,$0.84,actual
01:00AM 6 May 2026,4.67 kWh,$0.84,actual
02:00AM 6 May 2026,2.41 kWh,$0.46,actual
03:00AM 6 May 2026,1.82 kWh,$0.36,actual
04:00AM 6 May 2026,1.89 kWh,$0.37,actual
05:00AM 6 May 2026,1.99 kWh,$0.39,actual
06:00AM 6 May 2026,3.17 kWh,$0.59,actual
07:00AM 6 May 2026,3.27 kWh,$0.93,actual
08:00AM 6 May 2026,0.80 kWh,$0.27,actual
09:00AM 6 May 2026,0.80 kWh,$0.27,actual
10:00AM 6 May 2026,0.91 kWh,$0.30,actual
11:00AM 6 May 2026,1.10 kWh,$0.35,actual
12:00PM 6 May 2026,2.17 kWh,$0.64,actual
01:00PM 6 May 2026,1.12 kWh,$0.36,actual
02:00PM 6 May 2026,0.74 kWh,$0.25,actual
03:00PM 6 May 2026,1.17 kWh,$0.37,actual
04:00PM 6 May 2026,1.04 kWh,$0.34,actual
05:00PM 6 May 2026,2.85 kWh,$0.82,actual
06:00PM 6 May 2026,3.04 kWh,$0.87,actual
07:00PM 6 May 2026,2.79 kWh,$0.80,actual
08:00PM 6 May 2026,1.52 kWh,$0.46,actual
09:00PM 6 May 2026,2.72 kWh,$0.51,actual
10:00PM 6 May 2026,2.33 kWh,$0.45,actual
11:00PM 6 May 2026,3.31 kWh,$0.61,actual
12:00AM 7 May 2026,4.64 kWh,$0.84,actual
01:00AM 7 May 2026,4.67 kWh,$0.84,actual
02:00AM 7 May 2026,4.43 kWh,$0.80,actual
03:00AM 7 May 2026,2.13 kWh,$0.41,actual
04:00AM 7 May 2026,1.33 kWh,$0.28,actual
05:00AM 7 May 2026,1.62 kWh,$0.33,actual
06:00AM 7 May 2026,2.04 kWh,$0.40,actual
07:00AM 7 May 2026,1.99 kWh,$0.59,actual
08:00AM 7 May 2026,0.64 kWh,$0.23,actual
09:00AM 7 May 2026,1.18 kWh,$0.37,actual
10:00AM 7 May 2026,0.79 kWh,$0.27,actual
11:00AM 7 May 2026,0.88 kWh,$0.29,actual
12:00PM 7 May 2026,0.57 kWh,$0.21,actual
01:00PM 7 May 2026,0.56 kWh,$0.21,actual
02:00PM 7 May 2026,0.62 kWh,$0.22,actual
03:00PM 7 May 2026,0.63 kWh,$0.22,actual
04:00PM 7 May 2026,1.25 kWh,$0.39,actual
05:00PM 7 May 2026,0.76 kWh,$0.26,actual
06:00PM 7 May 2026,0.75 kWh,$0.26,actual
07:00PM 7 May 2026,1.90 kWh,$0.56,actual
08:00PM 7 May 2026,1.19 kWh,$0.38,actual
09:00PM 7 May 2026,2.40 kWh,$0.46,actual
10:00PM 7 May 2026,1.63 kWh,$0.33,actual
11:00PM 7 May 2026,2.92 kWh,$0.55,actual
12:00AM 8 May 2026,4.45 kWh,$0.80,actual
01:00AM 8 May 2026,4.45 kWh,$0.80,actual
02:00AM 8 May 2026,1.69 kWh,$0.34,actual
03:00AM 8 May 2026,1.72 kWh,$0.34,actual
04:00AM 8 May 2026,1.61 kWh,$0.33,actual
05:00AM 8 May 2026,1.24 kWh,$0.26,actual
06:00AM 8 May 2026,1.96 kWh,$0.39,actual
07:00AM 8 May 2026,2.04 kWh,$0.60,actual
08:00AM 8 May 2026,1.21 kWh,$0.38,actual
09:00AM 8 May 2026,0.60 kWh,$0.22,actual
10:00AM 8 May 2026,1.18 kWh,$0.37,actual
11:00AM 8 May 2026,0.66 kWh,$0.23,actual
12:00PM 8 May 2026,1.41 kWh,$0.43,actual
01:00PM 8 May 2026,0.87 kWh,$0.29,actual
02:00PM 8 May 2026,0.50 kWh,$0.19,actual
03:00PM 8 May 2026,0.51 kWh,$0.19,actual
04:00PM 8 May 2026,1.83 kWh,$0.55,actual
05:00PM 8 May 2026,1.51 kWh,$0.46,actual
06:00PM 8 May 2026,2.35 kWh,$0.69,actual
07:00PM 8 May 2026,2.28 kWh,$0.67,actual
08:00PM 8 May 2026,1.24 kWh,$0.39,actual
09:00PM 8 May 2026,2.13 kWh,$0.41,actual
10:00PM 8 May 2026,1.76 kWh,$0.35,actual
11:00PM 8 May 2026,3.00 kWh,$0.56,actual
12:00AM 9 May 2026,4.38 kWh,$0.79,actual
01:00AM 9 May 2026,4.51 kWh,$0.81,actual
02:00AM 9 May 2026,4.47 kWh,$0.81,actual
03:00AM 9 May 2026,1.67 kWh,$0.34,actual
04:00AM 9 May 2026,1.49 kWh,$0.31,actual
05:00AM 9 May 2026,1.72 kWh,$0.34,actual
06:00AM 9 May 2026,1.24 kWh,$0.26,actual
07:00AM 9 May 2026,1.25 kWh,$0.39,actual
08:00AM 9 May 2026,1.97 kWh,$0.58,actual
09:00AM 9 May 2026,1.34 kWh,$0.41,actual
10:00AM 9 May 2026,1.85 kWh,$0.55,actual
11:00AM 9 May 2026,1.76 kWh,$0.53,actual
12:00PM 9 May 2026,1.34 kWh,$0.42,actual
01:00PM 9 May 2026,0.74 kWh,$0.25,actual
02:00PM 9 May 2026,1.01 kWh,$0.33,actual
03:00PM 9 May 2026,1.26 kWh,$0.39,actual
04:00PM 9 May 2026,0.85 kWh,$0.28,actual
05:00PM 9 May 2026,1.01 kWh,$0.33,actual
06:00PM 9 May 2026,2.27 kWh,$0.67,actual
07:00PM 9 May 2026,1.76 kWh,$0.53,actual
08:00PM 9 May 2026,1.32 kWh,$0.41,actual
09:00PM 9 May 2026,3.74 kWh,$0.68,actual
10:00PM 9 May 2026,3.62 kWh,$0.66,actual
11:00PM 9 May 2026,3.58 kWh,$0.66,actual
12:00AM 10 May 2026,5.00 kWh,$0.90,actual
01:00AM 10 May 2026,4.80 kWh,$0.86,actual
02:00AM 10 May 2026,4.78 kWh,$0.86,actual
03:00AM 10 May 2026,3.05 kWh,$0.57,actual
04:00AM 10 May 2026,1.57 kWh,$0.32,actual
05:00AM 10 May 2026,1.89 kWh,$0.37,actual
06:00AM 10 May 2026,2.41 kWh,$0.46,actual
07:00AM 10 May 2026,2.29 kWh,$0.67,actual
08:00AM 10 May 2026,1.24 kWh,$0.39,actual
09:00AM 10 May 2026,0.58 kWh,$0.21,actual
10:00AM 10 May 2026,1.32 kWh,$0.41,actual
11:00AM 10 May 2026,1.18 kWh,$0.37,actual
12:00PM 10 May 2026,1.90 kWh,$0.56,actual
01:00PM 10 May 2026,2.32 kWh,$0.68,actual
02:00PM 10 May 2026,1.58 kWh,$0.48,actual
03:00PM 10 May 2026,2.14 kWh,$0.63,actual
04:00PM 10 May 2026,4.36 kWh,$1.23,actual
05:00PM 10 May 2026,4.28 kWh,$1.20,actual
06:00PM 10 May 2026,3.31 kWh,$0.94,actual
07:00PM 10 May 2026,3.33 kWh,$0.95,actual
08:00PM 10 May 2026,1.97 kWh,$0.58,actual
09:00PM 10 May 2026,4.10 kWh,$0.74,actual
10:00PM 10 May 2026,3.46 kWh,$0.64,actual
11:00PM 10 May 2026,3.54 kWh,$0.65,actual
12:00AM 11 May 2026,4.62 kWh,$0.83,actual
01:00AM 11 May 2026,4.64 kWh,$0.84,actual
02:00AM 11 May 2026,4.41 kWh,$0.80,actual
03:00AM 11 May 2026,1.90 kWh,$0.38,actual
04:00AM 11 May 2026,2.06 kWh,$0.40,actual
05:00AM 11 May 2026,2.13 kWh,$0.41,actual
06:00AM 11 May 2026,3.89 kWh,$0.71,actual
07:00AM 11 May 2026,2.93 kWh,$0.84,actual
08:00AM 11 May 2026,1.80 kWh,$0.54,actual
09:00AM 11 May 2026,0.59 kWh,$0.22,actual
10:00AM 11 May 2026,2.11 kWh,$0.62,actual
11:00AM 11 May 2026,2.15 kWh,$0.63,actual
12:00PM 11 May 2026,2.03 kWh,$0.60,actual
01:00PM 11 May 2026,1.01 kWh,$0.33,actual
02:00PM 11 May 2026,0.71 kWh,$0.25,actual
03:00PM 11 May 2026,1.10 kWh,$0.35,actual
04:00PM 11 May 2026,1.44 kWh,$0.44,actual
05:00PM 11 May 2026,3.05 kWh,$0.87,actual
06:00PM 11 May 2026,5.06 kWh,$1.41,actual
07:00PM 11 May 2026,2.65 kWh,$0.77,actual
08:00PM 11 May 2026,2.31 kWh,$0.67,actual
09:00PM 11 May 2026,3.52 kWh,$0.65,actual
10:00PM 11 May 2026,4.10 kWh,$0.74,actual
11:00PM 11 May 2026,4.06 kWh,$0.74,actual
12:00AM 12 May 2026,4.75 kWh,$0.85,actual
01:00AM 12 May 2026,4.82 kWh,$0.87,actual
02:00AM 12 May 2026,4.78 kWh,$0.86,actual
03:00AM 12 May 2026,2.21 kWh,$0.43,actual
04:00AM 12 May 2026,2.01 kWh,$0.39,actual
05:00AM 12 May 2026,1.45 kWh,$0.30,actual
06:00AM 12 May 2026,3.33 kWh,$0.62,actual
07:00AM 12 May 2026,2.31 kWh,$0.67,actual
08:00AM 12 May 2026,0.85 kWh,$0.28,actual
09:00AM 12 May 2026,0.42 kWh,$0.17,actual
10:00AM 12 May 2026,0.33 kWh,$0.14,actual
11:00AM 12 May 2026,1.26 kWh,$0.39,actual
12:00PM 12 May 2026,1.21 kWh,$0.38,actual
01:00PM 12 May 2026,1.15 kWh,$0.36,actual
02:00PM 12 May 2026,0.37 kWh,$0.16,actual
03:00PM 12 May 2026,0.45 kWh,$0.18,actual
04:00PM 12 May 2026,1.09 kWh,$0.35,actual
05:00PM 12 May 2026,2.16 kWh,$0.64,actual
06:00PM 12 May 2026,4.05 kWh,$1.14,actual
07:00PM 12 May 2026,3.44 kWh,$0.98,actual
08:00PM 12 May 2026,2.46 kWh,$0.72,actual
09:00PM 12 May 2026,3.89 kWh,$0.71,actual
10:00PM 12 May 2026,3.52 kWh,$0.65,actual
11:00PM 12 May 2026,3.87 kWh,$0.71,actual
12:00AM 13 May 2026,5.10 kWh,$0.91,actual
01:00AM 13 May 2026,4.88 kWh,$0.88,actual
02:00AM 13 May 2026,4.58 kWh,$0.83,actual
03:00AM 13 May 2026,1.63 kWh,$0.33,actual
04:00AM 13 May 2026,1.93 kWh,$0.38,actual
05:00AM 13 May 2026,1.64 kWh,$0.33,actual
06:00AM 13 May 2026,3.12 kWh,$0.58,actual
07:00AM 13 May 2026,2.35 kWh,$0.69,actual
08:00AM 13 May 2026,0.91 kWh,$0.30,actual
09:00AM 13 May 2026,1.27 kWh,$0.40,actual
10:00AM 13 May 2026,0.92 kWh,$0.30,actual
11:00AM 13 May 2026,1.37 kWh,$0.42,actual
12:00PM 13 May 2026,1.14 kWh,$0.36,actual
01:00PM 13 May 2026,1.13 kWh,$0.36,actual
02:00PM 13 May 2026,0.68 kWh,$0.24,actual
03:00PM 13 May 2026,0.43 kWh,$0.17,actual
04:00PM 13 May 2026,0.85 kWh,$0.28,actual
05:00PM 13 May 2026,2.20 kWh,$0.64,actual
06:00PM 13 May 2026,2.81 kWh,$0.81,actual
07:00PM 13 May 2026,3.07 kWh,$0.88,actual
08:00PM 13 May 2026,2.52 kWh,$0.73,actual
09:00PM 13 May 2026,3.32 kWh,$0.61,actual
10:00PM 13 May 2026,3.35 kWh,$0.62,actual
11:00PM 13 May 2026,3.13 kWh,$0.58,actual
12:00AM 14 May 2026,4.58 kWh,$0.83,actual
01:00AM 14 May 2026,4.66 kWh,$0.84,actual
02:00AM 14 May 2026,4.69 kWh,$0.84,actual
03:00AM 14 May 2026,2.50 kWh,$0.48,actual
04:00AM 14 May 2026,1.93 kWh,$0.38,actual
05:00AM 14 May 2026,1.91 kWh,$0.38,actual
06:00AM 14 May 2026,2.13 kWh,$0.41,actual
07:00AM 14 May 2026,2.91 kWh,$0.84,actual
08:00AM 14 May 2026,2.15 kWh,$0.63,actual
09:00AM 14 May 2026,1.88 kWh,$0.56,actual
10:00AM 14 May 2026,1.40 kWh,$0.43,actual
11:00AM 14 May 2026,0.97 kWh,$0.32,actual
12:00PM 14 May 2026,1.68 kWh,$0.51,actual
01:00PM 14 May 2026,1.34 kWh,$0.41,actual
02:00PM 14 May 2026,0.90 kWh,$0.30,actual
03:00PM 14 May 2026,0.88 kWh,$0.29,actual
04:00PM 14 May 2026,1.51 kWh,$0.46,actual
05:00PM 14 May 2026,0.81 kWh,$0.27,actual
06:00PM 14 May 2026,1.58 kWh,$0.48,actual
07:00PM 14 May 2026,4.11 kWh,$1.16,actual
08:00PM 14 May 2026,2.96 kWh,$0.85,actual
09:00PM 14 May 2026,3.79 kWh,$0.69,actual
10:00PM 14 May 2026,4.26 kWh,$0.77,actual
11:00PM 14 May 2026,4.24 kWh,$0.77,actual
12:00AM 15 May 2026,5.43 kWh,$0.97,actual
01:00AM 15 May 2026,4.93 kWh,$0.88,actual
02:00AM 15 May 2026,2.42 kWh,$0.46,actual
03:00AM 15 May 2026,1.96 kWh,$0.39,actual
04:00AM 15 May 2026,1.81 kWh,$0.36,actual
05:00AM 15 May 2026,1.77 kWh,$0.35,actual
06:00AM 15 May 2026,2.88 kWh,$0.54,actual
07:00AM 15 May 2026,2.28 kWh,$0.67,actual
08:00AM 15 May 2026,1.40 kWh,$0.43,actual
09:00AM 15 May 2026,0.51 kWh,$0.19,actual
10:00AM 15 May 2026,0.52 kWh,$0.19,actual
11:00AM 15 May 2026,1.93 kWh,$0.57,actual
12:00PM 15 May 2026,1.04 kWh,$0.34,actual
01:00PM 15 May 2026,1.48 kWh,$0.45,actual
02:00PM 15 May 2026,1.36 kWh,$0.42,actual
03:00PM 15 May 2026,0.73 kWh,$0.25,actual
04:00PM 15 May 2026,3.08 kWh,$0.88,actual
05:00PM 15 May 2026,2.27 kWh,$0.67,actual
06:00PM 15 May 2026,3.79 kWh,$1.07,actual
07:00PM 15 May 2026,4.28 kWh,$1.20,actual
08:00PM 15 May 2026,3.33 kWh,$0.95,actual
09:00PM 15 May 2026,2.41 kWh,$0.46,actual
10:00PM 15 May 2026,2.87 kWh,$0.54,actual
11:00PM 15 May 2026,3.13 kWh,$0.58,actual
12:00AM 16 May 2026,4.73 kWh,$0.85,actual
01:00AM 16 May 2026,4.50 kWh,$0.81,actual
02:00AM 16 May 2026,4.27 kWh,$0.77,actual
03:00AM 16 May 2026,1.88 kWh,$0.37,actual
04:00AM 16 May 2026,1.96 kWh,$0.39,actual
05:00AM 16 May 2026,2.95 kWh,$0.55,actual
06:00AM 16 May 2026,1.53 kWh,$0.31,actual
07:00AM 16 May 2026,1.14 kWh,$0.36,actual
08:00AM 16 May 2026,2.39 kWh,$0.70,actual
09:00AM 16 May 2026,1.87 kWh,$0.56,actual
10:00AM 16 May 2026,1.52 kWh,$0.46,actual
11:00AM 16 May 2026,1.19 kWh,$0.38,actual
12:00PM 16 May 2026,1.26 kWh,$0.39,actual
01:00PM 16 May 2026,0.88 kWh,$0.29,actual
02:00PM 16 May 2026,0.88 kWh,$0.29,actual
03:00PM 16 May 2026,0.88 kWh,$0.29,actual
04:00PM 16 May 2026,1.83 kWh,$0.55,actual
05:00PM 16 May 2026,1.81 kWh,$0.54,actual
06:00PM 16 May 2026,1.60 kWh,$0.49,actual
07:00PM 16 May 2026,2.14 kWh,$0.63,actual
08:00PM 16 May 2026,2.77 kWh,$0.80,actual
09:00PM 16 May 2026,4.27 kWh,$0.77,actual
10:00PM 16 May 2026,4.19 kWh,$0.76,actual
11:00PM 16 May 2026,3.92 kWh,$0.71,actual
12:00AM 17 May 2026,4.97 kWh,$0.89,actual
01:00AM 17 May 2026,4.91 kWh,$0.88,actual
02:00AM 17 May 2026,4.90 kWh,$0.88,actual
03:00AM 17 May 2026,5.00 kWh,$0.90,actual
04:00AM 17 May 2026,4.11 kWh,$0.75,actual
05:00AM 17 May 2026,2.43 kWh,$0.46,actual
06:00AM 17 May 2026,4.34 kWh,$0.79,actual
07:00AM 17 May 2026,3.00 kWh,$0.86,actual
08:00AM 17 May 2026,1.29 kWh,$0.40,actual
09:00AM 17 May 2026,0.54 kWh,$0.20,actual
10:00AM 17 May 2026,1.68 kWh,$0.51,actual
11:00AM 17 May 2026,0.53 kWh,$0.20,actual
12:00PM 17 May 2026,1.65 kWh,$0.50,actual
01:00PM 17 May 2026,1.23 kWh,$0.39,actual
02:00PM 17 May 2026,1.09 kWh,$0.35,actual
03:00PM 17 May 2026,1.19 kWh,$0.37,actual
04:00PM 17 May 2026,1.29 kWh,$0.40,actual
05:00PM 17 May 2026,2.01 kWh,$0.59,actual
06:00PM 17 May 2026,3.52 kWh,$1.00,actual
07:00PM 17 May 2026,2.86 kWh,$0.82,actual
08:00PM 17 May 2026,2.05 kWh,$0.60,actual
09:00PM 17 May 2026,3.08 kWh,$0.57,actual
10:00PM 17 May 2026,2.65 kWh,$0.50,actual
11:00PM 17 May 2026,3.38 kWh,$0.62,actual
12:00AM 18 May 2026,4.74 kWh,$0.85,actual
01:00AM 18 May 2026,4.67 kWh,$0.84,actual
02:00AM 18 May 2026,4.61 kWh,$0.83,actual
03:00AM 18 May 2026,3.95 kWh,$0.72,actual
04:00AM 18 May 2026,1.82 kWh,$0.36,actual
05:00AM 18 May 2026,1.40 kWh,$0.29,actual
06:00AM 18 May 2026,2.70 kWh,$0.51,actual
07:00AM 18 May 2026,2.07 kWh,$0.61,actual
08:00AM 18 May 2026,0.81 kWh,$0.27,actual
09:00AM 18 May 2026,0.51 kWh,$0.19,actual
10:00AM 18 May 2026,0.94 kWh,$0.31,actual
11:00AM 18 May 2026,1.19 kWh,$0.37,actual
12:00PM 18 May 2026,1.59 kWh,$0.48,actual
01:00PM 18 May 2026,0.57 kWh,$0.21,actual
02:00PM 18 May 2026,0.50 kWh,$0.19,actual
03:00PM 18 May 2026,2.29 kWh,$0.67,actual
04:00PM 18 May 2026,2.30 kWh,$0.67,actual
05:00PM 18 May 2026,3.40 kWh,$0.97,actual
06:00PM 18 May 2026,3.77 kWh,$1.07,actual
07:00PM 18 May 2026,4.53 kWh,$1.27,actual
08:00PM 18 May 2026,3.27 kWh,$0.93,actual
09:00PM 18 May 2026,3.32 kWh,$0.61,actual
10:00PM 18 May 2026,3.80 kWh,$0.70,actual
11:00PM 18 May 2026,3.81 kWh,$0.70,actual
12:00AM 19 May 2026,5.12 kWh,$0.92,actual
01:00AM 19 May 2026,4.96 kWh,$0.89,actual
02:00AM 19 May 2026,4.35 kWh,$0.79,actual
03:00AM 19 May 2026,2.37 kWh,$0.45,actual
04:00AM 19 May 2026,1.42 kWh,$0.29,actual
05:00AM 19 May 2026,1.82 kWh,$0.36,actual
06:00AM 19 May 2026,1.86 kWh,$0.37,actual
07:00AM 19 May 2026,2.96 kWh,$0.85,actual
08:00AM 19 May 2026,1.93 kWh,$0.57,actual
09:00AM 19 May 2026,1.74 kWh,$0.52,actual
10:00AM 19 May 2026,0.70 kWh,$0.24,actual
11:00AM 19 May 2026,1.19 kWh,$0.37,actual
12:00PM 19 May 2026,2.41 kWh,$0.70,actual
01:00PM 19 May 2026,0.97 kWh,$0.32,actual
02:00PM 19 May 2026,0.67 kWh,$0.24,actual
03:00PM 19 May 2026,1.57 kWh,$0.48,actual
04:00PM 19 May 2026,2.60 kWh,$0.75,actual
05:00PM 19 May 2026,3.18 kWh,$0.91,actual
06:00PM 19 May 2026,4.52 kWh,$1.27,actual
07:00PM 19 May 2026,3.95 kWh,$1.12,actual
08:00PM 19 May 2026,2.46 kWh,$0.72,actual
09:00PM 19 May 2026,2.80 kWh,$0.53,actual
10:00PM 19 May 2026,3.17 kWh,$0.59,actual
11:00PM 19 May 2026,4.00 kWh,$0.73,actual
12:00AM 20 May 2026,5.58 kWh,$0.99,actual
01:00AM 20 May 2026,4.74 kWh,$0.85,actual
02:00AM 20 May 2026,4.71 kWh,$0.85,actual
03:00AM 20 May 2026,3.21 kWh,$0.59,actual
04:00AM 20 May 2026,2.13 kWh,$0.41,actual
05:00AM 20 May 2026,1.94 kWh,$0.38,actual
06:00AM 20 May 2026,1.61 kWh,$0.33,actual
07:00AM 20 May 2026,2.86 kWh,$0.82,actual
08:00AM 20 May 2026,2.39 kWh,$0.70,actual
09:00AM 20 May 2026,2.19 kWh,$0.64,actual
10:00AM 20 May 2026,0.89 kWh,$0.29,actual
11:00AM 20 May 2026,0.91 kWh,$0.30,actual
12:00PM 20 May 2026,1.19 kWh,$0.38,actual
01:00PM 20 May 2026,1.04 kWh,$0.33,actual
02:00PM 20 May 2026,0.91 kWh,$0.30,actual
03:00PM 20 May 2026,2.38 kWh,$0.69,actual
04:00PM 20 May 2026,1.87 kWh,$0.56,actual
05:00PM 20 May 2026,1.57 kWh,$0.48,actual
06:00PM 20 May 2026,3.65 kWh,$1.03,actual
07:00PM 20 May 2026,4.46 kWh,$1.25,actual
08:00PM 20 May 2026,2.87 kWh,$0.83,actual
09:00PM 20 May 2026,4.01 kWh,$0.73,actual
10:00PM 20 May 2026,3.31 kWh,$0.61,actual
11:00PM 20 May 2026,3.96 kWh,$0.72,actual
12:00AM 21 May 2026,4.89 kWh,$0.88,actual
01:00AM 21 May 2026,4.79 kWh,$0.86,actual
02:00AM 21 May 2026,4.77 kWh,$0.86,actual
03:00AM 21 May 2026,4.75 kWh,$0.85,actual
04:00AM 21 May 2026,4.72 kWh,$0.85,actual
05:00AM 21 May 2026,1.99 kWh,$0.39,actual
06:00AM 21 May 2026,1.77 kWh,$0.35,actual
07:00AM 21 May 2026,2.08 kWh,$0.61,actual
08:00AM 21 May 2026,1.65 kWh,$0.50,actual
09:00AM 21 May 2026,1.77 kWh,$0.53,actual
10:00AM 21 May 2026,0.94 kWh,$0.31,actual
11:00AM 21 May 2026,0.85 kWh,$0.28,actual
12:00PM 21 May 2026,0.38 kWh,$0.16,actual
01:00PM 21 May 2026,0.46 kWh,$0.18,actual
02:00PM 21 May 2026,1.04 kWh,$0.34,actual
03:00PM 21 May 2026,1.74 kWh,$0.52,actual
04:00PM 21 May 2026,1.91 kWh,$0.57,actual
05:00PM 21 May 2026,0.86 kWh,$0.29,actual
06:00PM 21 May 2026,1.87 kWh,$0.56,actual
07:00PM 21 May 2026,4.18 kWh,$1.18,actual
08:00PM 21 May 2026,2.62 kWh,$0.76,actual
09:00PM 21 May 2026,3.49 kWh,$0.64,actual
10:00PM 21 May 2026,3.06 kWh,$0.57,actual
11:00PM 21 May 2026,3.32 kWh,$0.61,actual
12:00AM 22 May 2026,4.70 kWh,$0.85,actual
01:00AM 22 May 2026,4.64 kWh,$0.84,actual
02:00AM 22 May 2026,2.91 kWh,$0.55,actual
03:00AM 22 May 2026,1.77 kWh,$0.35,actual
04:00AM 22 May 2026,1.64 kWh,$0.33,actual
05:00AM 22 May 2026,1.57 kWh,$0.32,actual
06:00AM 22 May 2026,1.37 kWh,$0.29,actual
07:00AM 22 May 2026,2.02 kWh,$0.60,actual
08:00AM 22 May 2026,3.11 kWh,$0.89,actual
09:00AM 22 May 2026,1.73 kWh,$0.52,actual
10:00AM 22 May 2026,0.42 kWh,$0.17,actual
11:00AM 22 May 2026,0.92 kWh,$0.30,actual
12:00PM 22 May 2026,1.56 kWh,$0.48,actual
01:00PM 22 May 2026,0.95 kWh,$0.31,actual
02:00PM 22 May 2026,0.71 kWh,$0.25,actual
03:00PM 22 May 2026,1.18 kWh,$0.37,actual
04:00PM 22 May 2026,0.81 kWh,$0.27,actual
05:00PM 22 May 2026,1.15 kWh,$0.36,actual
06:00PM 22 May 2026,2.75 kWh,$0.79,actual
07:00PM 22 May 2026,3.23 kWh,$0.92,actual
08:00PM 22 May 2026,1.76 kWh,$0.53,actual
09:00PM 22 May 2026,3.53 kWh,$0.65,actual
10:00PM 22 May 2026,4.19 kWh,$0.76,actual
11:00PM 22 May 2026,4.33 kWh,$0.78,actual
12:00AM 23 May 2026,5.57 kWh,$0.99,actual
01:00AM 23 May 2026,4.99 kWh,$0.89,actual
02:00AM 23 May 2026,4.82 kWh,$0.87,actual
03:00AM 23 May 2026,4.75 kWh,$0.85,actual
04:00AM 23 May 2026,2.16 kWh,$0.42,actual
05:00AM 23 May 2026,1.71 kWh,$0.34,actual
06:00AM 23 May 2026,2.23 kWh,$0.43,actual
07:00AM 23 May 2026,1.27 kWh,$0.40,actual
08:00AM 23 May 2026,2.52 kWh,$0.73,actual
09:00AM 23 May 2026,1.50 kWh,$0.46,actual
10:00AM 23 May 2026,1.83 kWh,$0.55,actual
11:00AM 23 May 2026,1.46 kWh,$0.45,actual
12:00PM 23 May 2026,2.50 kWh,$0.73,actual
01:00PM 23 May 2026,0.98 kWh,$0.32,actual
02:00PM 23 May 2026,1.36 kWh,$0.42,actual
03:00PM 23 May 2026,1.63 kWh,$0.49,actual
04:00PM 23 May 2026,3.58 kWh,$1.02,actual
05:00PM 23 May 2026,2.13 kWh,$0.63,actual
06:00PM 23 May 2026,3.40 kWh,$0.97,actual
07:00PM 23 May 2026,2.99 kWh,$0.86,actual
08:00PM 23 May 2026,1.76 kWh,$0.53,actual
09:00PM 23 May 2026,3.74 kWh,$0.68,actual
10:00PM 23 May 2026,4.11 kWh,$0.75,actual
11:00PM 23 May 2026,4.40 kWh,$0.80,actual
12:00AM 24 May 2026,5.49 kWh,$0.98,actual
01:00AM 24 May 2026,5.21 kWh,$0.93,actual
02:00AM 24 May 2026,5.14 kWh,$0.92,actual
03:00AM 24 May 2026,4.34 kWh,$0.78,actual
04:00AM 24 May 2026,2.11 kWh,$0.41,actual
05:00AM 24 May 2026,2.03 kWh,$0.40,actual
06:00AM 24 May 2026,2.99 kWh,$0.56,actual
07:00AM 24 May 2026,2.05 kWh,$0.60,actual
08:00AM 24 May 2026,1.67 kWh,$0.50,actual
09:00AM 24 May 2026,1.83 kWh,$0.55,actual
10:00AM 24 May 2026,0.68 kWh,$0.24,actual
11:00AM 24 May 2026,1.18 kWh,$0.37,actual
12:00PM 24 May 2026,1.76 kWh,$0.53,actual
01:00PM 24 May 2026,1.34 kWh,$0.42,actual
02:00PM 24 May 2026,1.73 kWh,$0.52,actual
03:00PM 24 May 2026,1.32 kWh,$0.41,actual
04:00PM 24 May 2026,2.32 kWh,$0.68,actual
05:00PM 24 May 2026,2.64 kWh,$0.76,actual
06:00PM 24 May 2026,3.27 kWh,$0.93,actual
07:00PM 24 May 2026,3.10 kWh,$0.89,actual
08:00PM 24 May 2026,3.56 kWh,$1.01,actual
09:00PM 24 May 2026,4.00 kWh,$0.73,actual
10:00PM 24 May 2026,4.23 kWh,$0.77,actual
11:00PM 24 May 2026,4.86 kWh,$0.87,actual
12:00AM 25 May 2026,4.99 kWh,$0.90,actual
01:00AM 25 May 2026,4.96 kWh,$0.89,actual
02:00AM 25 May 2026,4.88 kWh,$0.88,actual
03:00AM 25 May 2026,4.84 kWh,$0.87,actual
04:00AM 25 May 2026,2.88 kWh,$0.54,actual
05:00AM 25 May 2026,2.69 kWh,$0.51,actual
06:00AM 25 May 2026,3.92 kWh,$0.72,actual
07:00AM 25 May 2026,3.01 kWh,$0.86,actual
08:00AM 25 May 2026,1.29 kWh,$0.40,actual
09:00AM 25 May 2026,1.50 kWh,$0.46,actual
10:00AM 25 May 2026,0.76 kWh,$0.26,actual
11:00AM 25 May 2026,1.19 kWh,$0.37,actual
12:00PM 25 May 2026,0.97 kWh,$0.32,actual
01:00PM 25 May 2026,0.58 kWh,$0.21,actual
02:00PM 25 May 2026,1.66 kWh,$0.50,actual
03:00PM 25 May 2026,2.63 kWh,$0.76,actual
04:00PM 25 May 2026,2.16 kWh,$0.63,actual
05:00PM 25 May 2026,3.20 kWh,$0.91,actual
06:00PM 25 May 2026,3.71 kWh,$1.05,actual
07:00PM 25 May 2026,4.13 kWh,$1.16,actual
08:00PM 25 May 2026,1.69 kWh,$0.51,actual
09:00PM 25 May 2026,3.01 kWh,$0.56,actual
10:00PM 25 May 2026,3.59 kWh,$0.66,actual
11:00PM 25 May 2026,2.94 kWh,$0.55,actual
12:00AM 26 May 2026,4.05 kWh,$0.74,actual
01:00AM 26 May 2026,4.04 kWh,$0.73,actual
02:00AM 26 May 2026,2.74 kWh,$0.52,actual
03:00AM 26 May 2026,1.12 kWh,$0.24,actual
04:00AM 26 May 2026,0.80 kWh,$0.19,actual
05:00AM 26 May 2026,0.56 kWh,$0.15,actual
06:00AM 26 May 2026,0.84 kWh,$0.20,actual
07:00AM 26 May 2026,2.12 kWh,$0.62,actual
08:00AM 26 May 2026,2.23 kWh,$0.65,actual
09:00AM 26 May 2026,1.37 kWh,$0.42,actual
10:00AM 26 May 2026,1.56 kWh,$0.47,actual
11:00AM 26 May 2026,0.55 kWh,$0.20,actual
12:00PM 26 May 2026,1.44 kWh,$0.44,actual
01:00PM 26 May 2026,0.63 kWh,$0.22,actual
02:00PM 26 May 2026,1.14 kWh,$0.36,actual
03:00PM 26 May 2026,2.35 kWh,$0.68,actual
04:00PM 26 May 2026,2.65 kWh,$0.77,actual
05:00PM 26 May 2026,2.81 kWh,$0.81,actual
06:00PM 26 May 2026,4.39 kWh,$1.23,actual
07:00PM 26 May 2026,4.83 kWh,$1.35,actual
08:00PM 26 May 2026,3.64 kWh,$1.03,actual
09:00PM 26 May 2026,3.66 kWh,$0.67,actual
10:00PM 26 May 2026,4.39 kWh,$0.79,actual
11:00PM 26 May 2026,3.88 kWh,$0.71,actual
12:00AM 27 May 2026,5.58 kWh,$0.99,actual
01:00AM 27 May 2026,4.62 kWh,$0.83,actual
02:00AM 27 May 2026,4.73 kWh,$0.85,actual
03:00AM 27 May 2026,4.08 kWh,$0.74,actual
04:00AM 27 May 2026,2.33 kWh,$0.45,actual
05:00AM 27 May 2026,2.23 kWh,$0.43,actual
06:00AM 27 May 2026,1.76 kWh,$0.35,actual
07:00AM 27 May 2026,3.00 kWh,$0.86,actual
08:00AM 27 May 2026,1.84 kWh,$0.55,actual
09:00AM 27 May 2026,1.51 kWh,$0.46,actual
10:00AM 27 May 2026,0.57 kWh,$0.21,actual
11:00AM 27 May 2026,0.55 kWh,$0.20,actual
12:00PM 27 May 2026,1.01 kWh,$0.33,actual
01:00PM 27 May 2026,2.21 kWh,$0.65,actual
02:00PM 27 May 2026,1.45 kWh,$0.44,actual
03:00PM 27 May 2026,2.78 kWh,$0.80,actual
04:00PM 27 May 2026,2.09 kWh,$0.62,actual
05:00PM 27 May 2026,1.46 kWh,$0.45,actual
06:00PM 27 May 2026,4.10 kWh,$1.15,actual
07:00PM 27 May 2026,3.79 kWh,$1.07,actual
08:00PM 27 May 2026,2.67 kWh,$0.77,actual
09:00PM 27 May 2026,3.18 kWh,$0.59,actual
10:00PM 27 May 2026,4.38 kWh,$0.79,actual
11:00PM 27 May 2026,4.33 kWh,$0.78,actual
12:00AM 28 May 2026,5.64 kWh,$1.00,actual
01:00AM 28 May 2026,5.17 kWh,$0.93,actual
02:00AM 28 May 2026,5.06 kWh,$0.91,actual
03:00AM 28 May 2026,4.66 kWh,$0.84,actual
04:00AM 28 May 2026,2.58 kWh,$0.49,actual
05:00AM 28 May 2026,1.96 kWh,$0.38,actual
06:00AM 28 May 2026,3.22 kWh,$0.60,actual
07:00AM 28 May 2026,3.07 kWh,$0.88,actual
08:00AM 28 May 2026,2.25 kWh,$0.66,actual
09:00AM 28 May 2026,2.33 kWh,$0.68,actual
10:00AM 28 May 2026,0.68 kWh,$0.24,actual
11:00AM 28 May 2026,0.87 kWh,$0.29,actual
12:00PM 28 May 2026,0.91 kWh,$0.30,actual
01:00PM 28 May 2026,3.00 kWh,$0.86,actual
02:00PM 28 May 2026,1.24 kWh,$0.39,actual
03:00PM 28 May 2026,1.48 kWh,$0.45,actual
04:00PM 28 May 2026,1.25 kWh,$0.39,actual
05:00PM 28 May 2026,1.54 kWh,$0.47,actual
06:00PM 28 May 2026,2.48 kWh,$0.72,actual
07:00PM 28 May 2026,3.74 kWh,$1.06,actual
08:00PM 28 May 2026,3.20 kWh,$0.91,actual
09:00PM 28 May 2026,4.01 kWh,$0.73,actual
10:00PM 28 May 2026,3.26 kWh,$0.60,actual
11:00PM 28 May 2026,4.09 kWh,$0.74,actual
12:00AM 29 May 2026,5.07 kWh,$0.91,actual
01:00AM 29 May 2026,4.76 kWh,$0.86,actual
02:00AM 29 May 2026,2.26 kWh,$0.44,actual
03:00AM 29 May 2026,1.97 kWh,$0.39,actual
04:00AM 29 May 2026,1.64 kWh,$0.33,actual
05:00AM 29 May 2026,3.50 kWh,$0.64,actual
06:00AM 29 May 2026,1.67 kWh,$0.34,actual
07:00AM 29 May 2026,2.37 kWh,$0.69,actual
08:00AM 29 May 2026,4.07 kWh,$1.15,actual
09:00AM 29 May 2026,3.38 kWh,$0.96,actual
10:00AM 29 May 2026,2.79 kWh,$0.80,actual
11:00AM 29 May 2026,1.68 kWh,$0.51,actual
12:00PM 29 May 2026,2.67 kWh,$0.77,actual
01:00PM 29 May 2026,1.49 kWh,$0.46,actual
02:00PM 29 May 2026,1.02 kWh,$0.33,actual
03:00PM 29 May 2026,0.89 kWh,$0.29,actual
04:00PM 29 May 2026,2.64 kWh,$0.76,actual
05:00PM 29 May 2026,3.02 kWh,$0.87,actual
06:00PM 29 May 2026,3.51 kWh,$1.00,actual
07:00PM 29 May 2026,3.59 kWh,$1.02,actual
08:00PM 29 May 2026,2.01 kWh,$0.59,actual
09:00PM 29 May 2026,3.95 kWh,$0.72,actual
10:00PM 29 May 2026,4.09 kWh,$0.74,actual
11:00PM 29 May 2026,3.99 kWh,$0.73,actual
12:00AM 30 May 2026,4.71 kWh,$0.85,actual
01:00AM 30 May 2026,4.64 kWh,$0.84,actual
02:00AM 30 May 2026,4.63 kWh,$0.83,actual
03:00AM 30 May 2026,3.24 kWh,$0.60,actual
04:00AM 30 May 2026,1.97 kWh,$0.39,actual
05:00AM 30 May 2026,2.16 kWh,$0.42,actual
06:00AM 30 May 2026,1.48 kWh,$0.30,actual
07:00AM 30 May 2026,1.66 kWh,$0.50,actual
08:00AM 30 May 2026,2.44 kWh,$0.71,actual
09:00AM 30 May 2026,2.56 kWh,$0.74,actual
10:00AM 30 May 2026,1.91 kWh,$0.57,actual
11:00AM 30 May 2026,1.07 kWh,$0.34,actual
12:00PM 30 May 2026,2.07 kWh,$0.61,actual
01:00PM 30 May 2026,0.76 kWh,$0.26,actual
02:00PM 30 May 2026,0.89 kWh,$0.29,actual
03:00PM 30 May 2026,0.71 kWh,$0.25,actual
04:00PM 30 May 2026,2.04 kWh,$0.60,actual
05:00PM 30 May 2026,2.88 kWh,$0.83,actual
06:00PM 30 May 2026,3.48 kWh,$0.99,actual
07:00PM 30 May 2026,2.65 kWh,$0.77,actual
08:00PM 30 May 2026,2.13 kWh,$0.63,actual
09:00PM 30 May 2026,3.66 kWh,$0.67,actual
10:00PM 30 May 2026,3.89 kWh,$0.71,actual
11:00PM 30 May 2026,3.58 kWh,$0.66,actual
12:00AM 31 May 2026,4.51 kWh,$0.81,actual
01:00AM 31 May 2026,4.46 kWh,$0.81,actual
02:00AM 31 May 2026,4.34 kWh,$0.79,actual
03:00AM 31 May 2026,2.99 kWh,$0.56,actual
04:00AM 31 May 2026,1.53 kWh,$0.31,actual
05:00AM 31 May 2026,1.55 kWh,$0.32,actual
06:00AM 31 May 2026,1.28 kWh,$0.27,actual
07:00AM 31 May 2026,1.27 kWh,$0.40,actual
08:00AM 31 May 2026,1.51 kWh,$0.46,actual
09:00AM 31 May 2026,1.82 kWh,$0.54,actual
10:00AM 31 May 2026,1.46 kWh,$0.45,actual
11:00AM 31 May 2026,0.76 kWh,$0.26,actual
12:00PM 31 May 2026,1.42 kWh,$0.44,actual
01:00PM 31 May 2026,1.98 kWh,$0.59,actual
02:00PM 31 May 2026,0.76 kWh,$0.26,actual
03:00PM 31 May 2026,0.88 kWh,$0.29,actual
04:00PM 31 May 2026,2.54 kWh,$0.74,actual
05:00PM 31 May 2026,1.61 kWh,$0.49,actual
06:00PM 31 May 2026,3.29 kWh,$0.94,actual
07:00PM 31 May 2026,1.85 kWh,$0.55,actual
08:00PM 31 May 2026,2.11 kWh,$0.62,actual
09:00PM 31 May 2026,1.95 kWh,$0.38,actual
10:00PM 31 May 2026,1.45 kWh,$0.30,actual
11:00PM 31 May 2026,2.82 kWh,$0.53,actual
12:00AM 1 June 2026,3.87 kWh,$0.71,actual
01:00AM 1 June 2026,3.83 kWh,$0.70,actual
02:00AM 1 June 2026,3.76 kWh,$0.69,actual
03:00AM 1 June 2026,3.24 kWh,$0.60,actual
04:00AM 1 June 2026,1.09 kWh,$0.24,actual
05:00AM 1 June 2026,0.89 kWh,$0.21,actual
06:00AM 1 June 2026,0.40 kWh,$0.12,actual
07:00AM 1 June 2026,0.48 kWh,$0.18,actual
08:00AM 1 June 2026,0.82 kWh,$0.28,actual
09:00AM 1 June 2026,1.55 kWh,$0.47,actual
10:00AM 1 June 2026,0.80 kWh,$0.27,actual
11:00AM 1 June 2026,0.63 kWh,$0.22,actual
12:00PM 1 June 2026,0.64 kWh,$0.23,actual
01:00PM 1 June 2026,0.78 kWh,$0.26,actual
02:00PM 1 June 2026,0.78 kWh,$0.26,actual
03:00PM 1 June 2026,1.58 kWh,$0.48,actual
04:00PM 1 June 2026,2.31 kWh,$0.67,actual
05:00PM 1 June 2026,2.36 kWh,$0.69,actual
06:00PM 1 June 2026,3.28 kWh,$0.94,actual
07:00PM 1 June 2026,3.65 kWh,$1.03,actual
08:00PM 1 June 2026,1.63 kWh,$0.49,actual
09:00PM 1 June 2026,1.87 kWh,$0.37,actual
10:00PM 1 June 2026,2.14 kWh,$0.42,actual
11:00PM 1 June 2026,2.59 kWh,$0.49,actual
12:00AM 2 June 2026,3.86 kWh,$0.71,actual
01:00AM 2 June 2026,3.82 kWh,$0.70,actual
02:00AM 2 June 2026,3.82 kWh,$0.70,actual
03:00AM 2 June 2026,1.44 kWh,$0.30,actual
04:00AM 2 June 2026,0.79 kWh,$0.19,actual
05:00AM 2 June 2026,0.90 kWh,$0.21,actual
06:00AM 2 June 2026,0.91 kWh,$0.21,actual
07:00AM 2 June 2026,2.44 kWh,$0.71,actual
08:00AM 2 June 2026,0.94 kWh,$0.31,actual
09:00AM 2 June 2026,1.28 kWh,$0.40,actual
10:00AM 2 June 2026,1.12 kWh,$0.36,actual
11:00AM 2 June 2026,0.56 kWh,$0.21,actual
12:00PM 2 June 2026,0.76 kWh,$0.26,actual
01:00PM 2 June 2026,1.06 kWh,$0.34,actual
02:00PM 2 June 2026,1.67 kWh,$0.50,actual
03:00PM 2 June 2026,1.52 kWh,$0.46,actual
04:00PM 2 June 2026,3.21 kWh,$0.92,actual
05:00PM 2 June 2026,3.51 kWh,$1.00,actual
06:00PM 2 June 2026,2.91 kWh,$0.84,actual
07:00PM 2 June 2026,2.50 kWh,$0.73,actual
08:00PM 2 June 2026,1.49 kWh,$0.45,actual
09:00PM 2 June 2026,3.06 kWh,$0.57,actual
10:00PM 2 June 2026,1.68 kWh,$0.34,actual
11:00PM 2 June 2026,2.44 kWh,$0.47,actual
12:00AM 3 June 2026,3.71 kWh,$0.68,actual
01:00AM 3 June 2026,3.66 kWh,$0.67,actual
02:00AM 3 June 2026,3.65 kWh,$0.67,actual
03:00AM 3 June 2026,2.94 kWh,$0.55,actual
04:00AM 3 June 2026,1.22 kWh,$0.26,actual
05:00AM 3 June 2026,0.40 kWh,$0.12,actual
06:00AM 3 June 2026,1.68 kWh,$0.34,actual
07:00AM 3 June 2026,1.91 kWh,$0.57,actual
08:00AM 3 June 2026,0.53 kWh,$0.20,actual
09:00AM 3 June 2026,0.44 kWh,$0.17,actual
10:00AM 3 June 2026,1.91 kWh,$0.57,actual
11:00AM 3 June 2026,1.04 kWh,$0.33,actual
12:00PM 3 June 2026,1.49 kWh,$0.46,actual
01:00PM 3 June 2026,1.04 kWh,$0.33,actual
02:00PM 3 June 2026,1.61 kWh,$0.49,actual
03:00PM 3 June 2026,1.60 kWh,$0.48,actual
04:00PM 3 June 2026,1.95 kWh,$0.58,actual
05:00PM 3 June 2026,2.38 kWh,$0.69,actual
06:00PM 3 June 2026,3.50 kWh,$0.99,actual
07:00PM 3 June 2026,2.97 kWh,$0.85,actual
08:00PM 3 June 2026,1.70 kWh,$0.51,actual
09:00PM 3 June 2026,2.65 kWh,$0.50,actual
10:00PM 3 June 2026,2.64 kWh,$0.50,actual
11:00PM 3 June 2026,3.54 kWh,$0.65,actual
12:00AM 4 June 2026,4.62 kWh,$0.83,actual
01:00AM 4 June 2026,4.72 kWh,$0.85,actual
02:00AM 4 June 2026,4.66 kWh,$0.84,actual
03:00AM 4 June 2026,4.60 kWh,$0.83,actual
04:00AM 4 June 2026,1.52 kWh,$0.31,actual
05:00AM 4 June 2026,1.84 kWh,$0.37,actual
06:00AM 4 June 2026,1.40 kWh,$0.29,actual
07:00AM 4 June 2026,1.51 kWh,$0.46,actual
08:00AM 4 June 2026,2.27 kWh,$0.66,actual
09:00AM 4 June 2026,1.45 kWh,$0.44,actual
10:00AM 4 June 2026,0.47 kWh,$0.18,actual
11:00AM 4 June 2026,1.80 kWh,$0.54,actual
12:00PM 4 June 2026,1.18 kWh,$0.37,actual
01:00PM 4 June 2026,0.56 kWh,$0.21,actual
02:00PM 4 June 2026,1.38 kWh,$0.43,actual
03:00PM 4 June 2026,1.80 kWh,$0.54,actual
04:00PM 4 June 2026,1.02 kWh,$0.33,actual
05:00PM 4 June 2026,0.94 kWh,$0.31,actual
06:00PM 4 June 2026,1.56 kWh,$0.47,actual
07:00PM 4 June 2026,3.88 kWh,$1.10,actual
08:00PM 4 June 2026,2.69 kWh,$0.78,actual
09:00PM 4 June 2026,2.01 kWh,$0.39,actual
10:00PM 4 June 2026,2.39 kWh,$0.46,actual
11:00PM 4 June 2026,2.87 kWh,$0.54,actual
12:00AM 5 June 2026,4.30 kWh,$0.78,actual
01:00AM 5 June 2026,4.39 kWh,$0.79,actual
02:00AM 5 June 2026,4.41 kWh,$0.80,actual
03:00AM 5 June 2026,3.63 kWh,$0.67,actual
04:00AM 5 June 2026,1.47 kWh,$0.30,actual
05:00AM 5 June 2026,1.68 kWh,$0.34,actual
06:00AM 5 June 2026,1.09 kWh,$0.24,actual
07:00AM 5 June 2026,1.57 kWh,$0.48,actual
08:00AM 5 June 2026,2.21 kWh,$0.65,actual
09:00AM 5 June 2026,1.23 kWh,$0.39,actual
10:00AM 5 June 2026,0.92 kWh,$0.30,actual
11:00AM 5 June 2026,0.56 kWh,$0.21,actual
12:00PM 5 June 2026,1.28 kWh,$0.40,actual
01:00PM 5 June 2026,1.34 kWh,$0.42,actual
02:00PM 5 June 2026,1.07 kWh,$0.34,actual
03:00PM 5 June 2026,2.09 kWh,$0.62,actual
04:00PM 5 June 2026,2.04 kWh,$0.60,actual
05:00PM 5 June 2026,2.67 kWh,$0.77,actual
06:00PM 5 June 2026,4.11 kWh,$1.16,actual
07:00PM 5 June 2026,2.72 kWh,$0.78,actual
08:00PM 5 June 2026,2.22 kWh,$0.65,actual
09:00PM 5 June 2026,3.09 kWh,$0.57,actual
10:00PM 5 June 2026,2.62 kWh,$0.50,actual
11:00PM 5 June 2026,3.55 kWh,$0.65,actual
12:00AM 6 June 2026,4.54 kWh,$0.82,actual
01:00AM 6 June 2026,4.55 kWh,$0.82,actual
02:00AM 6 June 2026,4.61 kWh,$0.83,actual
03:00AM 6 June 2026,2.64 kWh,$0.50,actual
04:00AM 6 June 2026,2.51 kWh,$0.48,actual
05:00AM 6 June 2026,1.44 kWh,$0.30,actual
06:00AM 6 June 2026,1.85 kWh,$0.37,actual
07:00AM 6 June 2026,1.47 kWh,$0.45,actual
08:00AM 6 June 2026,1.83 kWh,$0.55,actual
09:00AM 6 June 2026,1.19 kWh,$0.38,actual
10:00AM 6 June 2026,1.94 kWh,$0.58,actual
11:00AM 6 June 2026,2.11 kWh,$0.62,actual
12:00PM 6 June 2026,1.62 kWh,$0.49,actual
01:00PM 6 June 2026,1.28 kWh,$0.40,actual
02:00PM 6 June 2026,2.87 kWh,$0.83,actual
03:00PM 6 June 2026,4.41 kWh,$1.24,actual
04:00PM 6 June 2026,2.36 kWh,$0.69,actual
05:00PM 6 June 2026,2.12 kWh,$0.63,actual
06:00PM 6 June 2026,2.69 kWh,$0.78,actual
07:00PM 6 June 2026,3.39 kWh,$0.97,actual
08:00PM 6 June 2026,2.74 kWh,$0.79,actual
09:00PM 6 June 2026,4.24 kWh,$0.77,actual
10:00PM 6 June 2026,2.63 kWh,$0.50,actual
11:00PM 6 June 2026,3.74 kWh,$0.69,actual
12:00AM 7 June 2026,4.67 kWh,$0.84,actual
01:00AM 7 June 2026,4.77 kWh,$0.86,actual
02:00AM 7 June 2026,4.71 kWh,$0.85,actual
03:00AM 7 June 2026,4.76 kWh,$0.86,actual
04:00AM 7 June 2026,1.74 kWh,$0.35,actual
05:00AM 7 June 2026,2.13 kWh,$0.41,actual
06:00AM 7 June 2026,3.12 kWh,$0.58,actual
07:00AM 7 June 2026,2.79 kWh,$0.80,actual
08:00AM 7 June 2026,2.89 kWh,$0.83,actual
09:00AM 7 June 2026,2.36 kWh,$0.69,actual
10:00AM 7 June 2026,0.69 kWh,$0.24,actual
11:00AM 7 June 2026,1.06 kWh,$0.34,actual
12:00PM 7 June 2026,3.15 kWh,$0.90,actual
01:00PM 7 June 2026,1.46 kWh,$0.45,actual
02:00PM 7 June 2026,1.02 kWh,$0.33,actual
03:00PM 7 June 2026,2.02 kWh,$0.60,actual
04:00PM 7 June 2026,2.16 kWh,$0.64,actual
05:00PM 7 June 2026,2.04 kWh,$0.60,actual
06:00PM 7 June 2026,2.60 kWh,$0.75,actual
07:00PM 7 June 2026,2.31 kWh,$0.68,actual
08:00PM 7 June 2026,2.61 kWh,$0.76,actual
09:00PM 7 June 2026,3.41 kWh,$0.63,actual
10:00PM 7 June 2026,4.49 kWh,$0.81,actual
11:00PM 7 June 2026,5.52 kWh,$0.98,actual
12:00AM 8 June 2026,5.84 kWh,$1.04,actual
01:00AM 8 June 2026,5.03 kWh,$0.90,actual
02:00AM 8 June 2026,4.92 kWh,$0.88,actual
03:00AM 8 June 2026,4.89 kWh,$0.88,actual
04:00AM 8 June 2026,4.91 kWh,$0.88,actual
05:00AM 8 June 2026,3.31 kWh,$0.61,actual
06:00AM 8 June 2026,3.60 kWh,$0.66,actual
07:00AM 8 June 2026,3.06 kWh,$0.88,actual
08:00AM 8 June 2026,1.06 kWh,$0.34,actual
09:00AM 8 June 2026,0.69 kWh,$0.24,actual
10:00AM 8 June 2026,0.53 kWh,$0.20,actual
11:00AM 8 June 2026,1.07 kWh,$0.34,actual
12:00PM 8 June 2026,1.21 kWh,$0.38,actual
01:00PM 8 June 2026,2.10 kWh,$0.62,actual
02:00PM 8 June 2026,1.28 kWh,$0.40,actual
03:00PM 8 June 2026,2.21 kWh,$0.65,actual
04:00PM 8 June 2026,1.69 kWh,$0.51,actual
05:00PM 8 June 2026,3.24 kWh,$0.93,actual
06:00PM 8 June 2026,4.55 kWh,$1.28,actual
07:00PM 8 June 2026,2.54 kWh,$0.74,actual
08:00PM 8 June 2026,1.90 kWh,$0.56,actual
09:00PM 8 June 2026,2.83 kWh,$0.53,actual
10:00PM 8 June 2026,2.46 kWh,$0.47,actual
11:00PM 8 June 2026,3.50 kWh,$0.64,actual
12:00AM 9 June 2026,4.90 kWh,$0.88,actual
01:00AM 9 June 2026,4.75 kWh,$0.85,actual
02:00AM 9 June 2026,5.48 kWh,$0.98,actual
03:00AM 9 June 2026,4.30 kWh,$0.78,actual
04:00AM 9 June 2026,3.01 kWh,$0.56,actual
05:00AM 9 June 2026,1.94 kWh,$0.38,actual
06:00AM 9 June 2026,2.67 kWh,$0.51,actual
07:00AM 9 June 2026,3.49 kWh,$0.99,actual
08:00AM 9 June 2026,2.00 kWh,$0.59,actual
09:00AM 9 June 2026,2.15 kWh,$0.63,actual
10:00AM 9 June 2026,2.15 kWh,$0.63,actual
11:00AM 9 June 2026,1.09 kWh,$0.35,actual
12:00PM 9 June 2026,0.93 kWh,$0.30,actual
01:00PM 9 June 2026,1.15 kWh,$0.36,actual
02:00PM 9 June 2026,1.12 kWh,$0.36,actual
03:00PM 9 June 2026,0.53 kWh,$0.20,actual
04:00PM 9 June 2026,2.25 kWh,$0.66,actual
05:00PM 9 June 2026,2.44 kWh,$0.71,actual
06:00PM 9 June 2026,5.99 kWh,$1.66,actual
07:00PM 9 June 2026,3.83 kWh,$1.08,actual
08:00PM 9 June 2026,2.41 kWh,$0.70,actual
09:00PM 9 June 2026,3.92 kWh,$0.71,actual
10:00PM 9 June 2026,4.27 kWh,$0.77,actual
11:00PM 9 June 2026,3.73 kWh,$0.68,actual
12:00AM 10 June 2026,4.83 kWh,$0.87,actual
01:00AM 10 June 2026,4.83 kWh,$0.87,actual
02:00AM 10 June 2026,4.83 kWh,$0.87,actual
03:00AM 10 June 2026,4.79 kWh,$0.86,actual
04:00AM 10 June 2026,2.49 kWh,$0.47,actual
05:00AM 10 June 2026,2.41 kWh,$0.46,actual
06:00AM 10 June 2026,3.45 kWh,$0.64,actual
07:00AM 10 June 2026,4.79 kWh,$1.34,actual
08:00AM 10 June 2026,2.42 kWh,$0.71,actual
09:00AM 10 June 2026,1.79 kWh,$0.54,actual
10:00AM 10 June 2026,0.96 kWh,$0.31,actual
11:00AM 10 June 2026,0.93 kWh,$0.31,actual
12:00PM 10 June 2026,0.78 kWh,$0.26,actual
01:00PM 10 June 2026,0.53 kWh,$0.20,actual
02:00PM 10 June 2026,0.48 kWh,$0.18,actual
03:00PM 10 June 2026,1.36 kWh,$0.42,actual
04:00PM 10 June 2026,1.41 kWh,$0.43,actual
05:00PM 10 June 2026,1.24 kWh,$0.39,actual
06:00PM 10 June 2026,4.32 kWh,$1.21,actual
07:00PM 10 June 2026,4.06 kWh,$1.14,actual
08:00PM 10 June 2026,2.89 kWh,$0.83,actual
09:00PM 10 June 2026,4.23 kWh,$0.77,actual
10:00PM 10 June 2026,3.37 kWh,$0.62,actual
11:00PM 10 June 2026,4.00 kWh,$0.73,actual
12:00AM 11 June 2026,4.78 kWh,$0.86,actual
01:00AM 11 June 2026,4.79 kWh,$0.86,actual
02:00AM 11 June 2026,4.88 kWh,$0.88,actual
03:00AM 11 June 2026,4.88 kWh,$0.88,actual
04:00AM 11 June 2026,4.95 kWh,$0.89,actual
05:00AM 11 June 2026,3.38 kWh,$0.62,actual
06:00AM 11 June 2026,3.93 kWh,$0.72,actual
07:00AM 11 June 2026,4.34 kWh,$1.22,actual
08:00AM 11 June 2026,3.67 kWh,$1.04,actual
09:00AM 11 June 2026,1.84 kWh,$0.55,actual
10:00AM 11 June 2026,2.15 kWh,$0.63,actual
11:00AM 11 June 2026,1.56 kWh,$0.47,actual
12:00PM 11 June 2026,2.27 kWh,$0.67,actual
01:00PM 11 June 2026,1.35 kWh,$0.42,actual
02:00PM 11 June 2026,0.42 kWh,$0.17,actual
03:00PM 11 June 2026,0.96 kWh,$0.31,actual
04:00PM 11 June 2026,1.37 kWh,$0.42,actual
05:00PM 11 June 2026,0.45 kWh,$0.18,actual
06:00PM 11 June 2026,2.29 kWh,$0.67,actual
07:00PM 11 June 2026,5.05 kWh,$1.41,actual
08:00PM 11 June 2026,3.15 kWh,$0.90,actual
09:00PM 11 June 2026,3.88 kWh,$0.71,actual
10:00PM 11 June 2026,2.67 kWh,$0.50,actual
11:00PM 11 June 2026,3.25 kWh,$0.60,actual
12:00AM 12 June 2026,4.54 kWh,$0.82,actual
01:00AM 12 June 2026,4.62 kWh,$0.83,actual
02:00AM 12 June 2026,4.58 kWh,$0.83,actual
03:00AM 12 June 2026,4.61 kWh,$0.83,actual
04:00AM 12 June 2026,4.29 kWh,$0.78,actual
05:00AM 12 June 2026,1.97 kWh,$0.39,actual
06:00AM 12 June 2026,1.35 kWh,$0.28,actual
07:00AM 12 June 2026,3.44 kWh,$0.98,actual
08:00AM 12 June 2026,2.10 kWh,$0.62,actual
09:00AM 12 June 2026,0.63 kWh,$0.22,actual
10:00AM 12 June 2026,0.41 kWh,$0.17,actual
11:00AM 12 June 2026,1.13 kWh,$0.36,actual
12:00PM 12 June 2026,1.97 kWh,$0.58,actual
01:00PM 12 June 2026,3.00 kWh,$0.86,actual
02:00PM 12 June 2026,0.91 kWh,$0.30,actual
03:00PM 12 June 2026,1.28 kWh,$0.40,actual
04:00PM 12 June 2026,1.92 kWh,$0.57,actual
05:00PM 12 June 2026,2.24 kWh,$0.66,actual
06:00PM 12 June 2026,3.78 kWh,$1.07,actual
07:00PM 12 June 2026,3.14 kWh,$0.90,actual
08:00PM 12 June 2026,2.32 kWh,$0.68,actual
09:00PM 12 June 2026,2.38 kWh,$0.46,actual
10:00PM 12 June 2026,3.91 kWh,$0.71,actual
11:00PM 12 June 2026,3.25 kWh,$0.60,actual
12:00AM 13 June 2026,4.59 kWh,$0.83,actual
01:00AM 13 June 2026,4.54 kWh,$0.82,actual
02:00AM 13 June 2026,3.93 kWh,$0.72,actual
03:00AM 13 June 2026,1.99 kWh,$0.39,actual
04:00AM 13 June 2026,1.40 kWh,$0.29,actual
05:00AM 13 June 2026,1.84 kWh,$0.36,actual
06:00AM 13 June 2026,1.83 kWh,$0.36,actual
07:00AM 13 June 2026,1.56 kWh,$0.47,actual
08:00AM 13 June 2026,1.65 kWh,$0.50,actual
09:00AM 13 June 2026,2.31 kWh,$0.68,actual
10:00AM 13 June 2026,1.57 kWh,$0.48,actual
11:00AM 13 June 2026,1.17 kWh,$0.37,actual
12:00PM 13 June 2026,0.80 kWh,$0.27,actual
01:00PM 13 June 2026,1.11 kWh,$0.35,actual
02:00PM 13 June 2026,1.05 kWh,$0.34,actual
03:00PM 13 June 2026,1.90 kWh,$0.57,actual
04:00PM 13 June 2026,3.07 kWh,$0.88,actual
05:00PM 13 June 2026,1.89 kWh,$0.56,actual
06:00PM 13 June 2026,4.39 kWh,$1.23,actual
07:00PM 13 June 2026,2.56 kWh,$0.74,actual
08:00PM 13 June 2026,2.43 kWh,$0.71,actual
09:00PM 13 June 2026,3.61 kWh,$0.66,actual
10:00PM 13 June 2026,3.69 kWh,$0.68,actual
11:00PM 13 June 2026,4.18 kWh,$0.76,actual
12:00AM 14 June 2026,4.56 kWh,$0.82,actual
01:00AM 14 June 2026,4.51 kWh,$0.81,actual
02:00AM 14 June 2026,4.50 kWh,$0.81,actual
03:00AM 14 June 2026,4.60 kWh,$0.83,actual
04:00AM 14 June 2026,3.37 kWh,$0.62,actual
05:00AM 14 June 2026,1.96 kWh,$0.39,actual
06:00AM 14 June 2026,2.70 kWh,$0.51,actual
07:00AM 14 June 2026,2.30 kWh,$0.67,actual
08:00AM 14 June 2026,2.08 kWh,$0.61,actual
09:00AM 14 June 2026,0.58 kWh,$0.21,actual
10:00AM 14 June 2026,1.55 kWh,$0.47,actual
11:00AM 14 June 2026,1.47 kWh,$0.45,actual
12:00PM 14 June 2026,1.32 kWh,$0.41,actual
01:00PM 14 June 2026,1.18 kWh,$0.37,actual
02:00PM 14 June 2026,0.93 kWh,$0.31,actual
03:00PM 14 June 2026,1.79 kWh,$0.54,actual
04:00PM 14 June 2026,1.35 kWh,$0.42,actual
05:00PM 14 June 2026,2.38 kWh,$0.70,actual
06:00PM 14 June 2026,2.30 kWh,$0.67,actual
07:00PM 14 June 2026,1.91 kWh,$0.57,actual
08:00PM 14 June 2026,2.81 kWh,$0.81,actual
09:00PM 14 June 2026,4.22 kWh,$0.77,actual
10:00PM 14 June 2026,4.09 kWh,$0.74,actual
11:00PM 14 June 2026,3.45 kWh,$0.64,actual
12:00AM 15 June 2026,4.55 kWh,$0.82,actual
01:00AM 15 June 2026,4.54 kWh,$0.82,actual
02:00AM 15 June 2026,4.56 kWh,$0.82,actual
03:00AM 15 June 2026,4.60 kWh,$0.83,actual
04:00AM 15 June 2026,4.62 kWh,$0.83,actual
05:00AM 15 June 2026,2.15 kWh,$0.42,actual
06:00AM 15 June 2026,2.90 kWh,$0.54,actual
07:00AM 15 June 2026,2.76 kWh,$0.80,actual
08:00AM 15 June 2026,0.68 kWh,$0.24,actual
09:00AM 15 June 2026,1.38 kWh,$0.43,actual
10:00AM 15 June 2026,0.88 kWh,$0.29,actual
11:00AM 15 June 2026,0.95 kWh,$0.31,actual
12:00PM 15 June 2026,0.59 kWh,$0.22,actual
01:00PM 15 June 2026,1.88 kWh,$0.56,actual
02:00PM 15 June 2026,1.07 kWh,$0.34,actual
03:00PM 15 June 2026,2.22 kWh,$0.65,actual
04:00PM 15 June 2026,0.87 kWh,$0.29,actual
05:00PM 15 June 2026,2.09 kWh,$0.62,actual
06:00PM 15 June 2026,3.75 kWh,$1.06,actual
07:00PM 15 June 2026,3.80 kWh,$1.08,actual
08:00PM 15 June 2026,1.68 kWh,$0.51,actual
09:00PM 15 June 2026,2.04 kWh,$0.40,actual
10:00PM 15 June 2026,2.27 kWh,$0.44,actual
11:00PM 15 June 2026,3.52 kWh,$0.65,actual
12:00AM 16 June 2026,4.85 kWh,$0.87,actual
01:00AM 16 June 2026,4.27 kWh,$0.77,actual
02:00AM 16 June 2026,4.27 kWh,$0.77,actual
03:00AM 16 June 2026,2.53 kWh,$0.48,actual
04:00AM 16 June 2026,2.02 kWh,$0.39,actual
05:00AM 16 June 2026,1.54 kWh,$0.32,actual
06:00AM 16 June 2026,3.30 kWh,$0.61,actual
07:00AM 16 June 2026,3.67 kWh,$1.04,actual
08:00AM 16 June 2026,2.00 kWh,$0.59,actual
09:00AM 16 June 2026,1.58 kWh,$0.48,actual
10:00AM 16 June 2026,1.41 kWh,$0.43,actual
11:00AM 16 June 2026,1.33 kWh,$0.41,actual
12:00PM 16 June 2026,1.61 kWh,$0.49,actual
01:00PM 16 June 2026,0.57 kWh,$0.21,actual
02:00PM 16 June 2026,0.94 kWh,$0.31,actual
03:00PM 16 June 2026,0.50 kWh,$0.19,actual
04:00PM 16 June 2026,2.04 kWh,$0.60,actual
05:00PM 16 June 2026,2.02 kWh,$0.60,actual
06:00PM 16 June 2026,4.25 kWh,$1.20,actual
07:00PM 16 June 2026,4.01 kWh,$1.13,actual
08:00PM 16 June 2026,2.46 kWh,$0.71,actual
09:00PM 16 June 2026,2.77 kWh,$0.52,actual
10:00PM 16 June 2026,2.52 kWh,$0.48,actual
11:00PM 16 June 2026,2.14 kWh,$0.42,actual
12:00AM 17 June 2026,3.49 kWh,$0.64,actual
01:00AM 17 June 2026,3.57 kWh,$0.66,actual
02:00AM 17 June 2026,3.69 kWh,$0.68,actual
03:00AM 17 June 2026,2.35 kWh,$0.45,actual
04:00AM 17 June 2026,0.77 kWh,$0.18,actual
05:00AM 17 June 2026,0.75 kWh,$0.18,actual
06:00AM 17 June 2026,3.31 kWh,$0.61,actual
07:00AM 17 June 2026,2.65 kWh,$0.77,actual
08:00AM 17 June 2026,1.05 kWh,$0.34,actual
09:00AM 17 June 2026,1.23 kWh,$0.39,actual
10:00AM 17 June 2026,1.20 kWh,$0.38,actual
11:00AM 17 June 2026,1.74 kWh,$0.52,actual
12:00PM 17 June 2026,1.19 kWh,$0.38,actual
01:00PM 17 June 2026,2.13 kWh,$0.63,actual
02:00PM 17 June 2026,1.04 kWh,$0.33,actual
03:00PM 17 June 2026,2.11 kWh,$0.62,actual
04:00PM 17 June 2026,3.40 kWh,$0.97,actual
05:00PM 17 June 2026,4.07 kWh,$1.15,actual
06:00PM 17 June 2026,3.86 kWh,$1.09,actual
07:00PM 17 June 2026,3.85 kWh,$1.09,actual
08:00PM 17 June 2026,2.41 kWh,$0.70,actual
09:00PM 17 June 2026,4.40 kWh,$0.80,actual
10:00PM 17 June 2026,4.44 kWh,$0.80,actual
11:00PM 17 June 2026,3.93 kWh,$0.72,actual
12:00AM 18 June 2026,4.87 kWh,$0.88,actual
01:00AM 18 June 2026,4.84 kWh,$0.87,actual
02:00AM 18 June 2026,4.85 kWh,$0.87,actual
03:00AM 18 June 2026,4.93 kWh,$0.88,actual
04:00AM 18 June 2026,5.00 kWh,$0.90,actual
05:00AM 18 June 2026,3.16 kWh,$0.59,actual
06:00AM 18 June 2026,2.88 kWh,$0.54,actual
07:00AM 18 June 2026,3.21 kWh,$0.92,actual
08:00AM 18 June 2026,2.44 kWh,$0.71,actual
09:00AM 18 June 2026,2.75 kWh,$0.79,actual
10:00AM 18 June 2026,2.01 kWh,$0.60,actual
11:00AM 18 June 2026,1.52 kWh,$0.46,actual
12:00PM 18 June 2026,2.58 kWh,$0.75,actual
01:00PM 18 June 2026,1.23 kWh,$0.39,actual
02:00PM 18 June 2026,0.66 kWh,$0.23,actual
03:00PM 18 June 2026,1.77 kWh,$0.53,actual
04:00PM 18 June 2026,1.74 kWh,$0.52,actual
05:00PM 18 June 2026,2.80 kWh,$0.81,actual
06:00PM 18 June 2026,4.45 kWh,$1.25,actual
07:00PM 18 June 2026,4.06 kWh,$1.14,actual
08:00PM 18 June 2026,2.60 kWh,$0.75,actual
09:00PM 18 June 2026,4.40 kWh,$0.80,actual
10:00PM 18 June 2026,4.39 kWh,$0.79,actual
11:00PM 18 June 2026,5.47 kWh,$0.98,actual
12:00AM 19 June 2026,5.03 kWh,$0.90,actual
01:00AM 19 June 2026,4.95 kWh,$0.89,actual
02:00AM 19 June 2026,4.76 kWh,$0.86,actual
03:00AM 19 June 2026,2.15 kWh,$0.42,actual
04:00AM 19 June 2026,2.19 kWh,$0.42,actual
05:00AM 19 June 2026,2.72 kWh,$0.51,actual
06:00AM 19 June 2026,4.29 kWh,$0.78,actual
07:00AM 19 June 2026,2.97 kWh,$0.85,actual
08:00AM 19 June 2026,2.26 kWh,$0.66,actual
09:00AM 19 June 2026,1.49 kWh,$0.46,actual
10:00AM 19 June 2026,1.86 kWh,$0.55,actual
11:00AM 19 June 2026,2.38 kWh,$0.69,actual
12:00PM 19 June 2026,2.87 kWh,$0.83,actual
01:00PM 19 June 2026,0.63 kWh,$0.23,actual
02:00PM 19 June 2026,0.72 kWh,$0.25,actual
03:00PM 19 June 2026,0.47 kWh,$0.18,actual
04:00PM 19 June 2026,2.28 kWh,$0.67,actual
05:00PM 19 June 2026,2.85 kWh,$0.82,actual
06:00PM 19 June 2026,3.47 kWh,$0.99,actual
07:00PM 19 June 2026,2.81 kWh,$0.81,actual
08:00PM 19 June 2026,2.29 kWh,$0.67,actual
09:00PM 19 June 2026,3.34 kWh,$0.62,actual
10:00PM 19 June 2026,3.33 kWh,$0.61,actual
11:00PM 19 June 2026,3.39 kWh,$0.63,actual
12:00AM 20 June 2026,4.55 kWh,$0.82,actual
01:00AM 20 June 2026,4.48 kWh,$0.81,actual
02:00AM 20 June 2026,4.51 kWh,$0.81,actual
03:00AM 20 June 2026,3.74 kWh,$0.68,actual
04:00AM 20 June 2026,1.71 kWh,$0.34,actual
05:00AM 20 June 2026,1.35 kWh,$0.28,actual
06:00AM 20 June 2026,2.23 kWh,$0.43,actual
07:00AM 20 June 2026,1.27 kWh,$0.40,actual
08:00AM 20 June 2026,2.03 kWh,$0.60,actual
09:00AM 20 June 2026,1.81 kWh,$0.54,actual
10:00AM 20 June 2026,1.09 kWh,$0.35,actual
11:00AM 20 June 2026,1.26 kWh,$0.39,actual
12:00PM 20 June 2026,2.34 kWh,$0.68,actual
01:00PM 20 June 2026,1.20 kWh,$0.38,actual
02:00PM 20 June 2026,0.88 kWh,$0.29,actual
03:00PM 20 June 2026,0.59 kWh,$0.21,actual
04:00PM 20 June 2026,0.88 kWh,$0.29,actual
05:00PM 20 June 2026,1.95 kWh,$0.58,actual
06:00PM 20 June 2026,2.66 kWh,$0.77,actual
07:00PM 20 June 2026,2.13 kWh,$0.63,actual
08:00PM 20 June 2026,0.93 kWh,$0.31,actual
09:00PM 20 June 2026,1.37 kWh,$0.29,actual
10:00PM 20 June 2026,2.85 kWh,$0.54,actual
11:00PM 20 June 2026,3.89 kWh,$0.71,actual
12:00AM 21 June 2026,5.21 kWh,$0.93,actual
01:00AM 21 June 2026,5.17 kWh,$0.93,actual
02:00AM 21 June 2026,5.18 kWh,$0.93,actual
03:00AM 21 June 2026,3.13 kWh,$0.58,actual
04:00AM 21 June 2026,2.68 kWh,$0.51,actual
05:00AM 21 June 2026,2.10 kWh,$0.41,actual
06:00AM 21 June 2026,2.73 kWh,$0.51,actual
07:00AM 21 June 2026,2.53 kWh,$0.74,actual
08:00AM 21 June 2026,2.52 kWh,$0.73,actual
09:00AM 21 June 2026,1.17 kWh,$0.37,actual
10:00AM 21 June 2026,0.83 kWh,$0.28,actual
11:00AM 21 June 2026,1.43 kWh,$0.44,actual
12:00PM 21 June 2026,0.97 kWh,$0.32,actual
01:00PM 21 June 2026,1.58 kWh,$0.48,actual
02:00PM 21 June 2026,2.15 kWh,$0.63,actual
03:00PM 21 June 2026,1.38 kWh,$0.43,actual
04:00PM 21 June 2026,0.72 kWh,$0.25,actual
05:00PM 21 June 2026,3.16 kWh,$0.90,actual
06:00PM 21 June 2026,3.71 kWh,$1.05,actual
07:00PM 21 June 2026,3.71 kWh,$1.05,actual
08:00PM 21 June 2026,3.02 kWh,$0.87,actual
09:00PM 21 June 2026,2.44 kWh,$0.47,actual
10:00PM 21 June 2026,3.20 kWh,$0.59,actual
11:00PM 21 June 2026,3.82 kWh,$0.70,actual
12:00AM 22 June 2026,5.01 kWh,$0.90,actual
01:00AM 22 June 2026,5.02 kWh,$0.90,actual
02:00AM 22 June 2026,5.09 kWh,$0.91,actual
03:00AM 22 June 2026,4.38 kWh,$0.79,actual
04:00AM 22 June 2026,3.10 kWh,$0.58,actual
05:00AM 22 June 2026,2.95 kWh,$0.55,actual
06:00AM 22 June 2026,4.94 kWh,$0.89,actual
07:00AM 22 June 2026,2.90 kWh,$0.83,actual
08:00AM 22 June 2026,2.00 kWh,$0.59,actual
09:00AM 22 June 2026,0.58 kWh,$0.21,actual
10:00AM 22 June 2026,1.95 kWh,$0.58,actual
11:00AM 22 June 2026,2.01 kWh,$0.60,actual
12:00PM 22 June 2026,1.89 kWh,$0.56,actual
01:00PM 22 June 2026,2.65 kWh,$0.77,actual
02:00PM 22 June 2026,1.53 kWh,$0.47,actual
03:00PM 22 June 2026,1.96 kWh,$0.58,actual
04:00PM 22 June 2026,1.49 kWh,$0.45,actual
05:00PM 22 June 2026,3.86 kWh,$1.09,actual
06:00PM 22 June 2026,5.06 kWh,$1.41,actual
07:00PM 22 June 2026,4.87 kWh,$1.36,actual
08:00PM 22 June 2026,2.73 kWh,$0.79,actual
09:00PM 22 June 2026,4.23 kWh,$0.77,actual
10:00PM 22 June 2026,4.06 kWh,$0.74,actual
11:00PM 22 June 2026,4.08 kWh,$0.74,actual
12:00AM 23 June 2026,4.74 kWh,$0.85,actual
01:00AM 23 June 2026,4.83 kWh,$0.87,actual
02:00AM 23 June 2026,4.86 kWh,$0.87,actual
03:00AM 23 June 2026,2.33 kWh,$0.45,actual
04:00AM 23 June 2026,2.11 kWh,$0.41,actual
05:00AM 23 June 2026,1.86 kWh,$0.37,actual
06:00AM 23 June 2026,4.88 kWh,$0.88,actual
07:00AM 23 June 2026,3.45 kWh,$0.98,actual
08:00AM 23 June 2026,1.61 kWh,$0.49,actual
09:00AM 23 June 2026,1.58 kWh,$0.48,actual
10:00AM 23 June 2026,1.61 kWh,$0.49,actual
11:00AM 23 June 2026,3.97 kWh,$1.12,actual
12:00PM 23 June 2026,2.31 kWh,$0.68,actual
01:00PM 23 June 2026,1.28 kWh,$0.40,actual
02:00PM 23 June 2026,1.62 kWh,$0.49,actual
03:00PM 23 June 2026,1.21 kWh,$0.38,actual
04:00PM 23 June 2026,2.26 kWh,$0.66,actual
05:00PM 23 June 2026,3.26 kWh,$0.93,actual
06:00PM 23 June 2026,4.73 kWh,$1.32,actual
07:00PM 23 June 2026,3.95 kWh,$1.11,actual
08:00PM 23 June 2026,1.82 kWh,$0.54,actual
09:00PM 23 June 2026,3.34 kWh,$0.62,actual
10:00PM 23 June 2026,4.53 kWh,$0.82,actual
11:00PM 23 June 2026,4.04 kWh,$0.73,actual
12:00AM 24 June 2026,4.83 kWh,$0.87,actual
01:00AM 24 June 2026,4.89 kWh,$0.88,actual
02:00AM 24 June 2026,4.89 kWh,$0.88,actual
03:00AM 24 June 2026,4.91 kWh,$0.88,actual
04:00AM 24 June 2026,2.57 kWh,$0.49,actual
05:00AM 24 June 2026,2.18 kWh,$0.42,actual
06:00AM 24 June 2026,4.64 kWh,$0.84,actual
07:00AM 24 June 2026,2.02 kWh,$0.60,actual
08:00AM 24 June 2026,0.99 kWh,$0.32,actual
09:00AM 24 June 2026,0.67 kWh,$0.23,actual
10:00AM 24 June 2026,1.24 kWh,$0.39,actual
11:00AM 24 June 2026,1.32 kWh,$0.41,actual
12:00PM 24 June 2026,1.81 kWh,$0.54,actual
01:00PM 24 June 2026,3.43 kWh,$0.97,actual
02:00PM 24 June 2026,1.71 kWh,$0.51,actual
03:00PM 24 June 2026,1.83 kWh,$0.55,actual
04:00PM 24 June 2026,1.44 kWh,$0.44,actual
05:00PM 24 June 2026,3.11 kWh,$0.89,actual
06:00PM 24 June 2026,5.39 kWh,$1.50,actual
07:00PM 24 June 2026,3.51 kWh,$1.00,actual
08:00PM 24 June 2026,2.28 kWh,$0.67,actual
09:00PM 24 June 2026,3.85 kWh,$0.70,actual
10:00PM 24 June 2026,3.60 kWh,$0.66,actual
11:00PM 24 June 2026,3.98 kWh,$0.72,actual
12:00AM 25 June 2026,5.29 kWh,$0.94,actual
01:00AM 25 June 2026,5.24 kWh,$0.94,actual
02:00AM 25 June 2026,5.09 kWh,$0.91,actual
03:00AM 25 June 2026,4.11 kWh,$0.75,actual
04:00AM 25 June 2026,2.78 kWh,$0.52,actual
05:00AM 25 June 2026,3.46 kWh,$0.64,actual
06:00AM 25 June 2026,3.16 kWh,$0.59,actual
07:00AM 25 June 2026,2.24 kWh,$0.66,actual
08:00AM 25 June 2026,1.62 kWh,$0.49,actual
09:00AM 25 June 2026,1.23 kWh,$0.38,actual
10:00AM 25 June 2026,0.43 kWh,$0.17,actual
11:00AM 25 June 2026,0.52 kWh,$0.19,actual
12:00PM 25 June 2026,1.81 kWh,$0.54,actual
01:00PM 25 June 2026,1.32 kWh,$0.41,actual
02:00PM 25 June 2026,1.39 kWh,$0.43,actual
03:00PM 25 June 2026,3.11 kWh,$0.89,actual
04:00PM 25 June 2026,1.18 kWh,$0.37,actual
05:00PM 25 June 2026,1.07 kWh,$0.34,actual
06:00PM 25 June 2026,2.49 kWh,$0.72,actual
07:00PM 25 June 2026,4.48 kWh,$1.26,actual
08:00PM 25 June 2026,2.44 kWh,$0.71,actual
09:00PM 25 June 2026,3.14 kWh,$0.58,actual
10:00PM 25 June 2026,2.99 kWh,$0.56,actual
11:00PM 25 June 2026,3.40 kWh,$0.63,actual
12:00AM 26 June 2026,4.60 kWh,$0.83,actual
01:00AM 26 June 2026,4.60 kWh,$0.83,actual
02:00AM 26 June 2026,4.68 kWh,$0.84,actual
03:00AM 26 June 2026,4.65 kWh,$0.84,actual
04:00AM 26 June 2026,2.07 kWh,$0.40,actual
05:00AM 26 June 2026,2.55 kWh,$0.48,actual
06:00AM 26 June 2026,3.31 kWh,$0.61,actual
07:00AM 26 June 2026,3.50 kWh,$0.99,actual
08:00AM 26 June 2026,2.56 kWh,$0.74,actual
09:00AM 26 June 2026,2.86 kWh,$0.82,actual
10:00AM 26 June 2026,1.36 kWh,$0.42,actual
11:00AM 26 June 2026,0.93 kWh,$0.31,actual
12:00PM 26 June 2026,2.46 kWh,$0.71,actual
01:00PM 26 June 2026,1.51 kWh,$0.46,actual
02:00PM 26 June 2026,1.23 kWh,$0.38,actual
03:00PM 26 June 2026,2.78 kWh,$0.80,actual
04:00PM 26 June 2026,3.31 kWh,$0.94,actual
05:00PM 26 June 2026,2.64 kWh,$0.76,actual
06:00PM 26 June 2026,4.49 kWh,$1.26,actual
07:00PM 26 June 2026,4.17 kWh,$1.17,actual
08:00PM 26 June 2026,1.96 kWh,$0.58,actual
09:00PM 26 June 2026,3.67 kWh,$0.67,actual
10:00PM 26 June 2026,4.59 kWh,$0.83,actual
11:00PM 26 June 2026,3.86 kWh,$0.71,actual
12:00AM 27 June 2026,4.85 kWh,$0.87,actual
01:00AM 27 June 2026,4.88 kWh,$0.88,actual
02:00AM 27 June 2026,4.88 kWh,$0.88,actual
03:00AM 27 June 2026,5.00 kWh,$0.90,actual
04:00AM 27 June 2026,2.87 kWh,$0.54,actual
05:00AM 27 June 2026,2.56 kWh,$0.49,actual
06:00AM 27 June 2026,2.25 kWh,$0.43,actual
07:00AM 27 June 2026,3.15 kWh,$0.90,actual
08:00AM 27 June 2026,4.27 kWh,$1.20,actual
09:00AM 27 June 2026,3.53 kWh,$1.00,actual
10:00AM 27 June 2026,2.62 kWh,$0.76,actual
11:00AM 27 June 2026,3.14 kWh,$0.90,actual
12:00PM 27 June 2026,2.85 kWh,$0.82,actual
01:00PM 27 June 2026,3.62 kWh,$1.03,actual
02:00PM 27 June 2026,2.55 kWh,$0.74,actual
03:00PM 27 June 2026,2.92 kWh,$0.84,actual
04:00PM 27 June 2026,3.61 kWh,$1.02,actual
05:00PM 27 June 2026,3.80 kWh,$1.07,actual
06:00PM 27 June 2026,4.47 kWh,$1.26,actual
07:00PM 27 June 2026,1.99 kWh,$0.59,actual
08:00PM 27 June 2026,1.22 kWh,$0.38,actual
09:00PM 27 June 2026,3.40 kWh,$0.63,actual
10:00PM 27 June 2026,3.51 kWh,$0.65,actual
11:00PM 27 June 2026,3.69 kWh,$0.68,actual
12:00AM 28 June 2026,4.56 kWh,$0.82,actual
01:00AM 28 June 2026,4.60 kWh,$0.83,actual
02:00AM 28 June 2026,4.66 kWh,$0.84,actual
03:00AM 28 June 2026,4.63 kWh,$0.83,actual
04:00AM 28 June 2026,3.47 kWh,$0.64,actual
05:00AM 28 June 2026,3.04 kWh,$0.57,actual
06:00AM 28 June 2026,2.81 kWh,$0.53,actual
07:00AM 28 June 2026,3.22 kWh,$0.92,actual
08:00AM 28 June 2026,2.88 kWh,$0.83,actual
09:00AM 28 June 2026,2.79 kWh,$0.80,actual
10:00AM 28 June 2026,2.52 kWh,$0.73,actual
11:00AM 28 June 2026,2.71 kWh,$0.78,actual
12:00PM 28 June 2026,1.59 kWh,$0.48,actual
01:00PM 28 June 2026,0.51 kWh,$0.19,actual
02:00PM 28 June 2026,0.64 kWh,$0.23,actual
03:00PM 28 June 2026,1.47 kWh,$0.45,actual
04:00PM 28 June 2026,3.30 kWh,$0.94,actual
05:00PM 28 June 2026,2.52 kWh,$0.73,actual
06:00PM 28 June 2026,4.42 kWh,$1.24,actual
07:00PM 28 June 2026,3.32 kWh,$0.95,actual
08:00PM 28 June 2026,3.46 kWh,$0.98,actual
09:00PM 28 June 2026,3.86 kWh,$0.71,actual
10:00PM 28 June 2026,5.18 kWh,$0.93,actual
11:00PM 28 June 2026,4.14 kWh,$0.75,actual
12:00AM 29 June 2026,4.78 kWh,$0.86,actual
01:00AM 29 June 2026,4.77 kWh,$0.86,actual
02:00AM 29 June 2026,4.76 kWh,$0.86,actual
03:00AM 29 June 2026,2.36 kWh,$0.45,actual
04:00AM 29 June 2026,1.88 kWh,$0.37,actual
05:00AM 29 June 2026,2.92 kWh,$0.55,actual
06:00AM 29 June 2026,3.67 kWh,$0.67,actual
07:00AM 29 June 2026,2.31 kWh,$0.67,actual
08:00AM 29 June 2026,0.64 kWh,$0.23,actual
09:00AM 29 June 2026,1.05 kWh,$0.34,actual
10:00AM 29 June 2026,0.56 kWh,$0.21,actual
11:00AM 29 June 2026,0.51 kWh,$0.19,actual
12:00PM 29 June 2026,3.33 kWh,$0.95,actual
01:00PM 29 June 2026,1.55 kWh,$0.47,actual
02:00PM 29 June 2026,1.28 kWh,$0.40,actual
03:00PM 29 June 2026,2.83 kWh,$0.81,actual
04:00PM 29 June 2026,1.81 kWh,$0.54,actual
05:00PM 29 June 2026,3.07 kWh,$0.88,actual
06:00PM 29 June 2026,4.22 kWh,$1.19,actual
07:00PM 29 June 2026,4.74 kWh,$1.33,actual
08:00PM 29 June 2026,2.15 kWh,$0.63,actual
09:00PM 29 June 2026,3.24 kWh,$0.60,actual
10:00PM 29 June 2026,3.59 kWh,$0.66,actual
11:00PM 29 June 2026,3.00 kWh,$0.56,actual
12:00AM 30 June 2026,3.62 kWh,$0.66,actual
01:00AM 30 June 2026,3.61 kWh,$0.66,actual
02:00AM 30 June 2026,3.58 kWh,$0.66,actual
03:00AM 30 June 2026,3.56 kWh,$0.66,actual
04:00AM 30 June 2026,1.05 kWh,$0.23,actual
05:00AM 30 June 2026,0.91 kWh,$0.21,actual
06:00AM 30 June 2026,3.77 kWh,$0.69,actual
07:00AM 30 June 2026,2.97 kWh,$0.85,actual
08:00AM 30 June 2026,1.89 kWh,$0.56,actual
09:00AM 30 June 2026,1.52 kWh,$0.46,actual
10:00AM 30 June 2026,2.72 kWh,$0.78,actual
11:00AM 30 June 2026,1.53 kWh,$0.47,actual
12:00PM 30 June 2026,1.01 kWh,$0.33,actual
01:00PM 30 June 2026,2.35 kWh,$0.69,actual
02:00PM 30 June 2026,1.00 kWh,$0.32,actual
03:00PM 30 June 2026,2.42 kWh,$0.70,actual
04:00PM 30 June 2026,2.04 kWh,$0.60,actual
05:00PM 30 June 2026,3.01 kWh,$0.86,actual
06:00PM 30 June 2026,3.77 kWh,$1.07,actual
07:00PM 30 June 2026,3.43 kWh,$0.97,actual
08:00PM 30 June 2026,2.06 kWh,$0.61,actual
09:00PM 30 June 2026,4.00 kWh,$0.73,actual
10:00PM 30 June 2026,2.82 kWh,$0.53,actual
11:00PM 30 June 2026,4.13 kWh,$0.75,actual
12:00AM 1 July 2026,5.27 kWh,$0.94,actual
01:00AM 1 July 2026,4.66 kWh,$0.84,actual
02:00AM 1 July 2026,4.86 kWh,$0.87,actual
03:00AM 1 July 2026,3.52 kWh,$0.65,actual
04:00AM 1 July 2026,2.21 kWh,$0.43,actual
05:00AM 1 July 2026,4.05 kWh,$0.74,actual
06:00AM 1 July 2026,4.24 kWh,$0.77,actual
07:00AM 1 July 2026,3.10 kWh,$0.89,actual
08:00AM 1 July 2026,0.71 kWh,$0.25,actual
09:00AM 1 July 2026,1.25 kWh,$0.39,actual
10:00AM 1 July 2026,0.42 kWh,$0.17,actual
11:00AM 1 July 2026,1.69 kWh,$0.51,actual
12:00PM 1 July 2026,1.64 kWh,$0.49,actual
01:00PM 1 July 2026,1.78 kWh,$0.53,actual
02:00PM 1 July 2026,1.42 kWh,$0.44,actual
03:00PM 1 July 2026,3.05 kWh,$0.87,actual
04:00PM 1 July 2026,2.05 kWh,$0.60,actual
05:00PM 1 July 2026,3.47 kWh,$0.99,actual
06:00PM 1 July 2026,5.18 kWh,$1.44,actual
07:00PM 1 July 2026,2.90 kWh,$0.83,actual
08:00PM 1 July 2026,1.54 kWh,$0.47,actual
09:00PM 1 July 2026,2.04 kWh,$0.40,actual
10:00PM 1 July 2026,2.71 kWh,$0.51,actual
11:00PM 1 July 2026,3.66 kWh,$0.67,actual
12:00AM 2 July 2026,4.59 kWh,$0.83,actual
01:00AM 2 July 2026,4.63 kWh,$0.84,actual
02:00AM 2 July 2026,4.61 kWh,$0.83,actual
03:00AM 2 July 2026,4.73 kWh,$0.85,actual
04:00AM 2 July 2026,4.94 kWh,$0.89,actual
05:00AM 2 July 2026,2.66 kWh,$0.50,actual
06:00AM 2 July 2026,3.87 kWh,$0.71,actual
07:00AM 2 July 2026,3.46 kWh,$0.98,actual
08:00AM 2 July 2026,2.42 kWh,$0.71,actual
09:00AM 2 July 2026,1.56 kWh,$0.47,actual
10:00AM 2 July 2026,1.63 kWh,$0.49,actual
11:00AM 2 July 2026,0.69 kWh,$0.24,actual
12:00PM 2 July 2026,1.38 kWh,$0.43,actual
01:00PM 2 July 2026,0.50 kWh,$0.19,actual
02:00PM 2 July 2026,0.45 kWh,$0.18,actual
03:00PM 2 July 2026,2.15 kWh,$0.63,actual
04:00PM 2 July 2026,0.95 kWh,$0.31,actual
05:00PM 2 July 2026,1.04 kWh,$0.33,actual
06:00PM 2 July 2026,1.52 kWh,$0.46,actual
07:00PM 2 July 2026,4.43 kWh,$1.24,actual
08:00PM 2 July 2026,3.08 kWh,$0.88,actual
09:00PM 2 July 2026,3.68 kWh,$0.67,actual
10:00PM 2 July 2026,4.12 kWh,$0.75,actual
11:00PM 2 July 2026,3.49 kWh,$0.64,actual
12:00AM 3 July 2026,4.74 kWh,$0.85,actual
01:00AM 3 July 2026,4.82 kWh,$0.87,actual
02:00AM 3 July 2026,4.85 kWh,$0.87,actual
03:00AM 3 July 2026,3.45 kWh,$0.64,actual
04:00AM 3 July 2026,2.63 kWh,$0.50,actual
05:00AM 3 July 2026,1.86 kWh,$0.37,actual
06:00AM 3 July 2026,5.25 kWh,$0.94,actual
07:00AM 3 July 2026,3.54 kWh,$1.01,actual
08:00AM 3 July 2026,3.00 kWh,$0.86,actual
09:00AM 3 July 2026,2.13 kWh,$0.63,actual
10:00AM 3 July 2026,1.16 kWh,$0.37,actual
11:00AM 3 July 2026,0.47 kWh,$0.18,actual
12:00PM 3 July 2026,0.73 kWh,$0.25,actual
01:00PM 3 July 2026,1.52 kWh,$0.46,actual
02:00PM 3 July 2026,1.73 kWh,$0.52,actual
03:00PM 3 July 2026,1.37 kWh,$0.42,actual
04:00PM 3 July 2026,1.34 kWh,$0.41,actual
05:00PM 3 July 2026,3.32 kWh,$0.95,actual
06:00PM 3 July 2026,3.07 kWh,$0.88,actual
07:00PM 3 July 2026,4.04 kWh,$1.14,actual
08:00PM 3 July 2026,3.68 kWh,$1.04,actual
09:00PM 3 July 2026,3.82 kWh,$0.70,actual
10:00PM 3 July 2026,3.60 kWh,$0.66,actual
11:00PM 3 July 2026,3.47 kWh,$0.64,actual
12:00AM 4 July 2026,4.37 kWh,$0.79,actual
01:00AM 4 July 2026,4.38 kWh,$0.79,actual
02:00AM 4 July 2026,4.46 kWh,$0.81,actual
03:00AM 4 July 2026,2.06 kWh,$0.40,actual
04:00AM 4 July 2026,1.73 kWh,$0.35,actual
05:00AM 4 July 2026,1.66 kWh,$0.33,actual
06:00AM 4 July 2026,1.28 kWh,$0.27,actual
07:00AM 4 July 2026,2.10 kWh,$0.62,actual
08:00AM 4 July 2026,2.21 kWh,$0.65,actual
09:00AM 4 July 2026,1.87 kWh,$0.56,actual
10:00AM 4 July 2026,1.36 kWh,$0.42,actual
11:00AM 4 July 2026,0.82 kWh,$0.27,actual
12:00PM 4 July 2026,1.03 kWh,$0.33,actual
01:00PM 4 July 2026,0.49 kWh,$0.19,actual
02:00PM 4 July 2026,1.90 kWh,$0.57,actual
03:00PM 4 July 2026,3.39 kWh,$0.97,actual
04:00PM 4 July 2026,2.53 kWh,$0.74,actual
05:00PM 4 July 2026,2.65 kWh,$0.77,actual
06:00PM 4 July 2026,3.51 kWh,$1.00,actual
07:00PM 4 July 2026,3.35 kWh,$0.96,actual
08:00PM 4 July 2026,1.60 kWh,$0.48,actual
09:00PM 4 July 2026,2.57 kWh,$0.49,actual
10:00PM 4 July 2026,2.82 kWh,$0.53,actual
11:00PM 4 July 2026,3.27 kWh,$0.61,actual
12:00AM 5 July 2026,4.61 kWh,$0.83,actual
01:00AM 5 July 2026,4.61 kWh,$0.83,actual
02:00AM 5 July 2026,4.52 kWh,$0.82,actual
03:00AM 5 July 2026,4.54 kWh,$0.82,actual
04:00AM 5 July 2026,4.00 kWh,$0.73,actual
05:00AM 5 July 2026,1.98 kWh,$0.39,actual
06:00AM 5 July 2026,2.69 kWh,$0.51,actual
07:00AM 5 July 2026,2.36 kWh,$0.69,actual
08:00AM 5 July 2026,1.55 kWh,$0.47,actual
09:00AM 5 July 2026,0.53 kWh,$0.20,actual
10:00AM 5 July 2026,1.72 kWh,$0.52,actual
11:00AM 5 July 2026,1.26 kWh,$0.39,actual
12:00PM 5 July 2026,0.64 kWh,$0.23,actual
01:00PM 5 July 2026,2.26 kWh,$0.66,actual
02:00PM 5 July 2026,0.62 kWh,$0.22,actual
03:00PM 5 July 2026,2.16 kWh,$0.63,actual
04:00PM 5 July 2026,3.81 kWh,$1.08,actual
05:00PM 5 July 2026,2.29 kWh,$0.67,actual
06:00PM 5 July 2026,3.56 kWh,$1.01,actual
07:00PM 5 July 2026,3.31 kWh,$0.94,actual
08:00PM 5 July 2026,3.74 kWh,$1.06,actual
09:00PM 5 July 2026,3.41 kWh,$0.63,actual
10:00PM 5 July 2026,2.80 kWh,$0.53,actual
11:00PM 5 July 2026,3.38 kWh,$0.62,actual
12:00AM 6 July 2026,4.57 kWh,$0.82,actual
01:00AM 6 July 2026,4.55 kWh,$0.82,actual
02:00AM 6 July 2026,4.64 kWh,$0.84,actual
03:00AM 6 July 2026,4.61 kWh,$0.83,actual
04:00AM 6 July 2026,1.86 kWh,$0.37,actual
05:00AM 6 July 2026,2.03 kWh,$0.40,actual
06:00AM 6 July 2026,3.23 kWh,$0.60,actual
07:00AM 6 July 2026,3.59 kWh,$1.02,actual
08:00AM 6 July 2026,2.29 kWh,$0.67,actual
09:00AM 6 July 2026,1.75 kWh,$0.52,actual
10:00AM 6 July 2026,1.85 kWh,$0.55,actual
11:00AM 6 July 2026,2.07 kWh,$0.61,actual
12:00PM 6 July 2026,1.48 kWh,$0.45,actual
01:00PM 6 July 2026,2.98 kWh,$0.85,actual
02:00PM 6 July 2026,2.57 kWh,$0.75,actual
03:00PM 6 July 2026,2.46 kWh,$0.72,actual
04:00PM 6 July 2026,3.56 kWh,$1.01,actual
05:00PM 6 July 2026,2.90 kWh,$0.83,actual
06:00PM 6 July 2026,4.12 kWh,$1.16,actual
07:00PM 6 July 2026,3.48 kWh,$0.99,actual
08:00PM 6 July 2026,1.89 kWh,$0.56,actual
09:00PM 6 July 2026,2.47 kWh,$0.47,actual
10:00PM 6 July 2026,2.40 kWh,$0.46,actual
11:00PM 6 July 2026,2.99 kWh,$0.56,actual
12:00AM 7 July 2026,4.26 kWh,$0.77,actual
01:00AM 7 July 2026,4.36 kWh,$0.79,actual
02:00AM 7 July 2026,4.37 kWh,$0.79,actual
03:00AM 7 July 2026,4.38 kWh,$0.79,actual
04:00AM 7 July 2026,2.21 kWh,$0.43,actual
05:00AM 7 July 2026,1.62 kWh,$0.33,actual
06:00AM 7 July 2026,1.76 kWh,$0.35,actual
07:00AM 7 July 2026,1.52 kWh,$0.46,actual
08:00AM 7 July 2026,2.75 kWh,$0.79,actual
09:00AM 7 July 2026,2.21 kWh,$0.65,actual
10:00AM 7 July 2026,0.51 kWh,$0.19,actual
11:00AM 7 July 2026,2.68 kWh,$0.77,actual
12:00PM 7 July 2026,1.98 kWh,$0.59,actual
01:00PM 7 July 2026,1.01 kWh,$0.33,actual
02:00PM 7 July 2026,0.80 kWh,$0.27,actual
03:00PM 7 July 2026,0.41 kWh,$0.17,actual
04:00PM 7 July 2026,3.93 kWh,$1.11,actual
05:00PM 7 July 2026,4.18 kWh,$1.18,actual
06:00PM 7 July 2026,3.94 kWh,$1.11,actual
07:00PM 7 July 2026,3.64 kWh,$1.03,actual
08:00PM 7 July 2026,2.67 kWh,$0.77,actual
09:00PM 7 July 2026,3.07 kWh,$0.57,actual
10:00PM 7 July 2026,2.69 kWh,$0.51,actual
11:00PM 7 July 2026,3.73 kWh,$0.68,actual
12:00AM 8 July 2026,4.64 kWh,$0.84,actual
01:00AM 8 July 2026,4.64 kWh,$0.84,actual
02:00AM 8 July 2026,4.65 kWh,$0.84,actual
03:00AM 8 July 2026,4.54 kWh,$0.82,actual
04:00AM 8 July 2026,4.48 kWh,$0.81,actual
05:00AM 8 July 2026,1.87 kWh,$0.37,actual
06:00AM 8 July 2026,1.65 kWh,$0.33,actual
07:00AM 8 July 2026,2.10 kWh,$0.62,actual
08:00AM 8 July 2026,2.63 kWh,$0.76,actual
09:00AM 8 July 2026,1.99 kWh,$0.59,actual
10:00AM 8 July 2026,0.43 kWh,$0.17,actual
11:00AM 8 July 2026,1.31 kWh,$0.41,actual
12:00PM 8 July 2026,0.69 kWh,$0.24,actual
01:00PM 8 July 2026,1.29 kWh,$0.40,actual
02:00PM 8 July 2026,1.01 kWh,$0.33,actual
03:00PM 8 July 2026,3.25 kWh,$0.93,actual
04:00PM 8 July 2026,3.45 kWh,$0.98,actual
05:00PM 8 July 2026,4.68 kWh,$1.31,actual
06:00PM 8 July 2026,3.87 kWh,$1.09,actual
07:00PM 8 July 2026,4.61 kWh,$1.29,actual
08:00PM 8 July 2026,2.19 kWh,$0.64,actual
09:00PM 8 July 2026,2.69 kWh,$0.51,actual
10:00PM 8 July 2026,3.17 kWh,$0.59,actual
11:00PM 8 July 2026,4.19 kWh,$0.76,actual
12:00AM 9 July 2026,4.80 kWh,$0.86,actual
01:00AM 9 July 2026,4.95 kWh,$0.89,actual
02:00AM 9 July 2026,4.95 kWh,$0.89,actual
03:00AM 9 July 2026,4.88 kWh,$0.88,actual
04:00AM 9 July 2026,2.87 kWh,$0.54,actual
05:00AM 9 July 2026,2.10 kWh,$0.41,actual
06:00AM 9 July 2026,1.97 kWh,$0.39,actual
07:00AM 9 July 2026,2.90 kWh,$0.83,actual
08:00AM 9 July 2026,2.86 kWh,$0.82,actual
09:00AM 9 July 2026,2.82 kWh,$0.81,actual
10:00AM 9 July 2026,0.60 kWh,$0.22,actual
11:00AM 9 July 2026,2.96 kWh,$0.85,actual
12:00PM 9 July 2026,2.40 kWh,$0.70,actual
01:00PM 9 July 2026,2.37 kWh,$0.69,actual
02:00PM 9 July 2026,1.93 kWh,$0.57,actual
03:00PM 9 July 2026,3.27 kWh,$0.93,actual
04:00PM 9 July 2026,3.59 kWh,$1.02,actual
05:00PM 9 July 2026,3.59 kWh,$1.02,actual
06:00PM 9 July 2026,4.46 kWh,$1.25,actual
07:00PM 9 July 2026,4.03 kWh,$1.14,actual
08:00PM 9 July 2026,1.88 kWh,$0.56,actual
09:00PM 9 July 2026,4.21 kWh,$0.76,actual
10:00PM 9 July 2026,4.24 kWh,$0.77,actual
11:00PM 9 July 2026,3.72 kWh,$0.68,actual
12:00AM 10 July 2026,4.48 kWh,$0.81,actual
01:00AM 10 July 2026,4.52 kWh,$0.81,actual
02:00AM 10 July 2026,4.54 kWh,$0.82,actual
03:00AM 10 July 2026,4.54 kWh,$0.82,actual
04:00AM 10 July 2026,4.60 kWh,$0.83,actual
05:00AM 10 July 2026,1.89 kWh,$0.37,actual
06:00AM 10 July 2026,3.15 kWh,$0.59,actual
07:00AM 10 July 2026,3.40 kWh,$0.97,actual
08:00AM 10 July 2026,3.58 kWh,$1.02,actual
09:00AM 10 July 2026,2.41 kWh,$0.70,actual
10:00AM 10 July 2026,2.23 kWh,$0.65,actual
11:00AM 10 July 2026,1.63 kWh,$0.49,actual
12:00PM 10 July 2026,2.57 kWh,$0.74,actual
01:00PM 10 July 2026,1.02 kWh,$0.33,actual
02:00PM 10 July 2026,1.87 kWh,$0.56,actual
03:00PM 10 July 2026,0.43 kWh,$0.17,actual
04:00PM 10 July 2026,3.74 kWh,$1.06,actual
05:00PM 10 July 2026,3.29 kWh,$0.94,actual
06:00PM 10 July 2026,4.01 kWh,$1.13,actual
07:00PM 10 July 2026,4.65 kWh,$1.30,actual
08:00PM 10 July 2026,3.56 kWh,$1.01,actual
09:00PM 10 July 2026,4.64 kWh,$0.84,actual
10:00PM 10 July 2026,5.05 kWh,$0.91,actual
11:00PM 10 July 2026,4.63 kWh,$0.84,actual
12:00AM 11 July 2026,4.88 kWh,$0.88,actual
01:00AM 11 July 2026,5.01 kWh,$0.90,actual
02:00AM 11 July 2026,4.87 kWh,$0.87,actual
03:00AM 11 July 2026,3.87 kWh,$0.71,actual
04:00AM 11 July 2026,2.29 kWh,$0.44,actual
05:00AM 11 July 2026,3.05 kWh,$0.57,actual
06:00AM 11 July 2026,4.42 kWh,$0.80,actual
07:00AM 11 July 2026,3.56 kWh,$1.01,actual
08:00AM 11 July 2026,2.03 kWh,$0.60,actual
09:00AM 11 July 2026,2.81 kWh,$0.81,actual
10:00AM 11 July 2026,4.04 kWh,$1.14,actual
11:00AM 11 July 2026,1.26 kWh,$0.39,actual
12:00PM 11 July 2026,1.72 kWh,$0.52,actual
01:00PM 11 July 2026,2.73 kWh,$0.79,actual
02:00PM 11 July 2026,2.09 kWh,$0.62,actual
03:00PM 11 July 2026,1.71 kWh,$0.52,actual
04:00PM 11 July 2026,2.56 kWh,$0.74,actual
05:00PM 11 July 2026,4.62 kWh,$1.29,actual
06:00PM 11 July 2026,5.77 kWh,$1.60,powerShout
07:00PM 11 July 2026,4.13 kWh,$1.16,actual
08:00PM 11 July 2026,3.57 kWh,$1.01,actual
09:00PM 11 July 2026,3.86 kWh,$0.70,actual
10:00PM 11 July 2026,5.01 kWh,$0.90,actual
11:00PM 11 July 2026,5.19 kWh,$0.93,actual
12:00AM 12 July 2026,5.33 kWh,$0.95,actual
01:00AM 12 July 2026,5.40 kWh,$0.96,actual
02:00AM 12 July 2026,5.33 kWh,$0.95,actual
03:00AM 12 July 2026,6.14 kWh,$1.09,actual
04:00AM 12 July 2026,4.59 kWh,$0.83,actual
05:00AM 12 July 2026,4.80 kWh,$0.86,actual
06:00AM 12 July 2026,5.06 kWh,$0.91,actual
07:00AM 12 July 2026,5.51 kWh,$1.53,actual
08:00AM 12 July 2026,5.17 kWh,$1.44,actual
09:00AM 12 July 2026,4.03 kWh,$1.14,actual
10:00AM 12 July 2026,1.59 kWh,$0.48,actual
11:00AM 12 July 2026,1.36 kWh,$0.42,actual
12:00PM 12 July 2026,1.25 kWh,$0.39,actual
01:00PM 12 July 2026,1.56 kWh,$0.48,actual
02:00PM 12 July 2026,1.48 kWh,$0.45,actual
03:00PM 12 July 2026,1.15 kWh,$0.36,actual
04:00PM 12 July 2026,3.76 kWh,$1.07,actual
05:00PM 12 July 2026,3.22 kWh,$0.92,actual
06:00PM 12 July 2026,4.08 kWh,$1.15,powerShout
07:00PM 12 July 2026,3.07 kWh,$0.88,actual
08:00PM 12 July 2026,2.41 kWh,$0.70,actual
09:00PM 12 July 2026,2.80 kWh,$0.53,actual
10:00PM 12 July 2026,2.62 kWh,$0.50,actual
11:00PM 12 July 2026,3.86 kWh,$0.70,actual
12:00AM 13 July 2026,4.71 kWh,$0.85,actual
01:00AM 13 July 2026,4.74 kWh,$0.85,actual
02:00AM 13 July 2026,4.90 kWh,$0.88,actual
03:00AM 13 July 2026,4.79 kWh,$0.86,actual
04:00AM 13 July 2026,4.55 kWh,$0.82,actual
05:00AM 13 July 2026,2.13 kWh,$0.41,actual
06:00AM 13 July 2026,3.61 kWh,$0.66,actual
07:00AM 13 July 2026,2.69 kWh,$0.78,actual
08:00AM 13 July 2026,2.22 kWh,$0.65,actual
09:00AM 13 July 2026,1.45 kWh,$0.44,actual
10:00AM 13 July 2026,1.48 kWh,$0.45,actual
11:00AM 13 July 2026,2.29 kWh,$0.67,actual
12:00PM 13 July 2026,2.46 kWh,$0.72,actual
01:00PM 13 July 2026,2.22 kWh,$0.65,actual
02:00PM 13 July 2026,1.70 kWh,$0.51,actual
03:00PM 13 July 2026,1.40 kWh,$0.43,actual
04:00PM 13 July 2026,4.66 kWh,$1.31,actual
05:00PM 13 July 2026,3.67 kWh,$1.04,actual
06:00PM 13 July 2026,5.68 kWh,$1.58,powerShout
07:00PM 13 July 2026,3.71 kWh,$1.05,actual
08:00PM 13 July 2026,2.79 kWh,$0.80,actual
09:00PM 13 July 2026,1.89 kWh,$0.37,actual
10:00PM 13 July 2026,2.18 kWh,$0.42,actual
11:00PM 13 July 2026,2.83 kWh,$0.53,actual
12:00AM 14 July 2026,4.33 kWh,$0.78,actual
01:00AM 14 July 2026,4.29 kWh,$0.78,actual
02:00AM 14 July 2026,4.38 kWh,$0.79,actual
03:00AM 14 July 2026,3.92 kWh,$0.72,actual
04:00AM 14 July 2026,1.23 kWh,$0.26,actual
05:00AM 14 July 2026,1.82 kWh,$0.36,actual
06:00AM 14 July 2026,1.59 kWh,$0.32,actual
07:00AM 14 July 2026,2.56 kWh,$0.74,actual
08:00AM 14 July 2026,2.25 kWh,$0.66,actual
09:00AM 14 July 2026,3.05 kWh,$0.87,actual
10:00AM 14 July 2026,1.36 kWh,$0.42,actual
11:00AM 14 July 2026,1.63 kWh,$0.49,actual
12:00PM 14 July 2026,0.60 kWh,$0.22,actual
01:00PM 14 July 2026,0.89 kWh,$0.29,actual
02:00PM 14 July 2026,1.06 kWh,$0.34,actual
03:00PM 14 July 2026,0.64 kWh,$0.23,actual
04:00PM 14 July 2026,0.66 kWh,$0.23,actual
05:00PM 14 July 2026,1.40 kWh,$0.43,actual
06:00PM 14 July 2026,3.53 kWh,$1.00,powerShout
07:00PM 14 July 2026,3.21 kWh,$0.92,actual
08:00PM 14 July 2026,2.00 kWh,$0.59,actual
09:00PM 14 July 2026,2.09 kWh,$0.41,actual
10:00PM 14 July 2026,2.71 kWh,$0.51,actual
11:00PM 14 July 2026,3.17 kWh,$0.59,actual
12:00AM 15 July 2026,4.52 kWh,$0.81,actual
01:00AM 15 July 2026,4.61 kWh,$0.83,actual
02:00AM 15 July 2026,4.61 kWh,$0.83,actual
03:00AM 15 July 2026,4.49 kWh,$0.81,actual
04:00AM 15 July 2026,4.50 kWh,$0.81,actual
05:00AM 15 July 2026,2.35 kWh,$0.45,actual
06:00AM 15 July 2026,1.62 kWh,$0.33,actual
07:00AM 15 July 2026,1.93 kWh,$0.57,actual
08:00AM 15 July 2026,2.59 kWh,$0.75,actual
09:00AM 15 July 2026,1.93 kWh,$0.57,actual
10:00AM 15 July 2026,2.06 kWh,$0.61,actual
11:00AM 15 July 2026,0.94 kWh,$0.31,actual
12:00PM 15 July 2026,0.39 kWh,$0.16,actual
01:00PM 15 July 2026,0.40 kWh,$0.16,actual
02:00PM 15 July 2026,0.66 kWh,$0.23,actual
03:00PM 15 July 2026,2.81 kWh,$0.81,actual
04:00PM 15 July 2026,3.56 kWh,$1.01,actual
05:00PM 15 July 2026,2.60 kWh,$0.75,actual
06:00PM 15 July 2026,4.46 kWh,$1.25,powerShout
07:00PM 15 July 2026,2.94 kWh,$0.84,actual
08:00PM 15 July 2026,1.78 kWh,$0.53,actual
09:00PM 15 July 2026,2.64 kWh,$0.50,actual
10:00PM 15 July 2026,2.76 kWh,$0.52,actual
11:00PM 15 July 2026,3.60 kWh,$0.66,actual
12:00AM 16 July 2026,4.54 kWh,$0.82,actual
01:00AM 16 July 2026,4.47 kWh,$0.81,actual
02:00AM 16 July 2026,4.45 kWh,$0.80,actual
03:00AM 16 July 2026,4.50 kWh,$0.81,actual
04:00AM 16 July 2026,4.55 kWh,$0.82,actual
05:00AM 16 July 2026,2.06 kWh,$0.40,actual
06:00AM 16 July 2026,3.28 kWh,$0.61,actual
07:00AM 16 July 2026,2.20 kWh,$0.65,actual
08:00AM 16 July 2026,2.81 kWh,$0.81,actual
09:00AM 16 July 2026,1.83 kWh,$0.55,actual
10:00AM 16 July 2026,0.99 kWh,$0.32,actual
11:00AM 16 July 2026,0.60 kWh,$0.22,actual
12:00PM 16 July 2026,0.65 kWh,$0.23,actual
01:00PM 16 July 2026,0.89 kWh,$0.29,actual
02:00PM 16 July 2026,0.63 kWh,$0.22,actual
03:00PM 16 July 2026,2.10 kWh,$0.62,actual
04:00PM 16 July 2026,1.84 kWh,$0.55,actual
05:00PM 16 July 2026,2.02 kWh,$0.60,actual
06:00PM 16 July 2026,4.38 kWh,$1.23,actual
07:00PM 16 July 2026,3.81 kWh,$1.08,actual
08:00PM 16 July 2026,2.53 kWh,$0.73,actual
09:00PM 16 July 2026,3.58 kWh,$0.66,actual
10:00PM 16 July 2026,2.88 kWh,$0.54,actual
11:00PM 16 July 2026,3.18 kWh,$0.59,actual
12:00AM 17 July 2026,4.51 kWh,$0.81,actual
01:00AM 17 July 2026,4.52 kWh,$0.82,actual
02:00AM 17 July 2026,4.54 kWh,$0.82,actual
03:00AM 17 July 2026,4.07 kWh,$0.74,actual
04:00AM 17 July 2026,1.56 kWh,$0.32,actual
05:00AM 17 July 2026,1.93 kWh,$0.38,actual
06:00AM 17 July 2026,2.86 kWh,$0.54,actual
07:00AM 17 July 2026,2.52 kWh,$0.73,actual
08:00AM 17 July 2026,2.71 kWh,$0.78,actual
09:00AM 17 July 2026,2.52 kWh,$0.73,actual
10:00AM 17 July 2026,0.78 kWh,$0.27,actual
11:00AM 17 July 2026,1.11 kWh,$0.35,actual
12:00PM 17 July 2026,1.57 kWh,$0.48,actual
01:00PM 17 July 2026,1.00 kWh,$0.33,actual
02:00PM 17 July 2026,1.50 kWh,$0.46,actual
03:00PM 17 July 2026,1.64 kWh,$0.50,actual
04:00PM 17 July 2026,2.60 kWh,$0.75,actual
05:00PM 17 July 2026,2.86 kWh,$0.82,actual
06:00PM 17 July 2026,3.26 kWh,$0.93,actual
07:00PM 17 July 2026,4.23 kWh,$1.19,actual
08:00PM 17 July 2026,2.16 kWh,$0.64,actual
09:00PM 17 July 2026,3.59 kWh,$0.66,actual
10:00PM 17 July 2026,3.22 kWh,$0.60,actual
11:00PM 17 July 2026,3.84 kWh,$0.70,actual
12:00AM 18 July 2026,4.97 kWh,$0.89,actual
01:00AM 18 July 2026,5.02 kWh,$0.90,actual
02:00AM 18 July 2026,4.93 kWh,$0.89,actual
03:00AM 18 July 2026,4.97 kWh,$0.89,actual
04:00AM 18 July 2026,4.28 kWh,$0.77,actual
05:00AM 18 July 2026,3.70 kWh,$0.68,actual
06:00AM 18 July 2026,3.46 kWh,$0.64,actual
07:00AM 18 July 2026,4.29 kWh,$1.21,actual
08:00AM 18 July 2026,4.30 kWh,$1.21,actual
09:00AM 18 July 2026,3.52 kWh,$1.00,actual
10:00AM 18 July 2026,2.97 kWh,$0.85,actual
11:00AM 18 July 2026,1.55 kWh,$0.47,actual
12:00PM 18 July 2026,1.01 kWh,$0.33,actual
01:00PM 18 July 2026,1.78 kWh,$0.53,actual
02:00PM 18 July 2026,1.02 kWh,$0.33,actual
03:00PM 18 July 2026,0.78 kWh,$0.26,actual
04:00PM 18 July 2026,2.87 kWh,$0.83,actual
05:00PM 18 July 2026,4.07 kWh,$1.15,actual
06:00PM 18 July 2026,6.28 kWh,$1.74,powerShout
07:00PM 18 July 2026,3.61 kWh,$1.02,actual
08:00PM 18 July 2026,2.50 kWh,$0.73,actual
09:00PM 18 July 2026,2.32 kWh,$0.45,actual
10:00PM 18 July 2026,4.07 kWh,$0.74,actual
11:00PM 18 July 2026,4.33 kWh,$0.78,actual
12:00AM 19 July 2026,4.83 kWh,$0.87,actual
01:00AM 19 July 2026,4.73 kWh,$0.85,actual
02:00AM 19 July 2026,4.70 kWh,$0.85,actual
03:00AM 19 July 2026,4.80 kWh,$0.86,actual
04:00AM 19 July 2026,4.51 kWh,$0.81,actual
05:00AM 19 July 2026,1.60 kWh,$0.32,actual
06:00AM 19 July 2026,2.56 kWh,$0.49,actual
07:00AM 19 July 2026,2.46 kWh,$0.71,actual
08:00AM 19 July 2026,1.34 kWh,$0.42,actual
09:00AM 19 July 2026,0.81 kWh,$0.27,actual
10:00AM 19 July 2026,0.63 kWh,$0.23,actual
11:00AM 19 July 2026,1.31 kWh,$0.41,actual
12:00PM 19 July 2026,1.79 kWh,$0.54,actual
01:00PM 19 July 2026,1.04 kWh,$0.34,actual
02:00PM 19 July 2026,0.78 kWh,$0.27,actual
03:00PM 19 July 2026,1.39 kWh,$0.43,actual
04:00PM 19 July 2026,2.94 kWh,$0.85,actual
05:00PM 19 July 2026,1.46 kWh,$0.45,actual
06:00PM 19 July 2026,4.43 kWh,$1.24,powerShout
07:00PM 19 July 2026,3.06 kWh,$0.88,actual
08:00PM 19 July 2026,3.62 kWh,$1.03,actual
09:00PM 19 July 2026,3.60 kWh,$0.66,actual
10:00PM 19 July 2026,3.96 kWh,$0.72,actual
11:00PM 19 July 2026,3.52 kWh,$0.65,actual
12:00AM 20 July 2026,4.67 kWh,$0.84,actual
01:00AM 20 July 2026,4.72 kWh,$0.85,actual
02:00AM 20 July 2026,4.76 kWh,$0.86,actual
03:00AM 20 July 2026,6.54 kWh,$1.16,actual
04:00AM 20 July 2026,6.82 kWh,$1.20,actual
05:00AM 20 July 2026,4.43 kWh,$0.80,actual
06:00AM 20 July 2026,5.56 kWh,$0.99,actual
07:00AM 20 July 2026,5.18 kWh,$1.45,actual
08:00AM 20 July 2026,1.40 kWh,$0.43,actual
09:00AM 20 July 2026,1.29 kWh,$0.40,actual
10:00AM 20 July 2026,1.33 kWh,$0.41,actual
11:00AM 20 July 2026,2.29 kWh,$0.67,actual
12:00PM 20 July 2026,1.85 kWh,$0.55,actual
01:00PM 20 July 2026,2.82 kWh,$0.81,actual
02:00PM 20 July 2026,1.13 kWh,$0.36,actual
03:00PM 20 July 2026,2.17 kWh,$0.64,actual
04:00PM 20 July 2026,3.28 kWh,$0.94,actual
05:00PM 20 July 2026,2.32 kWh,$0.68,actual
06:00PM 20 July 2026,6.79 kWh,$1.88,powerShout
07:00PM 20 July 2026,3.83 kWh,$1.08,actual
08:00PM 20 July 2026,1.92 kWh,$0.57,actual
09:00PM 20 July 2026,4.49 kWh,$0.81,actual
10:00PM 20 July 2026,4.07 kWh,$0.74,actual
11:00PM 20 July 2026,3.20 kWh,$0.59,actual
12:00AM 21 July 2026,4.49 kWh,$0.81,actual
01:00AM 21 July 2026,4.60 kWh,$0.83,actual
02:00AM 21 July 2026,4.74 kWh,$0.85,actual
03:00AM 21 July 2026,3.20 kWh,$0.59,actual
04:00AM 21 July 2026,2.11 kWh,$0.41,actual
05:00AM 21 July 2026,2.09 kWh,$0.41,actual
06:00AM 21 July 2026,4.26 kWh,$0.77,actual
07:00AM 21 July 2026,3.82 kWh,$1.08,actual
08:00AM 21 July 2026,0.95 kWh,$0.31,actual
09:00AM 21 July 2026,0.35 kWh,$0.15,actual
10:00AM 21 July 2026,0.50 kWh,$0.19,actual
11:00AM 21 July 2026,3.08 kWh,$0.88,actual
12:00PM 21 July 2026,2.07 kWh,$0.61,actual
01:00PM 21 July 2026,2.10 kWh,$0.62,actual
02:00PM 21 July 2026,2.00 kWh,$0.59,actual
03:00PM 21 July 2026,3.64 kWh,$1.03,actual
04:00PM 21 July 2026,3.66 kWh,$1.04,actual
05:00PM 21 July 2026,3.24 kWh,$0.92,actual
06:00PM 21 July 2026,6.56 kWh,$1.81,powerShout
07:00PM 21 July 2026,4.25 kWh,$1.19,actual
08:00PM 21 July 2026,3.41 kWh,$0.97,actual
09:00PM 21 July 2026,3.90 kWh,$0.71,actual
10:00PM 21 July 2026,4.51 kWh,$0.81,actual
11:00PM 21 July 2026,4.20 kWh,$0.76,actual
12:00AM 22 July 2026,5.47 kWh,$0.97,actual
01:00AM 22 July 2026,4.98 kWh,$0.89,actual
02:00AM 22 July 2026,4.89 kWh,$0.88,actual
03:00AM 22 July 2026,4.86 kWh,$0.87,actual
04:00AM 22 July 2026,2.32 kWh,$0.45,actual
05:00AM 22 July 2026,2.85 kWh,$0.54,actual
06:00AM 22 July 2026,3.27 kWh,$0.61,actual
07:00AM 22 July 2026,3.86 kWh,$1.09,actual
08:00AM 22 July 2026,3.52 kWh,$1.00,actual
09:00AM 22 July 2026,2.69 kWh,$0.78,actual
10:00AM 22 July 2026,1.86 kWh,$0.55,actual
11:00AM 22 July 2026,2.47 kWh,$0.72,actual
12:00PM 22 July 2026,1.39 kWh,$0.43,actual
01:00PM 22 July 2026,0.54 kWh,$0.20,actual
02:00PM 22 July 2026,1.75 kWh,$0.53,actual
03:00PM 22 July 2026,1.20 kWh,$0.38,actual
04:00PM 22 July 2026,2.08 kWh,$0.61,actual
05:00PM 22 July 2026,1.62 kWh,$0.49,actual
06:00PM 22 July 2026,5.78 kWh,$1.61,powerShout
07:00PM 22 July 2026,3.62 kWh,$1.03,actual
08:00PM 22 July 2026,2.97 kWh,$0.85,actual
09:00PM 22 July 2026,2.72 kWh,$0.51,actual
10:00PM 22 July 2026,3.24 kWh,$0.60,actual
11:00PM 22 July 2026,3.67 kWh,$0.67,actual
12:00AM 23 July 2026,4.62 kWh,$0.83,actual
01:00AM 23 July 2026,4.56 kWh,$0.82,actual
02:00AM 23 July 2026,4.57 kWh,$0.82,actual
03:00AM 23 July 2026,4.55 kWh,$0.82,actual
04:00AM 23 July 2026,4.55 kWh,$0.82,actual
05:00AM 23 July 2026,2.34 kWh,$0.45,actual
06:00AM 23 July 2026,2.94 kWh,$0.55,actual
07:00AM 23 July 2026,2.59 kWh,$0.75,actual
08:00AM 23 July 2026,1.97 kWh,$0.58,actual
09:00AM 23 July 2026,1.43 kWh,$0.44,actual
10:00AM 23 July 2026,1.27 kWh,$0.40,actual
11:00AM 23 July 2026,1.03 kWh,$0.33,actual
12:00PM 23 July 2026,1.35 kWh,$0.42,actual
01:00PM 23 July 2026,2.53 kWh,$0.74,actual
02:00PM 23 July 2026,1.54 kWh,$0.47,actual
03:00PM 23 July 2026,2.94 kWh,$0.84,actual
04:00PM 23 July 2026,1.92 kWh,$0.57,actual
05:00PM 23 July 2026,2.04 kWh,$0.60,actual
06:00PM 23 July 2026,2.94 kWh,$0.85,actual
07:00PM 23 July 2026,3.59 kWh,$1.02,actual
08:00PM 23 July 2026,2.80 kWh,$0.81,actual
09:00PM 23 July 2026,3.74 kWh,$0.68,actual
10:00PM 23 July 2026,3.31 kWh,$0.61,actual
11:00PM 23 July 2026,3.97 kWh,$0.72,actual
12:00AM 24 July 2026,4.67 kWh,$0.84,actual
01:00AM 24 July 2026,4.58 kWh,$0.83,actual
02:00AM 24 July 2026,4.36 kWh,$0.79,actual
03:00AM 24 July 2026,3.69 kWh,$0.68,actual
04:00AM 24 July 2026,1.83 kWh,$0.36,actual
05:00AM 24 July 2026,1.58 kWh,$0.32,actual
06:00AM 24 July 2026,1.87 kWh,$0.37,actual
07:00AM 24 July 2026,1.76 kWh,$0.53,actual
08:00AM 24 July 2026,1.60 kWh,$0.48,actual
09:00AM 24 July 2026,1.84 kWh,$0.55,actual
10:00AM 24 July 2026,0.46 kWh,$0.18,actual
11:00AM 24 July 2026,1.21 kWh,$0.38,actual
12:00PM 24 July 2026,1.84 kWh,$0.55,actual
01:00PM 24 July 2026,0.65 kWh,$0.23,actual
02:00PM 24 July 2026,0.64 kWh,$0.23,actual
03:00PM 24 July 2026,1.52 kWh,$0.46,actual
04:00PM 24 July 2026,2.79 kWh,$0.80,actual
05:00PM 24 July 2026,2.38 kWh,$0.69,actual
06:00PM 24 July 2026,3.13 kWh,$0.90,actual
07:00PM 24 July 2026,3.46 kWh,$0.98,actual
08:00PM 24 July 2026,2.44 kWh,$0.71,actual
09:00PM 24 July 2026,3.26 kWh,$0.60,actual
10:00PM 24 July 2026,2.78 kWh,$0.52,actual
11:00PM 24 July 2026,3.32 kWh,$0.61,actual
12:00AM 25 July 2026,4.60 kWh,$0.83,actual
01:00AM 25 July 2026,4.50 kWh,$0.81,actual
02:00AM 25 July 2026,4.52 kWh,$0.82,actual
03:00AM 25 July 2026,4.55 kWh,$0.82,actual
04:00AM 25 July 2026,2.90 kWh,$0.54,actual
05:00AM 25 July 2026,2.38 kWh,$0.46,actual
06:00AM 25 July 2026,1.31 kWh,$0.28,actual
07:00AM 25 July 2026,1.81 kWh,$0.54,actual
08:00AM 25 July 2026,2.99 kWh,$0.86,actual
09:00AM 25 July 2026,1.84 kWh,$0.55,actual
10:00AM 25 July 2026,2.21 kWh,$0.65,actual
11:00AM 25 July 2026,3.59 kWh,$1.02,actual
12:00PM 25 July 2026,3.98 kWh,$1.12,actual
01:00PM 25 July 2026,2.55 kWh,$0.74,actual
02:00PM 25 July 2026,2.26 kWh,$0.66,actual
03:00PM 25 July 2026,2.22 kWh,$0.65,actual
04:00PM 25 July 2026,2.90 kWh,$0.83,actual
05:00PM 25 July 2026,3.34 kWh,$0.95,actual
06:00PM 25 July 2026,5.31 kWh,$1.48,powerShout
07:00PM 25 July 2026,3.88 kWh,$1.10,actual
08:00PM 25 July 2026,2.08 kWh,$0.61,actual
09:00PM 25 July 2026,2.35 kWh,$0.45,actual
10:00PM 25 July 2026,3.98 kWh,$0.73,actual
11:00PM 25 July 2026,4.29 kWh,$0.78,actual
12:00AM 26 July 2026,4.87 kWh,$0.87,actual
01:00AM 26 July 2026,4.92 kWh,$0.88,actual
02:00AM 26 July 2026,4.91 kWh,$0.88,actual
03:00AM 26 July 2026,4.96 kWh,$0.89,actual
04:00AM 26 July 2026,4.96 kWh,$0.89,actual
05:00AM 26 July 2026,3.49 kWh,$0.64,actual
06:00AM 26 July 2026,4.43 kWh,$0.80,actual
07:00AM 26 July 2026,4.86 kWh,$1.36,actual
08:00AM 26 July 2026,3.50 kWh,$0.99,actual
09:00AM 26 July 2026,2.77 kWh,$0.80,actual
10:00AM 26 July 2026,2.37 kWh,$0.69,actual
11:00AM 26 July 2026,1.44 kWh,$0.44,actual
12:00PM 26 July 2026,1.47 kWh,$0.45,actual
01:00PM 26 July 2026,2.13 kWh,$0.63,actual
02:00PM 26 July 2026,1.11 kWh,$0.35,actual
03:00PM 26 July 2026,1.62 kWh,$0.49,actual
04:00PM 26 July 2026,5.69 kWh,$1.58,actual
05:00PM 26 July 2026,3.54 kWh,$1.01,actual
06:00PM 26 July 2026,7.12 kWh,$1.96,powerShout
07:00PM 26 July 2026,2.97 kWh,$0.85,actual
08:00PM 26 July 2026,4.13 kWh,$1.16,actual
09:00PM 26 July 2026,4.29 kWh,$0.78,actual
10:00PM 26 July 2026,6.55 kWh,$1.16,actual
11:00PM 26 July 2026,5.73 kWh,$1.02,actual
12:00AM 27 July 2026,5.24 kWh,$0.94,actual
01:00AM 27 July 2026,5.26 kWh,$0.94,actual
02:00AM 27 July 2026,5.41 kWh,$0.97,actual
03:00AM 27 July 2026,5.34 kWh,$0.95,actual
04:00AM 27 July 2026,3.60 kWh,$0.66,actual
05:00AM 27 July 2026,2.87 kWh,$0.54,actual
06:00AM 27 July 2026,5.77 kWh,$1.03,actual
07:00AM 27 July 2026,4.14 kWh,$1.17,actual
08:00AM 27 July 2026,0.54 kWh,$0.20,actual
09:00AM 27 July 2026,0.56 kWh,$0.21,actual
10:00AM 27 July 2026,0.94 kWh,$0.31,actual
11:00AM 27 July 2026,1.37 kWh,$0.42,actual
12:00PM 27 July 2026,2.66 kWh,$0.77,actual
01:00PM 27 July 2026,2.09 kWh,$0.62,actual
02:00PM 27 July 2026,0.82 kWh,$0.28,actual
03:00PM 27 July 2026,2.62 kWh,$0.76,actual
04:00PM 27 July 2026,3.88 kWh,$1.10,actual
05:00PM 27 July 2026,1.86 kWh,$0.55,actual
06:00PM 27 July 2026,5.14 kWh,$1.43,powerShout
07:00PM 27 July 2026,4.67 kWh,$1.31,actual
08:00PM 27 July 2026,4.10 kWh,$1.16,actual
09:00PM 27 July 2026,4.21 kWh,$0.76,actual
10:00PM 27 July 2026,3.94 kWh,$0.72,actual
11:00PM 27 July 2026,4.78 kWh,$0.86,actual
12:00AM 28 July 2026,5.01 kWh,$0.90,actual
01:00AM 28 July 2026,5.14 kWh,$0.92,actual
02:00AM 28 July 2026,5.47 kWh,$0.98,actual
03:00AM 28 July 2026,5.35 kWh,$0.96,actual
04:00AM 28 July 2026,3.09 kWh,$0.58,actual
05:00AM 28 July 2026,2.82 kWh,$0.53,actual
06:00AM 28 July 2026,3.87 kWh,$0.71,actual
07:00AM 28 July 2026,5.00 kWh,$1.40,actual
08:00AM 28 July 2026,3.72 kWh,$1.05,actual
09:00AM 28 July 2026,3.35 kWh,$0.95,actual
10:00AM 28 July 2026,1.87 kWh,$0.56,actual
11:00AM 28 July 2026,1.51 kWh,$0.46,actual
12:00PM 28 July 2026,3.25 kWh,$0.93,actual
01:00PM 28 July 2026,0.85 kWh,$0.28,actual
02:00PM 28 July 2026,1.21 kWh,$0.38,actual
03:00PM 28 July 2026,1.26 kWh,$0.39,actual
04:00PM 28 July 2026,3.33 kWh,$0.95,actual
05:00PM 28 July 2026,5.17 kWh,$1.44,actual
06:00PM 28 July 2026,6.31 kWh,$1.75,powerShout
07:00PM 28 July 2026,4.51 kWh,$1.26,actual
08:00PM 28 July 2026,2.96 kWh,$0.85,actual
09:00PM 28 July 2026,3.85 kWh,$0.70,actual
10:00PM 28 July 2026,3.21 kWh,$0.60,actual
11:00PM 28 July 2026,3.69 kWh,$0.68,actual
12:00AM 29 July 2026,4.92 kWh,$0.88,actual
01:00AM 29 July 2026,4.40 kWh,$0.80,actual
02:00AM 29 July 2026,4.53 kWh,$0.82,actual
03:00AM 29 July 2026,4.48 kWh,$0.81,actual
04:00AM 29 July 2026,4.53 kWh,$0.82,actual
05:00AM 29 July 2026,2.43 kWh,$0.46,actual
06:00AM 29 July 2026,2.26 kWh,$0.44,actual
07:00AM 29 July 2026,2.42 kWh,$0.70,actual
08:00AM 29 July 2026,1.52 kWh,$0.46,actual
09:00AM 29 July 2026,1.59 kWh,$0.48,actual
10:00AM 29 July 2026,0.85 kWh,$0.28,actual
11:00AM 29 July 2026,0.83 kWh,$0.28,actual
12:00PM 29 July 2026,1.03 kWh,$0.33,actual
01:00PM 29 July 2026,0.93 kWh,$0.30,actual
02:00PM 29 July 2026,0.90 kWh,$0.30,actual
03:00PM 29 July 2026,0.37 kWh,$0.15,actual
04:00PM 29 July 2026,0.96 kWh,$0.31,actual
05:00PM 29 July 2026,3.00 kWh,$0.86,actual
06:00PM 29 July 2026,6.53 kWh,$1.81,powerShout
07:00PM 29 July 2026,4.23 kWh,$1.19,actual
08:00PM 29 July 2026,3.26 kWh,$0.93,actual
09:00PM 29 July 2026,3.51 kWh,$0.65,actual
10:00PM 29 July 2026,4.20 kWh,$0.76,actual
11:00PM 29 July 2026,4.34 kWh,$0.79,actual
12:00AM 30 July 2026,5.25 kWh,$0.94,actual
01:00AM 30 July 2026,4.92 kWh,$0.88,actual
02:00AM 30 July 2026,4.93 kWh,$0.88,actual
03:00AM 30 July 2026,4.88 kWh,$0.88,actual
04:00AM 30 July 2026,4.18 kWh,$0.76,actual
05:00AM 30 July 2026,2.36 kWh,$0.45,actual
06:00AM 30 July 2026,2.11 kWh,$0.41,actual
07:00AM 30 July 2026,2.90 kWh,$0.83,actual
08:00AM 30 July 2026,1.93 kWh,$0.57,actual
09:00AM 30 July 2026,1.62 kWh,$0.49,actual
10:00AM 30 July 2026,1.74 kWh,$0.52,actual
11:00AM 30 July 2026,1.06 kWh,$0.34,actual
12:00PM 30 July 2026,1.00 kWh,$0.32,actual
01:00PM 30 July 2026,0.37 kWh,$0.15,actual
02:00PM 30 July 2026,1.07 kWh,$0.34,actual
03:00PM 30 July 2026,2.49 kWh,$0.72,actual
04:00PM 30 July 2026,1.12 kWh,$0.36,actual
05:00PM 30 July 2026,1.06 kWh,$0.34,actual
06:00PM 30 July 2026,2.68 kWh,$0.77,actual
07:00PM 30 July 2026,3.70 kWh,$1.05,actual
08:00PM 30 July 2026,2.79 kWh,$0.80,actual
09:00PM 30 July 2026,4.05 kWh,$0.74,actual
10:00PM 30 July 2026,3.68 kWh,$0.67,actual
11:00PM 30 July 2026,3.17 kWh,$0.59,actual
12:00AM 31 July 2026,4.45 kWh,$0.80,actual
01:00AM 31 July 2026,4.45 kWh,$0.80,actual
02:00AM 31 July 2026,4.43 kWh,$0.80,actual
03:00AM 31 July 2026,1.89 kWh,$0.37,actual
04:00AM 31 July 2026,1.89 kWh,$0.37,actual
05:00AM 31 July 2026,1.76 kWh,$0.35,actual
06:00AM 31 July 2026,3.32 kWh,$0.61,actual
07:00AM 31 July 2026,2.27 kWh,$0.66,actual
08:00AM 31 July 2026,1.96 kWh,$0.58,actual
09:00AM 31 July 2026,1.88 kWh,$0.56,actual
10:00AM 31 July 2026,1.39 kWh,$0.43,actual
11:00AM 31 July 2026,2.15 kWh,$0.63,actual
12:00PM 31 July 2026,1.51 kWh,$0.46,actual
01:00PM 31 July 2026,0.99 kWh,$0.32,actual
02:00PM 31 July 2026,1.10 kWh,$0.35,actual
03:00PM 31 July 2026,0.90 kWh,$0.30,actual
04:00PM 31 July 2026,2.99 kWh,$0.86,actual
05:00PM 31 July 2026,2.08 kWh,$0.61,actual
06:00PM 31 July 2026,3.71 kWh,$1.05,actual
07:00PM 31 July 2026,4.86 kWh,$1.36,actual
08:00PM 31 July 2026,3.17 kWh,$0.91,actual
09:00PM 31 July 2026,3.63 kWh,$0.67,actual
10:00PM 31 July 2026,3.87 kWh,$0.71,actual
11:00PM 31 July 2026,3.39 kWh,$0.63,actual
12:00AM 1 August 2026,4.45 kWh,$0.80,actual
01:00AM 1 August 2026,4.61 kWh,$0.83,actual
02:00AM 1 August 2026,4.66 kWh,$0.84,actual
03:00AM 1 August 2026,3.36 kWh,$0.62,actual
04:00AM 1 August 2026,1.94 kWh,$0.38,actual
05:00AM 1 August 2026,1.75 kWh,$0.35,actual
06:00AM 1 August 2026,1.79 kWh,$0.36,actual
07:00AM 1 August 2026,3.67 kWh,$1.04,actual
08:00AM 1 August 2026,4.50 kWh,$1.26,actual
09:00AM 1 August 2026,4.11 kWh,$1.16,actual
10:00AM 1 August 2026,3.24 kWh,$0.92,actual
11:00AM 1 August 2026,3.19 kWh,$0.91,actual
12:00PM 1 August 2026,1.85 kWh,$0.55,actual
01:00PM 1 August 2026,1.21 kWh,$0.38,actual
02:00PM 1 August 2026,1.68 kWh,$0.51,actual
03:00PM 1 August 2026,1.52 kWh,$0.46,actual
04:00PM 1 August 2026,4.06 kWh,$1.14,actual
05:00PM 1 August 2026,4.64 kWh,$1.30,actual
06:00PM 1 August 2026,4.35 kWh,$1.22,actual
07:00PM 1 August 2026,4.09 kWh,$1.15,actual
08:00PM 1 August 2026,3.26 kWh,$0.93,actual
09:00PM 1 August 2026,4.65 kWh,$0.84,actual
10:00PM 1 August 2026,4.70 kWh,$0.85,actual
11:00PM 1 August 2026,3.94 kWh,$0.72,actual
12:00AM 2 August 2026,4.83 kWh,$0.87,actual
01:00AM 2 August 2026,4.82 kWh,$0.87,actual
02:00AM 2 August 2026,5.03 kWh,$0.90,actual
03:00AM 2 August 2026,5.78 kWh,$1.03,actual
04:00AM 2 August 2026,5.79 kWh,$1.03,actual
05:00AM 2 August 2026,3.23 kWh,$0.60,actual
06:00AM 2 August 2026,5.53 kWh,$0.98,actual
07:00AM 2 August 2026,4.91 kWh,$1.37,actual
08:00AM 2 August 2026,3.31 kWh,$0.94,actual
09:00AM 2 August 2026,2.49 kWh,$0.72,actual
10:00AM 2 August 2026,2.34 kWh,$0.68,actual
11:00AM 2 August 2026,0.97 kWh,$0.32,actual
12:00PM 2 August 2026,2.19 kWh,$0.64,actual
01:00PM 2 August 2026,2.59 kWh,$0.75,actual
02:00PM 2 August 2026,1.13 kWh,$0.36,actual
03:00PM 2 August 2026,0.53 kWh,$0.20,actual
04:00PM 2 August 2026,0.58 kWh,$0.21,actual
05:00PM 2 August 2026,2.11 kWh,$0.62,actual
06:00PM 2 August 2026,4.17 kWh,$1.18,actual
07:00PM 2 August 2026,2.77 kWh,$0.80,actual
08:00PM 2 August 2026,3.97 kWh,$1.12,actual
09:00PM 2 August 2026,4.41 kWh,$0.80,actual
10:00PM 2 August 2026,4.01 kWh,$0.73,actual
11:00PM 2 August 2026,5.51 kWh,$0.98,actual
12:00AM 3 August 2026,4.83 kWh,$0.87,actual
01:00AM 3 August 2026,4.83 kWh,$0.87,actual
02:00AM 3 August 2026,4.88 kWh,$0.88,actual
03:00AM 3 August 2026,4.92 kWh,$0.88,actual
04:00AM 3 August 2026,4.99 kWh,$0.90,actual
05:00AM 3 August 2026,4.32 kWh,$0.78,actual
06:00AM 3 August 2026,5.47 kWh,$0.98,actual
07:00AM 3 August 2026,4.07 kWh,$1.15,actual
08:00AM 3 August 2026,2.34 kWh,$0.68,actual
09:00AM 3 August 2026,1.43 kWh,$0.44,actual
10:00AM 3 August 2026,1.24 kWh,$0.39,actual
11:00AM 3 August 2026,1.98 kWh,$0.59,actual
12:00PM 3 August 2026,2.08 kWh,$0.61,actual
01:00PM 3 August 2026,0.70 kWh,$0.24,actual
02:00PM 3 August 2026,0.83 kWh,$0.28,actual
03:00PM 3 August 2026,1.81 kWh,$0.54,actual
04:00PM 3 August 2026,0.71 kWh,$0.25,actual
05:00PM 3 August 2026,1.90 kWh,$0.57,actual
06:00PM 3 August 2026,5.35 kWh,$1.49,actual
07:00PM 3 August 2026,5.55 kWh,$1.55,actual
08:00PM 3 August 2026,3.26 kWh,$0.93,actual
09:00PM 3 August 2026,2.84 kWh,$0.53,actual
10:00PM 3 August 2026,3.13 kWh,$0.58,actual
11:00PM 3 August 2026,4.43 kWh,$0.80,actual
12:00AM 4 August 2026,4.85 kWh,$0.87,actual
01:00AM 4 August 2026,4.73 kWh,$0.85,actual
02:00AM 4 August 2026,4.71 kWh,$0.85,actual
03:00AM 4 August 2026,4.67 kWh,$0.84,actual
04:00AM 4 August 2026,1.92 kWh,$0.38,actual
05:00AM 4 August 2026,2.28 kWh,$0.44,actual
06:00AM 4 August 2026,1.97 kWh,$0.39,actual
07:00AM 4 August 2026,4.72 kWh,$1.32,actual
08:00AM 4 August 2026,3.38 kWh,$0.96,actual
09:00AM 4 August 2026,3.11 kWh,$0.89,actual
10:00AM 4 August 2026,3.50 kWh,$0.99,actual
11:00AM 4 August 2026,2.12 kWh,$0.62,actual
12:00PM 4 August 2026,0.44 kWh,$0.17,actual
01:00PM 4 August 2026,3.44 kWh,$0.98,actual
02:00PM 4 August 2026,2.44 kWh,$0.71,actual
03:00PM 4 August 2026,2.66 kWh,$0.77,actual
04:00PM 4 August 2026,4.09 kWh,$1.15,actual
05:00PM 4 August 2026,4.55 kWh,$1.28,actual
06:00PM 4 August 2026,3.86 kWh,$1.09,actual
07:00PM 4 August 2026,6.33 kWh,$1.75,actual
08:00PM 4 August 2026,4.47 kWh,$1.25,actual
09:00PM 4 August 2026,4.34 kWh,$0.79,actual
10:00PM 4 August 2026,4.88 kWh,$0.88,actual
11:00PM 4 August 2026,4.69 kWh,$0.84,actual
12:00AM 5 August 2026,5.34 kWh,$0.95,actual
01:00AM 5 August 2026,5.35 kWh,$0.96,actual
02:00AM 5 August 2026,5.41 kWh,$0.96,actual
03:00AM 5 August 2026,5.34 kWh,$0.95,actual
04:00AM 5 August 2026,4.00 kWh,$0.73,actual
05:00AM 5 August 2026,2.89 kWh,$0.54,actual
06:00AM 5 August 2026,6.01 kWh,$1.07,actual
07:00AM 5 August 2026,3.71 kWh,$1.05,actual
08:00AM 5 August 2026,2.15 kWh,$0.63,actual
09:00AM 5 August 2026,1.45 kWh,$0.45,actual
10:00AM 5 August 2026,1.35 kWh,$0.42,actual
11:00AM 5 August 2026,0.88 kWh,$0.29,actual
12:00PM 5 August 2026,0.71 kWh,$0.25,actual
01:00PM 5 August 2026,0.56 kWh,$0.21,actual
02:00PM 5 August 2026,0.72 kWh,$0.25,actual
03:00PM 5 August 2026,1.12 kWh,$0.36,actual
04:00PM 5 August 2026,3.72 kWh,$1.05,actual
05:00PM 5 August 2026,1.60 kWh,$0.49,actual
06:00PM 5 August 2026,5.06 kWh,$1.41,actual
07:00PM 5 August 2026,4.78 kWh,$1.34,actual
08:00PM 5 August 2026,3.53 kWh,$1.00,actual
09:00PM 5 August 2026,4.22 kWh,$0.77,actual
10:00PM 5 August 2026,4.37 kWh,$0.79,actual
11:00PM 5 August 2026,4.22 kWh,$0.77,actual
12:00AM 6 August 2026,5.16 kWh,$0.92,actual
01:00AM 6 August 2026,5.25 kWh,$0.94,actual
02:00AM 6 August 2026,5.27 kWh,$0.94,actual
03:00AM 6 August 2026,5.27 kWh,$0.94,actual
04:00AM 6 August 2026,5.98 kWh,$1.06,actual
05:00AM 6 August 2026,5.54 kWh,$0.99,actual
06:00AM 6 August 2026,4.01 kWh,$0.73,actual
07:00AM 6 August 2026,3.91 kWh,$1.10,actual
08:00AM 6 August 2026,3.46 kWh,$0.98,actual
09:00AM 6 August 2026,2.65 kWh,$0.77,actual
10:00AM 6 August 2026,0.48 kWh,$0.18,actual
11:00AM 6 August 2026,1.34 kWh,$0.42,actual
12:00PM 6 August 2026,0.59 kWh,$0.21,actual
01:00PM 6 August 2026,0.43 kWh,$0.17,actual
02:00PM 6 August 2026,0.44 kWh,$0.17,actual
03:00PM 6 August 2026,2.87 kWh,$0.83,actual
04:00PM 6 August 2026,1.79 kWh,$0.54,actual
05:00PM 6 August 2026,1.88 kWh,$0.56,actual
06:00PM 6 August 2026,3.46 kWh,$0.98,actual
07:00PM 6 August 2026,5.73 kWh,$1.59,actual
08:00PM 6 August 2026,4.26 kWh,$1.20,actual
09:00PM 6 August 2026,5.16 kWh,$0.92,actual
10:00PM 6 August 2026,4.16 kWh,$0.75,actual
11:00PM 6 August 2026,4.55 kWh,$0.82,actual
12:00AM 7 August 2026,5.21 kWh,$0.93,actual
01:00AM 7 August 2026,4.91 kWh,$0.88,actual
02:00AM 7 August 2026,4.86 kWh,$0.87,actual
03:00AM 7 August 2026,3.05 kWh,$0.57,actual
04:00AM 7 August 2026,2.30 kWh,$0.44,actual
05:00AM 7 August 2026,1.74 kWh,$0.35,actual
06:00AM 7 August 2026,4.83 kWh,$0.87,actual
07:00AM 7 August 2026,4.07 kWh,$1.15,actual
08:00AM 7 August 2026,3.30 kWh,$0.94,actual
09:00AM 7 August 2026,2.53 kWh,$0.73,actual
10:00AM 7 August 2026,2.08 kWh,$0.61,actual
11:00AM 7 August 2026,1.52 kWh,$0.46,actual
12:00PM 7 August 2026,1.61 kWh,$0.49,actual
01:00PM 7 August 2026,1.04 kWh,$0.33,actual
02:00PM 7 August 2026,0.98 kWh,$0.32,actual
03:00PM 7 August 2026,1.18 kWh,$0.37,actual
04:00PM 7 August 2026,4.11 kWh,$1.16,actual
05:00PM 7 August 2026,2.46 kWh,$0.72,actual
06:00PM 7 August 2026,2.66 kWh,$0.77,actual
07:00PM 7 August 2026,4.94 kWh,$1.38,actual
08:00PM 7 August 2026,3.47 kWh,$0.99,actual
09:00PM 7 August 2026,4.70 kWh,$0.85,actual
10:00PM 7 August 2026,4.11 kWh,$0.75,actual
11:00PM 7 August 2026,3.89 kWh,$0.71,actual
12:00AM 8 August 2026,4.88 kWh,$0.88,actual
01:00AM 8 August 2026,4.86 kWh,$0.87,actual
02:00AM 8 August 2026,5.00 kWh,$0.90,actual
03:00AM 8 August 2026,3.60 kWh,$0.66,actual
04:00AM 8 August 2026,2.22 kWh,$0.43,actual
05:00AM 8 August 2026,2.26 kWh,$0.44,actual
06:00AM 8 August 2026,1.86 kWh,$0.37,actual
07:00AM 8 August 2026,3.56 kWh,$1.01,actual
08:00AM 8 August 2026,2.76 kWh,$0.80,actual
09:00AM 8 August 2026,2.53 kWh,$0.73,actual
10:00AM 8 August 2026,3.20 kWh,$0.91,actual
11:00AM 8 August 2026,3.01 kWh,$0.86,actual
12:00PM 8 August 2026,1.60 kWh,$0.48,actual
01:00PM 8 August 2026,0.57 kWh,$0.21,actual
02:00PM 8 August 2026,2.43 kWh,$0.71,actual
03:00PM 8 August 2026,2.05 kWh,$0.60,actual
04:00PM 8 August 2026,2.60 kWh,$0.75,actual
05:00PM 8 August 2026,3.79 kWh,$1.07,actual
06:00PM 8 August 2026,4.83 kWh,$1.35,actual
07:00PM 8 August 2026,3.72 kWh,$1.05,actual
08:00PM 8 August 2026,3.24 kWh,$0.92,actual
09:00PM 8 August 2026,3.83 kWh,$0.70,actual
10:00PM 8 August 2026,2.66 kWh,$0.50,actual
11:00PM 8 August 2026,2.11 kWh,$0.41,actual
12:00AM 9 August 2026,3.65 kWh,$0.67,actual
01:00AM 9 August 2026,4.53 kWh,$0.82,actual
02:00AM 9 August 2026,4.51 kWh,$0.81,actual
03:00AM 9 August 2026,4.47 kWh,$0.81,actual
04:00AM 9 August 2026,4.46 kWh,$0.81,actual
05:00AM 9 August 2026,2.21 kWh,$0.43,actual
06:00AM 9 August 2026,2.71 kWh,$0.51,actual
07:00AM 9 August 2026,2.94 kWh,$0.84,actual
08:00AM 9 August 2026,3.04 kWh,$0.87,actual
09:00AM 9 August 2026,0.75 kWh,$0.26,actual
10:00AM 9 August 2026,1.36 kWh,$0.42,actual
11:00AM 9 August 2026,1.28 kWh,$0.40,actual
12:00PM 9 August 2026,1.10 kWh,$0.35,actual
01:00PM 9 August 2026,0.94 kWh,$0.31,actual
02:00PM 9 August 2026,1.00 kWh,$0.32,actual
03:00PM 9 August 2026,0.36 kWh,$0.15,actual
04:00PM 9 August 2026,2.48 kWh,$0.72,actual
05:00PM 9 August 2026,1.55 kWh,$0.47,actual
06:00PM 9 August 2026,2.65 kWh,$0.77,actual
07:00PM 9 August 2026,3.25 kWh,$0.93,actual
08:00PM 9 August 2026,4.28 kWh,$1.20,actual
09:00PM 9 August 2026,3.31 kWh,$0.61,actual
10:00PM 9 August 2026,3.54 kWh,$0.65,actual
11:00PM 9 August 2026,3.96 kWh,$0.72,actual
12:00AM 10 August 2026,4.93 kWh,$0.89,actual
01:00AM 10 August 2026,4.93 kWh,$0.88,actual
02:00AM 10 August 2026,4.92 kWh,$0.88,actual
03:00AM 10 August 2026,4.88 kWh,$0.88,actual
04:00AM 10 August 2026,4.38 kWh,$0.79,actual
05:00AM 10 August 2026,2.34 kWh,$0.45,actual
06:00AM 10 August 2026,4.75 kWh,$0.86,actual
07:00AM 10 August 2026,3.62 kWh,$1.03,actual
08:00AM 10 August 2026,1.37 kWh,$0.42,actual
09:00AM 10 August 2026,1.37 kWh,$0.42,actual
10:00AM 10 August 2026,1.74 kWh,$0.52,actual
11:00AM 10 August 2026,2.23 kWh,$0.65,actual
12:00PM 10 August 2026,1.70 kWh,$0.51,actual
01:00PM 10 August 2026,1.53 kWh,$0.47,actual
02:00PM 10 August 2026,1.92 kWh,$0.57,actual
03:00PM 10 August 2026,2.16 kWh,$0.63,actual
04:00PM 10 August 2026,1.19 kWh,$0.37,actual
05:00PM 10 August 2026,2.98 kWh,$0.86,actual
06:00PM 10 August 2026,5.78 kWh,$1.61,actual
07:00PM 10 August 2026,4.37 kWh,$1.23,actual
08:00PM 10 August 2026,3.53 kWh,$1.00,actual
09:00PM 10 August 2026,4.26 kWh,$0.77,actual
10:00PM 10 August 2026,4.03 kWh,$0.73,actual
11:00PM 10 August 2026,4.39 kWh,$0.79,actual
12:00AM 11 August 2026,4.97 kWh,$0.89,actual
01:00AM 11 August 2026,4.93 kWh,$0.88,actual
02:00AM 11 August 2026,5.07 kWh,$0.91,actual
03:00AM 11 August 2026,3.15 kWh,$0.58,actual
04:00AM 11 August 2026,2.35 kWh,$0.45,actual
05:00AM 11 August 2026,2.55 kWh,$0.48,actual
06:00AM 11 August 2026,4.16 kWh,$0.76,actual
07:00AM 11 August 2026,5.36 kWh,$1.49,actual
08:00AM 11 August 2026,3.00 kWh,$0.86,actual
09:00AM 11 August 2026,2.89 kWh,$0.83,actual
10:00AM 11 August 2026,1.06 kWh,$0.34,actual
11:00AM 11 August 2026,0.90 kWh,$0.30,actual
12:00PM 11 August 2026,1.38 kWh,$0.43,actual
01:00PM 11 August 2026,1.23 kWh,$0.39,actual
02:00PM 11 August 2026,2.24 kWh,$0.66,actual
03:00PM 11 August 2026,0.71 kWh,$0.25,actual
04:00PM 11 August 2026,3.90 kWh,$1.10,actual
05:00PM 11 August 2026,4.41 kWh,$1.24,actual
06:00PM 11 August 2026,3.83 kWh,$1.08,actual
07:00PM 11 August 2026,3.27 kWh,$0.93,actual
08:00PM 11 August 2026,3.41 kWh,$0.97,actual
09:00PM 11 August 2026,3.56 kWh,$0.65,actual
10:00PM 11 August 2026,2.89 kWh,$0.54,actual
11:00PM 11 August 2026,2.80 kWh,$0.53,actual
12:00AM 12 August 2026,3.60 kWh,$0.66,actual
01:00AM 12 August 2026,3.52 kWh,$0.65,actual
02:00AM 12 August 2026,3.56 kWh,$0.65,actual
03:00AM 12 August 2026,3.56 kWh,$0.65,actual
04:00AM 12 August 2026,3.53 kWh,$0.65,actual
05:00AM 12 August 2026,1.46 kWh,$0.30,actual
06:00AM 12 August 2026,2.70 kWh,$0.51,actual
07:00AM 12 August 2026,3.65 kWh,$1.04,actual
08:00AM 12 August 2026,2.46 kWh,$0.72,actual
09:00AM 12 August 2026,1.94 kWh,$0.58,actual
10:00AM 12 August 2026,0.88 kWh,$0.29,actual
11:00AM 12 August 2026,1.61 kWh,$0.49,actual
12:00PM 12 August 2026,0.97 kWh,$0.32,actual
01:00PM 12 August 2026,0.79 kWh,$0.27,actual
02:00PM 12 August 2026,0.48 kWh,$0.18,actual
03:00PM 12 August 2026,0.37 kWh,$0.16,actual
04:00PM 12 August 2026,1.11 kWh,$0.35,actual
05:00PM 12 August 2026,2.44 kWh,$0.71,actual
06:00PM 12 August 2026,5.06 kWh,$1.41,actual
07:00PM 12 August 2026,4.08 kWh,$1.15,actual
08:00PM 12 August 2026,3.42 kWh,$0.97,actual
09:00PM 12 August 2026,4.25 kWh,$0.77,actual
10:00PM 12 August 2026,2.52 kWh,$0.48,actual
11:00PM 12 August 2026,3.12 kWh,$0.58,actual
12:00AM 13 August 2026,4.39 kWh,$0.79,actual
01:00AM 13 August 2026,3.82 kWh,$0.70,actual
02:00AM 13 August 2026,3.87 kWh,$0.71,actual
03:00AM 13 August 2026,3.80 kWh,$0.69,actual
04:00AM 13 August 2026,3.42 kWh,$0.63,actual
05:00AM 13 August 2026,0.52 kWh,$0.14,actual
06:00AM 13 August 2026,3.12 kWh,$0.58,actual
07:00AM 13 August 2026,3.39 kWh,$0.96,actual
08:00AM 13 August 2026,1.63 kWh,$0.49,actual
09:00AM 13 August 2026,2.08 kWh,$0.61,actual
10:00AM 13 August 2026,0.76 kWh,$0.26,actual
11:00AM 13 August 2026,2.47 kWh,$0.72,actual
12:00PM 13 August 2026,1.66 kWh,$0.50,actual
01:00PM 13 August 2026,1.04 kWh,$0.33,actual
02:00PM 13 August 2026,1.81 kWh,$0.54,actual
03:00PM 13 August 2026,2.13 kWh,$0.63,actual
04:00PM 13 August 2026,2.35 kWh,$0.68,actual
05:00PM 13 August 2026,1.72 kWh,$0.52,actual
06:00PM 13 August 2026,1.48 kWh,$0.45,actual
07:00PM 13 August 2026,3.83 kWh,$1.08,actual
08:00PM 13 August 2026,3.18 kWh,$0.91,actual
09:00PM 13 August 2026,4.72 kWh,$0.85,actual
10:00PM 13 August 2026,2.80 kWh,$0.53,actual
11:00PM 13 August 2026,3.11 kWh,$0.58,actual
12:00AM 14 August 2026,3.85 kWh,$0.70,actual
01:00AM 14 August 2026,3.79 kWh,$0.69,actual
02:00AM 14 August 2026,3.80 kWh,$0.69,actual
03:00AM 14 August 2026,3.81 kWh,$0.70,actual
04:00AM 14 August 2026,3.64 kWh,$0.67,actual
05:00AM 14 August 2026,2.18 kWh,$0.42,actual
06:00AM 14 August 2026,2.47 kWh,$0.47,actual
07:00AM 14 August 2026,4.00 kWh,$1.13,actual
08:00AM 14 August 2026,1.60 kWh,$0.48,actual
09:00AM 14 August 2026,2.26 kWh,$0.66,actual
10:00AM 14 August 2026,1.25 kWh,$0.39,actual
11:00AM 14 August 2026,1.69 kWh,$0.51,actual
12:00PM 14 August 2026,1.99 kWh,$0.59,actual
01:00PM 14 August 2026,1.05 kWh,$0.34,actual
02:00PM 14 August 2026,2.26 kWh,$0.66,actual
03:00PM 14 August 2026,2.35 kWh,$0.69,actual
04:00PM 14 August 2026,1.45 kWh,$0.45,actual
05:00PM 14 August 2026,1.09 kWh,$0.35,actual
06:00PM 14 August 2026,2.76 kWh,$0.80,actual
07:00PM 14 August 2026,4.62 kWh,$1.29,actual
08:00PM 14 August 2026,4.15 kWh,$1.17,actual
09:00PM 14 August 2026,3.75 kWh,$0.69,actual
10:00PM 14 August 2026,3.44 kWh,$0.63,actual
11:00PM 14 August 2026,3.52 kWh,$0.65,actual
12:00AM 15 August 2026,4.50 kWh,$0.81,actual
01:00AM 15 August 2026,4.52 kWh,$0.82,actual
02:00AM 15 August 2026,4.47 kWh,$0.81,actual
03:00AM 15 August 2026,4.54 kWh,$0.82,actual
04:00AM 15 August 2026,2.16 kWh,$0.42,actual
05:00AM 15 August 2026,2.01 kWh,$0.39,actual
06:00AM 15 August 2026,1.95 kWh,$0.38,actual
07:00AM 15 August 2026,3.61 kWh,$1.02,actual
08:00AM 15 August 2026,1.68 kWh,$0.51,actual
09:00AM 15 August 2026,1.79 kWh,$0.54,actual
10:00AM 15 August 2026,2.28 kWh,$0.67,actual
11:00AM 15 August 2026,3.89 kWh,$1.10,actual
12:00PM 15 August 2026,5.07 kWh,$1.42,actual
01:00PM 15 August 2026,4.16 kWh,$1.17,actual
02:00PM 15 August 2026,1.07 kWh,$0.34,actual
03:00PM 15 August 2026,0.94 kWh,$0.31,actual
04:00PM 15 August 2026,3.72 kWh,$1.05,actual
05:00PM 15 August 2026,3.71 kWh,$1.05,actual
06:00PM 15 August 2026,4.95 kWh,$1.38,actual
07:00PM 15 August 2026,3.35 kWh,$0.96,actual
08:00PM 15 August 2026,2.88 kWh,$0.83,actual
09:00PM 15 August 2026,4.52 kWh,$0.82,actual
10:00PM 15 August 2026,4.45 kWh,$0.80,actual
11:00PM 15 August 2026,4.39 kWh,$0.79,actual
12:00AM 16 August 2026,5.14 kWh,$0.92,actual
01:00AM 16 August 2026,5.13 kWh,$0.92,actual
02:00AM 16 August 2026,5.16 kWh,$0.92,actual
03:00AM 16 August 2026,5.15 kWh,$0.92,actual
04:00AM 16 August 2026,5.19 kWh,$0.93,actual
05:00AM 16 August 2026,3.81 kWh,$0.70,actual
06:00AM 16 August 2026,4.78 kWh,$0.86,actual
07:00AM 16 August 2026,3.64 kWh,$1.03,actual
08:00AM 16 August 2026,2.56 kWh,$0.74,actual
09:00AM 16 August 2026,1.09 kWh,$0.35,actual
10:00AM 16 August 2026,0.79 kWh,$0.27,actual
11:00AM 16 August 2026,0.86 kWh,$0.29,actual
12:00PM 16 August 2026,3.46 kWh,$0.98,actual
01:00PM 16 August 2026,2.27 kWh,$0.66,actual
02:00PM 16 August 2026,1.09 kWh,$0.35,actual
03:00PM 16 August 2026,0.77 kWh,$0.26,actual
04:00PM 16 August 2026,2.04 kWh,$0.60,actual
05:00PM 16 August 2026,4.50 kWh,$1.26,actual
06:00PM 16 August 2026,3.89 kWh,$1.10,actual
07:00PM 16 August 2026,3.63 kWh,$1.03,actual
08:00PM 16 August 2026,4.53 kWh,$1.27,actual
09:00PM 16 August 2026,4.99 kWh,$0.89,actual
10:00PM 16 August 2026,4.63 kWh,$0.84,actual
11:00PM 16 August 2026,4.70 kWh,$0.85,actual
12:00AM 17 August 2026,5.30 kWh,$0.95,actual
01:00AM 17 August 2026,5.39 kWh,$0.96,actual
02:00AM 17 August 2026,5.36 kWh,$0.96,actual
03:00AM 17 August 2026,5.33 kWh,$0.95,actual
04:00AM 17 August 2026,5.37 kWh,$0.96,actual
05:00AM 17 August 2026,5.30 kWh,$0.95,actual
06:00AM 17 August 2026,5.58 kWh,$0.99,actual
07:00AM 17 August 2026,4.59 kWh,$1.29,actual
08:00AM 17 August 2026,2.56 kWh,$0.74,actual
09:00AM 17 August 2026,1.61 kWh,$0.49,actual
10:00AM 17 August 2026,2.13 kWh,$0.63,actual
11:00AM 17 August 2026,1.48 kWh,$0.45,actual
12:00PM 17 August 2026,1.73 kWh,$0.52,actual
01:00PM 17 August 2026,1.55 kWh,$0.47,actual
02:00PM 17 August 2026,0.85 kWh,$0.28,actual
03:00PM 17 August 2026,2.07 kWh,$0.61,actual
04:00PM 17 August 2026,1.75 kWh,$0.53,actual
05:00PM 17 August 2026,2.34 kWh,$0.68,actual
06:00PM 17 August 2026,5.46 kWh,$1.52,actual
07:00PM 17 August 2026,4.44 kWh,$1.25,actual
08:00PM 17 August 2026,3.89 kWh,$1.10,actual
09:00PM 17 August 2026,4.43 kWh,$0.80,actual
10:00PM 17 August 2026,4.24 kWh,$0.77,actual
11:00PM 17 August 2026,4.76 kWh,$0.86,actual
